stim1,stim2,stim3
1,她们甚至没涉及什么利益。,+
2,她们甚至涉及什么利益。,-
3,他们甚至没巩固什么和解。,+
4,他们甚至巩固什么和解。,-
5,他们甚至没算什么time。,+
6,他们甚至算什么time。,-
7,她们甚至没远离什么年代。,+
8,她们甚至远离什么年代。,-
9,她们甚至没综观什么全球。,+
10,她们甚至综观什么全球。,-
11,他甚至没搞什么保护主义。,+
12,他甚至搞什么保护主义。,-
13,他们甚至没开什么总结会。,+
14,他们甚至开什么总结会。,-
15,他们甚至没交纳什么部分。,+
16,他们甚至交纳什么部分。,-
17,他们甚至没填写什么推荐人。,+
18,他们甚至填写什么推荐人。,-
19,她们甚至没听见什么雷声。,+
20,她们甚至听见什么雷声。,-
21,他们甚至没列入什么大纲。,+
22,他们甚至列入什么大纲。,-
23,她们甚至没利用什么贷款。,+
24,她们甚至利用什么贷款。,-
25,他们甚至没进行什么磋商。,+
26,他们甚至进行什么磋商。,-
27,他们甚至没返回什么会谈。,+
28,他们甚至返回什么会谈。,-
29,他们甚至没申请什么学校。,+
30,他们甚至申请什么学校。,-
31,他们甚至没张开什么嘴巴。,+
32,他们甚至张开什么嘴巴。,-
33,她们甚至没投入什么资金。,+
34,她们甚至投入什么资金。,-
35,他们甚至没造成什么热潮。,+
36,他们甚至造成什么热潮。,-
37,她们甚至没表演什么节目。,+
38,她们甚至表演什么节目。,-
39,她们甚至没兴建什么医院。,+
40,她们甚至兴建什么医院。,-
41,她甚至没投掷什么石块儿。,+
42,她甚至投掷什么石块儿。,-
43,他们甚至没任命什么主任。,+
44,他们甚至任命什么主任。,-
45,她们甚至没输入什么拼音。,+
46,她们甚至输入什么拼音。,-
47,他们甚至没祝贺什么生日。,+
48,他们甚至祝贺什么生日。,-
49,他们甚至没清理什么路面。,+
50,他们甚至清理什么路面。,-
51,她们甚至没聘用什么人才。,+
52,她们甚至聘用什么人才。,-
53,她们甚至没树立什么示范。,+
54,她们甚至树立什么示范。,-
55,她们甚至没申请什么样张。,+
56,她们甚至申请什么样张。,-
57,她们甚至没惊动什么公安部。,+
58,她们甚至惊动什么公安部。,-
59,他们甚至没呈现什么格局。,+
60,他们甚至呈现什么格局。,-
61,她们甚至没描述什么女人。,+
62,她们甚至描述什么女人。,-
63,她们甚至没组装什么成品。,+
64,她们甚至组装什么成品。,-
65,他们甚至没送上什么法庭。,+
66,他们甚至送上什么法庭。,-
67,他们甚至没启动什么消费。,+
68,他们甚至启动什么消费。,-
69,她们甚至没打败什么敌人。,+
70,她们甚至打败什么敌人。,-
71,她们甚至没迁居什么他乡。,+
72,她们甚至迁居什么他乡。,-
73,她们甚至没付清什么金额。,+
74,她们甚至付清什么金额。,-
75,他甚至没引起什么好奇心。,+
76,他甚至引起什么好奇心。,-
77,他们甚至没关照什么孩子。,+
78,他们甚至关照什么孩子。,-
79,她们甚至没找什么老年人。,+
80,她们甚至找什么老年人。,-
81,她们甚至没做什么核磁共振。,+
82,她们甚至做什么核磁共振。,-
83,她们甚至没利用什么虚拟机。,+
84,她们甚至利用什么虚拟机。,-
85,他们甚至没丢什么自行车。,+
86,他们甚至丢什么自行车。,-
87,他们甚至没涉及什么稳定。,+
88,他们甚至涉及什么稳定。,-
89,他们甚至没开辟什么来源。,+
90,他们甚至开辟什么来源。,-
91,她们甚至没竞选什么联任。,+
92,她们甚至竞选什么联任。,-
93,她们甚至没实施什么开放。,+
94,她们甚至实施什么开放。,-
95,她们甚至没饱受什么诟病。,+
96,她们甚至饱受什么诟病。,-
97,她们甚至没抓好什么教育。,+
98,她们甚至抓好什么教育。,-
99,他们甚至没误导什么读者。,+
100,他们甚至误导什么读者。,-
101,她们甚至没树立什么风尚。,+
102,她们甚至树立什么风尚。,-
103,他们甚至没借用什么贷款。,+
104,他们甚至借用什么贷款。,-
105,她们甚至没平息什么局势。,+
106,她们甚至平息什么局势。,-
107,她们甚至没引爆什么冲突。,+
108,她们甚至引爆什么冲突。,-
109,她们甚至没take什么课。,+
110,她们甚至take什么课。,-
111,他们甚至没促进什么建设。,+
112,他们甚至促进什么建设。,-
113,她们甚至没打什么知名度。,+
114,她们甚至打什么知名度。,-
115,他们甚至没变成什么热点。,+
116,他们甚至变成什么热点。,-
117,她们甚至没操控什么市场。,+
118,她们甚至操控什么市场。,-
119,他们甚至没借助什么改良。,+
120,他们甚至借助什么改良。,-
121,他们甚至没约束什么孩子。,+
122,他们甚至约束什么孩子。,-
123,她们甚至没认识什么对方。,+
124,她们甚至认识什么对方。,-
125,他们甚至没频传什么纵火案。,+
126,他们甚至频传什么纵火案。,-
127,她们甚至没主修什么工程。,+
128,她们甚至主修什么工程。,-
129,他们甚至没发放什么定心丸。,+
130,他们甚至发放什么定心丸。,-
131,他甚至没计算什么GDP。,+
132,他甚至计算什么GDP。,-
133,她甚至没准备什么笔记本。,+
134,她甚至准备什么笔记本。,-
135,她们甚至没使用什么机械。,+
136,她们甚至使用什么机械。,-
137,她们甚至没控告什么杂志。,+
138,她们甚至控告什么杂志。,-
139,他们甚至没复习什么省考。,+
140,他们甚至复习什么省考。,-
141,他们甚至没实现什么联盟。,+
142,他们甚至实现什么联盟。,-
143,他们甚至没看见什么BB。,+
144,他们甚至看见什么BB。,-
145,她们甚至没反问什么老师。,+
146,她们甚至反问什么老师。,-
147,他们甚至没扩大什么再生产。,+
148,他们甚至扩大什么再生产。,-
149,她们甚至没宣扬什么台独。,+
150,她们甚至宣扬什么台独。,-
151,他们甚至没进行什么仲裁。,+
152,他们甚至进行什么仲裁。,-
153,他们甚至没严守什么中立。,+
154,他们甚至严守什么中立。,-
155,他甚至没搞什么玩儿意儿。,+
156,他甚至搞什么玩儿意儿。,-
157,她们甚至没杀成什么重伤。,+
158,她们甚至杀成什么重伤。,-
159,她们甚至没远隔什么千山万水。,+
160,她们甚至远隔什么千山万水。,-
161,他们甚至没颁布什么举措。,+
162,他们甚至颁布什么举措。,-
163,他们甚至没召唤什么力量。,+
164,他们甚至召唤什么力量。,-
165,他们甚至没走向什么法治化。,+
166,他们甚至走向什么法治化。,-
167,他们甚至没设计什么程式。,+
168,他们甚至设计什么程式。,-
169,她们甚至没接受什么专访。,+
170,她们甚至接受什么专访。,-
171,他们甚至没增加什么军售。,+
172,他们甚至增加什么军售。,-
173,她们甚至没使用什么燃料。,+
174,她们甚至使用什么燃料。,-
175,她们甚至没放宽什么视野。,+
176,她们甚至放宽什么视野。,-
177,她们甚至没担负什么责任。,+
178,她们甚至担负什么责任。,-
179,她们甚至没考虑什么道路。,+
180,她们甚至考虑什么道路。,-
181,他们甚至没开开什么眼界。,+
182,他们甚至开开什么眼界。,-
183,他甚至没减排什么二氧化碳。,+
184,他甚至减排什么二氧化碳。,-
185,她们甚至没进行什么评价。,+
186,她们甚至进行什么评价。,-
187,他们甚至没否认什么事件。,+
188,他们甚至否认什么事件。,-
189,她们甚至没增加什么产量。,+
190,她们甚至增加什么产量。,-
191,他甚至没痛恨什么共产主义。,+
192,他甚至痛恨什么共产主义。,-
193,他们甚至没面向什么海外。,+
194,他们甚至面向什么海外。,-
195,他们甚至没展开什么谈判。,+
196,他们甚至展开什么谈判。,-
197,他们甚至没尝试什么运动。,+
198,他们甚至尝试什么运动。,-
199,他们甚至没符合什么潮流。,+
200,他们甚至符合什么潮流。,-
201,她们甚至没招致什么反击。,+
202,她们甚至招致什么反击。,-
203,他们甚至没住什么养老院。,+
204,他们甚至住什么养老院。,-
205,她们甚至没送上什么轨道。,+
206,她们甚至送上什么轨道。,-
207,他们甚至没放开什么油价。,+
208,他们甚至放开什么油价。,-
209,他们甚至没陷入什么贫困。,+
210,他们甚至陷入什么贫困。,-
211,他们甚至没赚什么人工费。,+
212,他们甚至赚什么人工费。,-
213,她们甚至没满载什么移民。,+
214,她们甚至满载什么移民。,-
215,她们甚至没开放什么自由权。,+
216,她们甚至开放什么自由权。,-
217,他们甚至没闻名什么全球。,+
218,他们甚至闻名什么全球。,-
219,她们甚至没选择什么时候。,+
220,她们甚至选择什么时候。,-
221,他们甚至没推进什么减排。,+
222,他们甚至推进什么减排。,-
223,她们甚至没考什么GRE。,+
224,她们甚至考什么GRE。,-
225,她们甚至没转向什么多元化。,+
226,她们甚至转向什么多元化。,-
227,她们甚至没发射什么卫星。,+
228,她们甚至发射什么卫星。,-
229,他们甚至没减低什么成本。,+
230,他们甚至减低什么成本。,-
231,他们甚至没移交什么政府。,+
232,他们甚至移交什么政府。,-
233,她们甚至没节约什么纸张。,+
234,她们甚至节约什么纸张。,-
235,她们甚至没亮明什么身份。,+
236,她们甚至亮明什么身份。,-
237,他们甚至没陷入什么困境。,+
238,他们甚至陷入什么困境。,-
239,她们甚至没做什么美容师。,+
240,她们甚至做什么美容师。,-
241,他们甚至没举行什么试爆。,+
242,他们甚至举行什么试爆。,-
243,他们甚至没付诸什么实行。,+
244,他们甚至付诸什么实行。,-
245,她们甚至没产生什么分歧。,+
246,她们甚至产生什么分歧。,-
247,她们甚至没吞噬掉什么公寓。,+
248,她们甚至吞噬掉什么公寓。,-
249,她们甚至没担任什么领导。,+
250,她们甚至担任什么领导。,-
251,他们甚至没放归什么自然。,+
252,他们甚至放归什么自然。,-
253,她们甚至没停止什么业务。,+
254,她们甚至停止什么业务。,-
255,他们甚至没信奉什么东政教。,+
256,他们甚至信奉什么东政教。,-
257,她们甚至没标识什么转基因。,+
258,她们甚至标识什么转基因。,-
259,她们甚至没听什么收音机。,+
260,她们甚至听什么收音机。,-
261,她们甚至没改变什么型态。,+
262,她们甚至改变什么型态。,-
263,他们甚至没学习什么东西。,+
264,他们甚至学习什么东西。,-
265,她们甚至没吸引什么眼球。,+
266,她们甚至吸引什么眼球。,-
267,她们甚至没扫荡什么黑金。,+
268,她们甚至扫荡什么黑金。,-
269,他们甚至没离开什么世界。,+
270,他们甚至离开什么世界。,-
271,她们甚至没偏向什么保守。,+
272,她们甚至偏向什么保守。,-
273,她们甚至没申请什么奖学金。,+
274,她们甚至申请什么奖学金。,-
275,他们甚至没购买什么物品。,+
276,他们甚至购买什么物品。,-
277,她们甚至没从事什么职业。,+
278,她们甚至从事什么职业。,-
279,他们甚至没注意什么售价。,+
280,他们甚至注意什么售价。,-
281,她们甚至没适应什么油价。,+
282,她们甚至适应什么油价。,-
283,他们甚至没举行什么活动。,+
284,他们甚至举行什么活动。,-
285,他们甚至没携带什么物品。,+
286,他们甚至携带什么物品。,-
287,她们甚至没防止什么酷刑。,+
288,她们甚至防止什么酷刑。,-
289,他甚至没纯属什么无稽之谈。,+
290,他甚至纯属什么无稽之谈。,-
291,她们甚至没选择什么逃亡。,+
292,她们甚至选择什么逃亡。,-
293,她们甚至没选择什么机构。,+
294,她们甚至选择什么机构。,-
295,她们甚至没接受什么专训。,+
296,她们甚至接受什么专训。,-
297,她们甚至没利用什么邻国。,+
298,她们甚至利用什么邻国。,-
299,他们甚至没控制什么开支。,+
300,他们甚至控制什么开支。,-
301,她们甚至没建什么望乡台。,+
302,她们甚至建什么望乡台。,-
303,她们甚至没进行什么行骗。,+
304,她们甚至进行什么行骗。,-
305,她们甚至没设置什么障碍。,+
306,她们甚至设置什么障碍。,-
307,她们甚至没课以什么重罪。,+
308,她们甚至课以什么重罪。,-
309,他们甚至没使用什么秘术。,+
310,他们甚至使用什么秘术。,-
311,她们甚至没读什么计算机。,+
312,她们甚至读什么计算机。,-
313,她们甚至没确定什么国籍。,+
314,她们甚至确定什么国籍。,-
315,他甚至没翻译成什么英文。,+
316,他甚至翻译成什么英文。,-
317,他们甚至没瞄准什么市场。,+
318,他们甚至瞄准什么市场。,-
319,她们甚至没挑起什么事端。,+
320,她们甚至挑起什么事端。,-
321,她们甚至没爪爪什么耗子。,+
322,她们甚至爪爪什么耗子。,-
323,他们甚至没购买什么债券。,+
324,他们甚至购买什么债券。,-
325,她们甚至没追求什么环保。,+
326,她们甚至追求什么环保。,-
327,他们甚至没购买什么手柄。,+
328,他们甚至购买什么手柄。,-
329,他们甚至没例行什么公事。,+
330,他们甚至例行什么公事。,-
331,他们甚至没接近什么书尾。,+
332,他们甚至接近什么书尾。,-
333,他们甚至没地处什么偏僻。,+
334,他们甚至地处什么偏僻。,-
335,她们甚至没强求什么约定。,+
336,她们甚至强求什么约定。,-
337,他们甚至没送送什么老丈人。,+
338,他们甚至送送什么老丈人。,-
339,他们甚至没强化什么治安。,+
340,他们甚至强化什么治安。,-
341,他们甚至没享受什么和平。,+
342,他们甚至享受什么和平。,-
343,他们甚至没唱什么卡拉OK。,+
344,他们甚至唱什么卡拉OK。,-
345,她们甚至没节省什么开销。,+
346,她们甚至节省什么开销。,-
347,他们甚至没进行什么捕抓。,+
348,他们甚至进行什么捕抓。,-
349,他们甚至没寻找什么物业。,+
350,他们甚至寻找什么物业。,-
351,她们甚至没申报什么财产。,+
352,她们甚至申报什么财产。,-
353,她们甚至没处以什么火刑。,+
354,她们甚至处以什么火刑。,-
355,他们甚至没寻觅什么师资。,+
356,他们甚至寻觅什么师资。,-
357,她们甚至没进行什么批评。,+
358,她们甚至进行什么批评。,-
359,她甚至没形成什么共同体。,+
360,她甚至形成什么共同体。,-
361,他们甚至没复原什么史前陶。,+
362,他们甚至复原什么史前陶。,-
363,他们甚至没接受什么调查。,+
364,他们甚至接受什么调查。,-
365,他们甚至没浪费什么资源。,+
366,他们甚至浪费什么资源。,-
367,他们甚至没符合什么利益。,+
368,他们甚至符合什么利益。,-
369,她们甚至没付什么人民币。,+
370,她们甚至付什么人民币。,-
371,他们甚至没给予什么改造。,+
372,他们甚至给予什么改造。,-
373,她们甚至没取消什么制度。,+
374,她们甚至取消什么制度。,-
375,她们甚至没引发什么事端。,+
376,她们甚至引发什么事端。,-
377,他们甚至没覆盖什么地区。,+
378,他们甚至覆盖什么地区。,-
379,他们甚至没调停什么危机。,+
380,他们甚至调停什么危机。,-
381,她们甚至没进行什么洽谈。,+
382,她们甚至进行什么洽谈。,-
383,她们甚至没消除什么差别。,+
384,她们甚至消除什么差别。,-
385,他们甚至没抚平什么人心。,+
386,他们甚至抚平什么人心。,-
387,他们甚至没咨询什么海关。,+
388,他们甚至咨询什么海关。,-
389,她们甚至没拟定什么企画案。,+
390,她们甚至拟定什么企画案。,-
391,他们甚至没走走什么形式。,+
392,他们甚至走走什么形式。,-
393,她甚至没贯彻落实什么发展观。,+
394,她甚至贯彻落实什么发展观。,-
395,他们甚至没miss什么身体。,+
396,他们甚至miss什么身体。,-
397,她们甚至没实现什么僵局。,+
398,她们甚至实现什么僵局。,-
399,他们甚至没尊重什么版权。,+
400,他们甚至尊重什么版权。,-
401,她们甚至没虐待什么儿童。,+
402,她们甚至虐待什么儿童。,-
403,他们甚至没维护什么大局。,+
404,他们甚至维护什么大局。,-
405,她们甚至没进行什么演习。,+
406,她们甚至进行什么演习。,-
407,她们甚至没涉嫌什么犯罪。,+
408,她们甚至涉嫌什么犯罪。,-
409,她们甚至没担任什么总统。,+
410,她们甚至担任什么总统。,-
411,他们甚至没谋取什么福祉。,+
412,他们甚至谋取什么福祉。,-
413,她们甚至没避免什么伤害。,+
414,她们甚至避免什么伤害。,-
415,他们甚至没爆发什么骚乱。,+
416,他们甚至爆发什么骚乱。,-
417,她们甚至没修建什么铁路。,+
418,她们甚至修建什么铁路。,-
419,她甚至没购买什么电线杆。,+
420,她甚至购买什么电线杆。,-
421,他们甚至没发表什么宣言。,+
422,他们甚至发表什么宣言。,-
423,他们甚至没申请什么空缺。,+
424,他们甚至申请什么空缺。,-
425,她们甚至没寻找什么依据。,+
426,她们甚至寻找什么依据。,-
427,她甚至没讨论什么农村人。,+
428,她甚至讨论什么农村人。,-
429,她们甚至没遭受什么屠杀。,+
430,她们甚至遭受什么屠杀。,-
431,她们甚至没开拓什么市场。,+
432,她们甚至开拓什么市场。,-
433,她们甚至没发展什么西部。,+
434,她们甚至发展什么西部。,-
435,他们甚至没力推什么代理制。,+
436,他们甚至力推什么代理制。,-
437,他们甚至没制定什么法律。,+
438,他们甚至制定什么法律。,-
439,她们甚至没办什么英文报。,+
440,她们甚至办什么英文报。,-
441,他们甚至没进行什么审计。,+
442,他们甚至进行什么审计。,-
443,她们甚至没前往什么大陆。,+
444,她们甚至前往什么大陆。,-
445,他们甚至没走向什么世界。,+
446,他们甚至走向什么世界。,-
447,他们甚至没前来参加什么建设。,+
448,他们甚至前来参加什么建设。,-
449,他甚至没提高什么警惕性。,+
450,他甚至提高什么警惕性。,-
451,他们甚至没加上什么旅馆。,+
452,他们甚至加上什么旅馆。,-
453,她们甚至没偷拿什么香油钱。,+
454,她们甚至偷拿什么香油钱。,-
455,他们甚至没加重什么病情。,+
456,他们甚至加重什么病情。,-
457,他们甚至没进行什么认识。,+
458,他们甚至进行什么认识。,-
459,她们甚至没实现什么愿景。,+
460,她们甚至实现什么愿景。,-
461,他们甚至没准备什么午餐。,+
462,他们甚至准备什么午餐。,-
463,她们甚至没失去什么生命。,+
464,她们甚至失去什么生命。,-
465,他们甚至没裁撤什么职位。,+
466,他们甚至裁撤什么职位。,-
467,他们甚至没恢复什么协商。,+
468,他们甚至恢复什么协商。,-
469,她们甚至没调整什么报表。,+
470,她们甚至调整什么报表。,-
471,他们甚至没干预什么司法。,+
472,他们甚至干预什么司法。,-
473,他们甚至没引起什么发烧。,+
474,他们甚至引起什么发烧。,-
475,他们甚至没提上什么日程。,+
476,他们甚至提上什么日程。,-
477,她们甚至没保住什么根基。,+
478,她们甚至保住什么根基。,-
479,他们甚至没运输什么蔬菜。,+
480,他们甚至运输什么蔬菜。,-
481,她们甚至没传递什么语音。,+
482,她们甚至传递什么语音。,-
483,他们甚至没告诉什么负荆请罪。,+
484,他们甚至告诉什么负荆请罪。,-
485,她们甚至没装修什么磁砖。,+
486,她们甚至装修什么磁砖。,-
487,他们甚至没看似什么方向。,+
488,他们甚至看似什么方向。,-
489,他们甚至没撕破什么脸皮。,+
490,他们甚至撕破什么脸皮。,-
491,她们甚至没吸引什么年轻人。,+
492,她们甚至吸引什么年轻人。,-
493,他们甚至没严惩什么商家。,+
494,他们甚至严惩什么商家。,-
495,他们甚至没检验什么真理。,+
496,他们甚至检验什么真理。,-
497,她们甚至没解散什么议会。,+
498,她们甚至解散什么议会。,-
499,他们甚至没控制什么局面。,+
500,他们甚至控制什么局面。,-
501,她们甚至没壮大什么版图。,+
502,她们甚至壮大什么版图。,-
503,他们甚至没遭受什么损害。,+
504,他们甚至遭受什么损害。,-
505,她甚至没变成什么资本家。,+
506,她甚至变成什么资本家。,-
507,他们甚至没远离什么反击。,+
508,他们甚至远离什么反击。,-
509,他们甚至没脱掉什么鞋子。,+
510,他们甚至脱掉什么鞋子。,-
511,她们甚至没回馈什么社会。,+
512,她们甚至回馈什么社会。,-
513,她甚至没推行什么业主制。,+
514,她甚至推行什么业主制。,-
515,他们甚至没领取什么奖金。,+
516,他们甚至领取什么奖金。,-
517,她们甚至没充当什么老大。,+
518,她们甚至充当什么老大。,-
519,他们甚至没教授什么管理。,+
520,他们甚至教授什么管理。,-
521,她们甚至没结束什么参访。,+
522,她们甚至结束什么参访。,-
523,她们甚至没选择什么突破。,+
524,她们甚至选择什么突破。,-
525,她们甚至没回复什么健康。,+
526,她们甚至回复什么健康。,-
527,她们甚至没充斥什么荧屏。,+
528,她们甚至充斥什么荧屏。,-
529,她们甚至没安稳什么民心。,+
530,她们甚至安稳什么民心。,-
531,她们甚至没建立起什么友谊。,+
532,她们甚至建立起什么友谊。,-
533,她们甚至没叫做什么司令。,+
534,她们甚至叫做什么司令。,-
535,他们甚至没欺负什么经济。,+
536,他们甚至欺负什么经济。,-
537,她们甚至没否定什么传统。,+
538,她们甚至否定什么传统。,-
539,她们甚至没反对什么霸权主义。,+
540,她们甚至反对什么霸权主义。,-
541,她们甚至没买什么消费卡。,+
542,她们甚至买什么消费卡。,-
543,她们甚至没申请什么退税。,+
544,她们甚至申请什么退税。,-
545,他们甚至没遍及什么全国。,+
546,他们甚至遍及什么全国。,-
547,她甚至没制定实施什么保险。,+
548,她甚至制定实施什么保险。,-
549,她们甚至没把握什么局势。,+
550,她们甚至把握什么局势。,-
551,她们甚至没走向什么看守所。,+
552,她们甚至走向什么看守所。,-
553,他们甚至没节制什么需求。,+
554,他们甚至节制什么需求。,-
555,她们甚至没举行什么演习。,+
556,她们甚至举行什么演习。,-
557,她甚至没承认什么多元化。,+
558,她甚至承认什么多元化。,-
559,她们甚至没考上什么大学。,+
560,她们甚至考上什么大学。,-
561,他们甚至没引起什么热议。,+
562,他们甚至引起什么热议。,-
563,她们甚至没确保什么进行。,+
564,她们甚至确保什么进行。,-
565,他们甚至没参加什么节目。,+
566,他们甚至参加什么节目。,-
567,她们甚至没装设什么管线。,+
568,她们甚至装设什么管线。,-
569,他们甚至没调解什么矛盾。,+
570,他们甚至调解什么矛盾。,-
571,他们甚至没规范什么指导价。,+
572,他们甚至规范什么指导价。,-
573,她们甚至没加快什么引资。,+
574,她们甚至加快什么引资。,-
575,他们甚至没搬运什么石头。,+
576,他们甚至搬运什么石头。,-
577,她们甚至没发去什么唁电。,+
578,她们甚至发去什么唁电。,-
579,他们甚至没听听什么声音。,+
580,他们甚至听听什么声音。,-
581,她们甚至没参与什么共谋。,+
582,她们甚至参与什么共谋。,-
583,她们甚至没强调什么观念。,+
584,她们甚至强调什么观念。,-
585,她们甚至没走向什么超年轻化。,+
586,她们甚至走向什么超年轻化。,-
587,他们甚至没组织什么检查。,+
588,他们甚至组织什么检查。,-
589,她们甚至没诛除什么异议。,+
590,她们甚至诛除什么异议。,-
591,他们甚至没形成什么风险。,+
592,他们甚至形成什么风险。,-
593,她们甚至没权衡什么利弊。,+
594,她们甚至权衡什么利弊。,-
595,她们甚至没展开什么救援。,+
596,她们甚至展开什么救援。,-
597,她们甚至没准备什么考试。,+
598,她们甚至准备什么考试。,-
599,她们甚至没提供什么援助。,+
600,她们甚至提供什么援助。,-
601,他们甚至没接触什么社会。,+
602,他们甚至接触什么社会。,-
603,他们甚至没筹备什么多时。,+
604,他们甚至筹备什么多时。,-
605,她们甚至没失去什么知觉。,+
606,她们甚至失去什么知觉。,-
607,他们甚至没实行什么圈养。,+
608,他们甚至实行什么圈养。,-
609,她们甚至没心怀什么信念。,+
610,她们甚至心怀什么信念。,-
611,他们甚至没列入什么保育类。,+
612,他们甚至列入什么保育类。,-
613,他们甚至没维护什么精神。,+
614,他们甚至维护什么精神。,-
615,她们甚至没前往什么灾区。,+
616,她们甚至前往什么灾区。,-
617,他们甚至没恢复什么面目。,+
618,他们甚至恢复什么面目。,-
619,他们甚至没涌进什么滩头。,+
620,他们甚至涌进什么滩头。,-
621,她们甚至没查稽什么流言。,+
622,她们甚至查稽什么流言。,-
623,她甚至没叫什么两面三刀。,+
624,她甚至叫什么两面三刀。,-
625,他们甚至没组建什么政府。,+
626,他们甚至组建什么政府。,-
627,她甚至没食用什么植物油。,+
628,她甚至食用什么植物油。,-
629,她们甚至没瞄准什么正前方。,+
630,她们甚至瞄准什么正前方。,-
631,她们甚至没混混什么日子。,+
632,她们甚至混混什么日子。,-
633,她甚至没辅助判断什么病情。,+
634,她甚至辅助判断什么病情。,-
635,他甚至没考什么midterm。,+
636,他甚至考什么midterm。,-
637,她们甚至没锻炼什么智商。,+
638,她们甚至锻炼什么智商。,-
639,他们甚至没学习什么常识。,+
640,他们甚至学习什么常识。,-
641,她们甚至没转攻什么社会学。,+
642,她们甚至转攻什么社会学。,-
643,他们甚至没创造什么生活。,+
644,他们甚至创造什么生活。,-
645,他甚至没反对什么卖国贼。,+
646,他甚至反对什么卖国贼。,-
647,他们甚至没痛打什么小孩。,+
648,他们甚至痛打什么小孩。,-
649,他们甚至没终止什么实施。,+
650,他们甚至终止什么实施。,-
651,他们甚至没预测什么股市。,+
652,他们甚至预测什么股市。,-
653,他甚至没注重什么责任感。,+
654,他甚至注重什么责任感。,-
655,她们甚至没转移什么财富。,+
656,她们甚至转移什么财富。,-
657,她甚至没吃什么brunch。,+
658,她甚至吃什么brunch。,-
659,他们甚至没卖什么预售屋。,+
660,他们甚至卖什么预售屋。,-
661,他们甚至没加强什么保护。,+
662,他们甚至加强什么保护。,-
663,她甚至没进入什么倒数计时。,+
664,她甚至进入什么倒数计时。,-
665,他甚至没提高什么记忆力。,+
666,他甚至提高什么记忆力。,-
667,她们甚至没深陷什么囫囵。,+
668,她们甚至深陷什么囫囵。,-
669,他甚至没报名参加什么比赛。,+
670,他甚至报名参加什么比赛。,-
671,她们甚至没进行什么大选。,+
672,她们甚至进行什么大选。,-
673,她们甚至没触发什么危机。,+
674,她们甚至触发什么危机。,-
675,她们甚至没注重什么实际。,+
676,她们甚至注重什么实际。,-
677,她们甚至没吸引什么别人。,+
678,她们甚至吸引什么别人。,-
679,她们甚至没保留什么分区。,+
680,她们甚至保留什么分区。,-
681,他们甚至没征服什么权威。,+
682,他们甚至征服什么权威。,-
683,她们甚至没羡慕什么导演。,+
684,她们甚至羡慕什么导演。,-
685,她甚至没运往什么移民地。,+
686,她甚至运往什么移民地。,-
687,他们甚至没确保什么专用。,+
688,他们甚至确保什么专用。,-
689,她们甚至没依靠什么德治。,+
690,她们甚至依靠什么德治。,-
691,她们甚至没驻什么联邦区。,+
692,她们甚至驻什么联邦区。,-
693,她们甚至没支付什么利息。,+
694,她们甚至支付什么利息。,-
695,他们甚至没供应什么电力。,+
696,他们甚至供应什么电力。,-
697,他们甚至没停止什么痛苦。,+
698,他们甚至停止什么痛苦。,-
699,他们甚至没拍什么结婚照。,+
700,他们甚至拍什么结婚照。,-
701,他们甚至没盛产什么稻米。,+
702,他们甚至盛产什么稻米。,-
703,她们甚至没适合什么高校。,+
704,她们甚至适合什么高校。,-
705,她们甚至没仰赖什么进口。,+
706,她们甚至仰赖什么进口。,-
707,他们甚至没请请什么教练。,+
708,他们甚至请请什么教练。,-
709,他们甚至没破坏什么感情。,+
710,他们甚至破坏什么感情。,-
711,她们甚至没成立什么指挥部。,+
712,她们甚至成立什么指挥部。,-
713,他甚至没证明什么居留权。,+
714,他甚至证明什么居留权。,-
715,她们甚至没担任什么干事长。,+
716,她们甚至担任什么干事长。,-
717,她们甚至没租售什么土地。,+
718,她们甚至租售什么土地。,-
719,他们甚至没送交什么中选会。,+
720,他们甚至送交什么中选会。,-
721,她们甚至没影响什么功能。,+
722,她们甚至影响什么功能。,-
723,他们甚至没组建什么特区。,+
724,他们甚至组建什么特区。,-
725,她们甚至没打扮成什么猩猩。,+
726,她们甚至打扮成什么猩猩。,-
727,她们甚至没适合什么饮用。,+
728,她们甚至适合什么饮用。,-
729,他甚至没谓什么一方之霸。,+
730,他甚至谓什么一方之霸。,-
731,她们甚至没合什么人民币。,+
732,她们甚至合什么人民币。,-
733,她们甚至没披露什么发票。,+
734,她们甚至披露什么发票。,-
735,她们甚至没找什么roommate。,+
736,她们甚至找什么roommate。,-
737,她们甚至没参与什么盛会。,+
738,她们甚至参与什么盛会。,-
739,他们甚至没以迄什么原因。,+
740,他们甚至以迄什么原因。,-
741,她们甚至没进入什么人大。,+
742,她们甚至进入什么人大。,-
743,他们甚至没服务什么九冬会。,+
744,他们甚至服务什么九冬会。,-
745,她们甚至没进入什么地区。,+
746,她们甚至进入什么地区。,-
747,他们甚至没加进什么中心。,+
748,他们甚至加进什么中心。,-
749,她们甚至没培训什么人才。,+
750,她们甚至培训什么人才。,-
751,他们甚至没符合什么条件。,+
752,他们甚至符合什么条件。,-
753,她甚至没占领侵吞什么领土。,+
754,她甚至占领侵吞什么领土。,-
755,他甚至没审结什么海事案。,+
756,他甚至审结什么海事案。,-
757,她们甚至没遭受什么伤害。,+
758,她们甚至遭受什么伤害。,-
759,他们甚至没影响什么生活。,+
760,他们甚至影响什么生活。,-
761,她们甚至没抗拒什么统治。,+
762,她们甚至抗拒什么统治。,-
763,他们甚至没保护什么平民。,+
764,他们甚至保护什么平民。,-
765,她们甚至没防控什么禽流感。,+
766,她们甚至防控什么禽流感。,-
767,他们甚至没看待什么问题。,+
768,他们甚至看待什么问题。,-
769,她们甚至没压倒什么主权。,+
770,她们甚至压倒什么主权。,-
771,她们甚至没引进什么警犬。,+
772,她们甚至引进什么警犬。,-
773,她们甚至没找什么冷冻柜。,+
774,她们甚至找什么冷冻柜。,-
775,她们甚至没加入什么试点。,+
776,她们甚至加入什么试点。,-
777,她们甚至没倡导什么组织。,+
778,她们甚至倡导什么组织。,-
779,他们甚至没满怀什么自豪。,+
780,他们甚至满怀什么自豪。,-
781,她们甚至没进口什么原料。,+
782,她们甚至进口什么原料。,-
783,他们甚至没新建什么小学。,+
784,他们甚至新建什么小学。,-
785,她们甚至没堵塞什么漏洞。,+
786,她们甚至堵塞什么漏洞。,-
787,她们甚至没进行什么尝试。,+
788,她们甚至进行什么尝试。,-
789,他们甚至没纯属什么猜想。,+
790,他们甚至纯属什么猜想。,-
791,他们甚至没保证什么权利。,+
792,他们甚至保证什么权利。,-
793,她们甚至没建成什么码头。,+
794,她们甚至建成什么码头。,-
795,她甚至没成立什么治收办。,+
796,她甚至成立什么治收办。,-
797,他们甚至没缓和什么冲突。,+
798,他们甚至缓和什么冲突。,-
799,她们甚至没加上什么宫刑。,+
800,她们甚至加上什么宫刑。,-
801,她们甚至没残害什么国人。,+
802,她们甚至残害什么国人。,-
803,她们甚至没讲解什么理论。,+
804,她们甚至讲解什么理论。,-
805,她们甚至没乞讨什么零钱。,+
806,她们甚至乞讨什么零钱。,-
807,他们甚至没确定什么幅度。,+
808,他们甚至确定什么幅度。,-
809,她们甚至没运用什么工具。,+
810,她们甚至运用什么工具。,-
811,他们甚至没断开什么系统。,+
812,他们甚至断开什么系统。,-
813,他们甚至没抵制什么日货。,+
814,他们甚至抵制什么日货。,-
815,他们甚至没进行什么运营。,+
816,他们甚至进行什么运营。,-
817,他们甚至没宣称什么胜利。,+
818,他们甚至宣称什么胜利。,-
819,她们甚至没定什么回程票。,+
820,她们甚至定什么回程票。,-
821,她们甚至没抛售什么储备粮。,+
822,她们甚至抛售什么储备粮。,-
823,他们甚至没推脱什么责任。,+
824,他们甚至推脱什么责任。,-
825,她们甚至没发表什么文告。,+
826,她们甚至发表什么文告。,-
827,他们甚至没监察什么服务。,+
828,他们甚至监察什么服务。,-
829,她们甚至没变成什么弓形。,+
830,她们甚至变成什么弓形。,-
831,她们甚至没无意什么仕途。,+
832,她们甚至无意什么仕途。,-
833,她甚至没举行什么招待会。,+
834,她甚至举行什么招待会。,-
835,他们甚至没价值什么人民币。,+
836,他们甚至价值什么人民币。,-
837,他们甚至没送回什么家乡。,+
838,他们甚至送回什么家乡。,-
839,她们甚至没考什么公务员。,+
840,她们甚至考什么公务员。,-
841,她们甚至没健全什么建设。,+
842,她们甚至健全什么建设。,-
843,她们甚至没参加什么打猎。,+
844,她们甚至参加什么打猎。,-
845,他们甚至没恢复什么工程。,+
846,他们甚至恢复什么工程。,-
847,她们甚至没发来什么慰问电。,+
848,她们甚至发来什么慰问电。,-
849,她们甚至没还原什么真相。,+
850,她们甚至还原什么真相。,-
851,她们甚至没适应什么变化。,+
852,她们甚至适应什么变化。,-
853,她们甚至没送给什么银行。,+
854,她们甚至送给什么银行。,-
855,他们甚至没握住什么筹码。,+
856,他们甚至握住什么筹码。,-
857,他们甚至没心存什么疑虑。,+
858,他们甚至心存什么疑虑。,-
859,他们甚至没贪污什么公款。,+
860,他们甚至贪污什么公款。,-
861,他们甚至没雕琢什么石头。,+
862,他们甚至雕琢什么石头。,-
863,她们甚至没严禁什么转卖。,+
864,她们甚至严禁什么转卖。,-
865,他们甚至没捕捉什么鲣鱼。,+
866,他们甚至捕捉什么鲣鱼。,-
867,他们甚至没做做什么参考。,+
868,他们甚至做做什么参考。,-
869,她甚至没鼓励引导什么投资。,+
870,她甚至鼓励引导什么投资。,-
871,她们甚至没涉及什么问题。,+
872,她们甚至涉及什么问题。,-
873,她们甚至没长长什么见识。,+
874,她们甚至长长什么见识。,-
875,她们甚至没提炼成什么汽油。,+
876,她们甚至提炼成什么汽油。,-
877,她们甚至没接受什么检查。,+
878,她们甚至接受什么检查。,-
879,他们甚至没核拨什么经费。,+
880,他们甚至核拨什么经费。,-
881,她们甚至没否认什么事情。,+
882,她们甚至否认什么事情。,-
883,他们甚至没发表什么声明。,+
884,他们甚至发表什么声明。,-
885,她们甚至没产生什么奇观。,+
886,她们甚至产生什么奇观。,-
887,她们甚至没分析什么原因。,+
888,她们甚至分析什么原因。,-
889,他们甚至没给予什么救助。,+
890,他们甚至给予什么救助。,-
891,她们甚至没进行什么论证。,+
892,她们甚至进行什么论证。,-
893,他们甚至没堵塞什么气管。,+
894,他们甚至堵塞什么气管。,-
895,他们甚至没展开什么冲刺。,+
896,他们甚至展开什么冲刺。,-
897,她们甚至没呼唤什么亲人。,+
898,她们甚至呼唤什么亲人。,-
899,她甚至没辐射什么海内外。,+
900,她甚至辐射什么海内外。,-
901,她们甚至没取消什么浮动班。,+
902,她们甚至取消什么浮动班。,-
903,她们甚至没实现什么和平。,+
904,她们甚至实现什么和平。,-
905,他们甚至没危及什么稳定。,+
906,他们甚至危及什么稳定。,-
907,他们甚至没选择什么情报志。,+
908,他们甚至选择什么情报志。,-
909,她们甚至没违反什么程序。,+
910,她们甚至违反什么程序。,-
911,她们甚至没登录什么引擎。,+
912,她们甚至登录什么引擎。,-
913,他们甚至没推进什么建设。,+
914,他们甚至推进什么建设。,-
915,他们甚至没表现什么善意。,+
916,他们甚至表现什么善意。,-
917,他们甚至没回归什么形态。,+
918,他们甚至回归什么形态。,-
919,他们甚至没树立什么典范。,+
920,他们甚至树立什么典范。,-
921,他们甚至没举行什么选举。,+
922,他们甚至举行什么选举。,-
923,她们甚至没脱离什么内涵。,+
924,她们甚至脱离什么内涵。,-
925,她们甚至没炸毁什么客机。,+
926,她们甚至炸毁什么客机。,-
927,他们甚至没接受什么审讯。,+
928,他们甚至接受什么审讯。,-
929,他们甚至没闭塞什么方向。,+
930,他们甚至闭塞什么方向。,-
931,她甚至没上传什么推荐信。,+
932,她甚至上传什么推荐信。,-
933,她们甚至没调集什么重兵。,+
934,她们甚至调集什么重兵。,-
935,她们甚至没培养什么精英。,+
936,她们甚至培养什么精英。,-
937,她甚至没逼问什么时间表。,+
938,她甚至逼问什么时间表。,-
939,他们甚至没主导什么世界。,+
940,他们甚至主导什么世界。,-
941,他们甚至没修筑什么铁路。,+
942,他们甚至修筑什么铁路。,-
943,他们甚至没精研什么艺术。,+
944,他们甚至精研什么艺术。,-
945,他们甚至没欺负什么农民。,+
946,他们甚至欺负什么农民。,-
947,她们甚至没离开什么监狱。,+
948,她们甚至离开什么监狱。,-
949,他们甚至没控制什么群众。,+
950,他们甚至控制什么群众。,-
951,他们甚至没改变什么现状。,+
952,他们甚至改变什么现状。,-
953,他们甚至没身负什么重伤。,+
954,他们甚至身负什么重伤。,-
955,他们甚至没造成什么打击。,+
956,他们甚至造成什么打击。,-
957,她们甚至没控制什么政府。,+
958,她们甚至控制什么政府。,-
959,他甚至没自称什么阿美族人。,+
960,他甚至自称什么阿美族人。,-
961,他甚至没重视落实什么发展观。,+
962,他甚至重视落实什么发展观。,-
963,他们甚至没理解什么生活。,+
964,他们甚至理解什么生活。,-
965,她们甚至没介绍什么环境。,+
966,她们甚至介绍什么环境。,-
967,他们甚至没交什么签证费。,+
968,他们甚至交什么签证费。,-
969,他们甚至没开发什么油田。,+
970,他们甚至开发什么油田。,-
971,她们甚至没介入什么办案。,+
972,她们甚至介入什么办案。,-
973,他们甚至没关闭什么大使馆。,+
974,他们甚至关闭什么大使馆。,-
975,她们甚至没攻击什么警察。,+
976,她们甚至攻击什么警察。,-
977,她们甚至没打扮成什么将领。,+
978,她们甚至打扮成什么将领。,-
979,他们甚至没接受什么采访。,+
980,他们甚至接受什么采访。,-
981,她们甚至没雇佣什么干部。,+
982,她们甚至雇佣什么干部。,-
983,她们甚至没收拾什么行李。,+
984,她们甚至收拾什么行李。,-
985,他们甚至没来往什么内地。,+
986,他们甚至来往什么内地。,-
987,他们甚至没调整提升什么结构。,+
988,他们甚至调整提升什么结构。,-
989,她们甚至没来什么急转身。,+
990,她们甚至来什么急转身。,-
991,他们甚至没酷似什么小孩。,+
992,他们甚至酷似什么小孩。,-
993,他们甚至没当什么中间人。,+
994,他们甚至当什么中间人。,-
995,她们甚至没推进什么进程。,+
996,她们甚至推进什么进程。,-
997,他们甚至没喜欢什么地方。,+
998,他们甚至喜欢什么地方。,-
999,她们甚至没超乎什么常理。,+
1000,她们甚至超乎什么常理。,-
1001,他们甚至没播放什么介绍。,+
1002,他们甚至播放什么介绍。,-
1003,她甚至没治疗什么抑郁症。,+
1004,她甚至治疗什么抑郁症。,-
1005,他们甚至没回归什么市场。,+
1006,他们甚至回归什么市场。,-
1007,他们甚至没弘扬什么善行。,+
1008,他们甚至弘扬什么善行。,-
1009,他们甚至没写成什么PCS978。,+
1010,他们甚至写成什么PCS978。,-
1011,她们甚至没遵守什么制度。,+
1012,她们甚至遵守什么制度。,-
1013,她们甚至没砍伤什么背部。,+
1014,她们甚至砍伤什么背部。,-
1015,她们甚至没利用什么公网。,+
1016,她们甚至利用什么公网。,-
1017,他们甚至没否认什么指控。,+
1018,他们甚至否认什么指控。,-
1019,她们甚至没注意什么安全。,+
1020,她们甚至注意什么安全。,-
1021,他们甚至没建立什么基地。,+
1022,他们甚至建立什么基地。,-
1023,她们甚至没打开什么email。,+
1024,她们甚至打开什么email。,-
1025,他们甚至没展开什么施工。,+
1026,他们甚至展开什么施工。,-
1027,她们甚至没交什么房产税。,+
1028,她们甚至交什么房产税。,-
1029,他们甚至没推翻什么前朝。,+
1030,他们甚至推翻什么前朝。,-
1031,他们甚至没论什么生产力。,+
1032,他们甚至论什么生产力。,-
1033,他们甚至没延迟什么修建。,+
1034,他们甚至延迟什么修建。,-
1035,他们甚至没指向什么事实。,+
1036,他们甚至指向什么事实。,-
1037,她们甚至没参加什么典礼。,+
1038,她们甚至参加什么典礼。,-
1039,她们甚至没召募什么教员。,+
1040,她们甚至召募什么教员。,-
1041,她们甚至没分担什么责任。,+
1042,她们甚至分担什么责任。,-
1043,她们甚至没告上什么法庭。,+
1044,她们甚至告上什么法庭。,-
1045,她们甚至没独撑什么家计。,+
1046,她们甚至独撑什么家计。,-
1047,他们甚至没撰写什么博文。,+
1048,他们甚至撰写什么博文。,-
1049,他们甚至没吃什么brunch。,+
1050,他们甚至吃什么brunch。,-
1051,他们甚至没深感什么同情。,+
1052,他们甚至深感什么同情。,-
1053,他们甚至没进行什么划分。,+
1054,他们甚至进行什么划分。,-
1055,她们甚至没实施什么制裁。,+
1056,她们甚至实施什么制裁。,-
1057,他们甚至没维护什么手腕。,+
1058,他们甚至维护什么手腕。,-
1059,她们甚至没保留什么押金。,+
1060,她们甚至保留什么押金。,-
1061,她们甚至没补贴什么家用。,+
1062,她们甚至补贴什么家用。,-
1063,他们甚至没驱逐什么军队。,+
1064,他们甚至驱逐什么军队。,-
1065,他们甚至没加以什么注意。,+
1066,他们甚至加以什么注意。,-
1067,她们甚至没做好什么工程。,+
1068,她们甚至做好什么工程。,-
1069,她们甚至没进入什么状态。,+
1070,她们甚至进入什么状态。,-
1071,他们甚至没尊重什么主权。,+
1072,他们甚至尊重什么主权。,-
1073,他甚至没给什么Credit。,+
1074,他甚至给什么Credit。,-
1075,他们甚至没进行什么谈判。,+
1076,他们甚至进行什么谈判。,-
1077,她甚至没忽悠什么老百姓。,+
1078,她甚至忽悠什么老百姓。,-
1079,他们甚至没加什么ADN。,+
1080,他们甚至加什么ADN。,-
1081,她们甚至没恢复什么正常。,+
1082,她们甚至恢复什么正常。,-
1083,她们甚至没介入什么谈判。,+
1084,她们甚至介入什么谈判。,-
1085,他们甚至没增加什么运能。,+
1086,他们甚至增加什么运能。,-
1087,她们甚至没分析什么机理。,+
1088,她们甚至分析什么机理。,-
1089,他们甚至没失去什么信心。,+
1090,他们甚至失去什么信心。,-
1091,他甚至没挥霍什么民脂民膏。,+
1092,他甚至挥霍什么民脂民膏。,-
1093,她们甚至没放松什么警惕。,+
1094,她们甚至放松什么警惕。,-
1095,他们甚至没丢掉什么饭碗。,+
1096,他们甚至丢掉什么饭碗。,-
1097,他们甚至没投资什么产业。,+
1098,他们甚至投资什么产业。,-
1099,她们甚至没忽视什么特产。,+
1100,她们甚至忽视什么特产。,-
1101,她们甚至没看一看什么病例。,+
1102,她们甚至看一看什么病例。,-
1103,他们甚至没把握什么机遇。,+
1104,他们甚至把握什么机遇。,-
1105,她们甚至没撰写什么企画案。,+
1106,她们甚至撰写什么企画案。,-
1107,他们甚至没符合什么原理。,+
1108,他们甚至符合什么原理。,-
1109,她们甚至没学习什么工程。,+
1110,她们甚至学习什么工程。,-
1111,他们甚至没扩大什么规模。,+
1112,他们甚至扩大什么规模。,-
1113,他们甚至没优化什么项目。,+
1114,他们甚至优化什么项目。,-
1115,他们甚至没弄懂什么事情。,+
1116,他们甚至弄懂什么事情。,-
1117,他们甚至没重建什么和平。,+
1118,他们甚至重建什么和平。,-
1119,她们甚至没坐什么直升飞机。,+
1120,她们甚至坐什么直升飞机。,-
1121,他们甚至没加强什么接触。,+
1122,他们甚至加强什么接触。,-
1123,她们甚至没源自什么深处。,+
1124,她们甚至源自什么深处。,-
1125,她们甚至没享受什么社保。,+
1126,她们甚至享受什么社保。,-
1127,他们甚至没扩大什么编制。,+
1128,他们甚至扩大什么编制。,-
1129,他们甚至没带什么土里土气。,+
1130,他们甚至带什么土里土气。,-
1131,她们甚至没加强什么基础。,+
1132,她们甚至加强什么基础。,-
1133,他们甚至没改革什么人权。,+
1134,他们甚至改革什么人权。,-
1135,他们甚至没引起什么骚动。,+
1136,他们甚至引起什么骚动。,-
1137,他们甚至没诉诸什么表决。,+
1138,他们甚至诉诸什么表决。,-
1139,他们甚至没影响钜什么民生。,+
1140,他们甚至影响钜什么民生。,-
1141,他们甚至没回复什么原职。,+
1142,他们甚至回复什么原职。,-
1143,她们甚至没遗失什么文件。,+
1144,她们甚至遗失什么文件。,-
1145,他们甚至没馈赠什么亲友。,+
1146,他们甚至馈赠什么亲友。,-
1147,他们甚至没提供什么意见。,+
1148,他们甚至提供什么意见。,-
1149,他们甚至没传来什么香气。,+
1150,他们甚至传来什么香气。,-
1151,她们甚至没号称什么大门。,+
1152,她们甚至号称什么大门。,-
1153,他甚至没抓住什么大陆架。,+
1154,他甚至抓住什么大陆架。,-
1155,她们甚至没进行什么谈判。,+
1156,她们甚至进行什么谈判。,-
1157,他们甚至没看成什么土豆。,+
1158,他们甚至看成什么土豆。,-
1159,他们甚至没渐入什么佳境。,+
1160,他们甚至渐入什么佳境。,-
1161,他们甚至没拍打什么陶罐。,+
1162,他们甚至拍打什么陶罐。,-
1163,她们甚至没纳入什么预算。,+
1164,她们甚至纳入什么预算。,-
1165,他们甚至没解决什么发泄。,+
1166,他们甚至解决什么发泄。,-
1167,她们甚至没那什么许可证。,+
1168,她们甚至那什么许可证。,-
1169,她们甚至没历经什么小时。,+
1170,她们甚至历经什么小时。,-
1171,她们甚至没改变什么路线。,+
1172,她们甚至改变什么路线。,-
1173,她们甚至没驾驶什么飞机。,+
1174,她们甚至驾驶什么飞机。,-
1175,他们甚至没去什么outlet。,+
1176,他们甚至去什么outlet。,-
1177,她们甚至没扣留什么男子。,+
1178,她们甚至扣留什么男子。,-
1179,他们甚至没吓SHI什么手续费。,+
1180,他们甚至吓SHI什么手续费。,-
1181,他们甚至没解决什么矛盾。,+
1182,他们甚至解决什么矛盾。,-
1183,他们甚至没放弃什么剥削。,+
1184,他们甚至放弃什么剥削。,-
1185,他们甚至没满足什么现状。,+
1186,他们甚至满足什么现状。,-
1187,他们甚至没讲述什么教义。,+
1188,他们甚至讲述什么教义。,-
1189,她们甚至没淡忘什么思潮。,+
1190,她们甚至淡忘什么思潮。,-
1191,他甚至没投资什么人民币。,+
1192,他甚至投资什么人民币。,-
1193,他们甚至没稳定什么币值。,+
1194,他们甚至稳定什么币值。,-
1195,她们甚至没腌制成什么腊肉。,+
1196,她们甚至腌制成什么腊肉。,-
1197,他们甚至没涂什么防晒霜。,+
1198,他们甚至涂什么防晒霜。,-
1199,他们甚至没丢失什么主动权。,+
1200,他们甚至丢失什么主动权。,-
1201,他们甚至没融入什么社会。,+
1202,他们甚至融入什么社会。,-
1203,她甚至没建立什么营业额。,+
1204,她甚至建立什么营业额。,-
1205,他甚至没提取什么人民币。,+
1206,他甚至提取什么人民币。,-
1207,她们甚至没鼓励什么开发。,+
1208,她们甚至鼓励什么开发。,-
1209,她们甚至没利用什么权力。,+
1210,她们甚至利用什么权力。,-
1211,她们甚至没喷洒什么农药。,+
1212,她们甚至喷洒什么农药。,-
1213,她们甚至没落实什么政策。,+
1214,她们甚至落实什么政策。,-
1215,他们甚至没安置什么民众。,+
1216,他们甚至安置什么民众。,-
1217,她们甚至没顾及什么面子。,+
1218,她们甚至顾及什么面子。,-
1219,他们甚至没旁听什么内容。,+
1220,他们甚至旁听什么内容。,-
1221,她们甚至没函送什么济检署。,+
1222,她们甚至函送什么济检署。,-
1223,他们甚至没装装什么门面。,+
1224,他们甚至装装什么门面。,-
1225,他们甚至没轰动什么画坛。,+
1226,他们甚至轰动什么画坛。,-
1227,他甚至没提高什么使用税。,+
1228,他甚至提高什么使用税。,-
1229,他们甚至没重视什么观念。,+
1230,他们甚至重视什么观念。,-
1231,他们甚至没阻止什么暴动。,+
1232,他们甚至阻止什么暴动。,-
1233,他们甚至没予以什么反驳。,+
1234,他们甚至予以什么反驳。,-
1235,她们甚至没凝聚什么力量。,+
1236,她们甚至凝聚什么力量。,-
1237,他们甚至没单击什么单元格。,+
1238,他们甚至单击什么单元格。,-
1239,她们甚至没分担什么成本。,+
1240,她们甚至分担什么成本。,-
1241,他们甚至没请示什么领导。,+
1242,他们甚至请示什么领导。,-
1243,她们甚至没参与什么修宪。,+
1244,她们甚至参与什么修宪。,-
1245,她们甚至没撩开什么裤腿儿。,+
1246,她们甚至撩开什么裤腿儿。,-
1247,她甚至没使用什么液化气。,+
1248,她甚至使用什么液化气。,-
1249,她们甚至没抓住什么机会。,+
1250,她们甚至抓住什么机会。,-
1251,她们甚至没刺激什么需求。,+
1252,她们甚至刺激什么需求。,-
1253,她们甚至没收紧什么银根。,+
1254,她们甚至收紧什么银根。,-
1255,她甚至没寻找什么资料带。,+
1256,她甚至寻找什么资料带。,-
1257,他们甚至没消灭什么敌人。,+
1258,他们甚至消灭什么敌人。,-
1259,她们甚至没设立什么告示牌。,+
1260,她们甚至设立什么告示牌。,-
1261,她们甚至没解释什么问题。,+
1262,她们甚至解释什么问题。,-
1263,他们甚至没拓展什么空间。,+
1264,他们甚至拓展什么空间。,-
1265,她们甚至没争取什么平等。,+
1266,她们甚至争取什么平等。,-
1267,她们甚至没消灭什么收入。,+
1268,她们甚至消灭什么收入。,-
1269,他们甚至没改变什么文化。,+
1270,他们甚至改变什么文化。,-
1271,她们甚至没举办什么特展。,+
1272,她们甚至举办什么特展。,-
1273,他甚至没讨论什么签书会。,+
1274,他甚至讨论什么签书会。,-
1275,他们甚至没召开什么记者会。,+
1276,他们甚至召开什么记者会。,-
1277,她们甚至没消费什么健康。,+
1278,她们甚至消费什么健康。,-
1279,他们甚至没改革什么制度。,+
1280,他们甚至改革什么制度。,-
1281,他们甚至没加入什么行列。,+
1282,他们甚至加入什么行列。,-
1283,他们甚至没部署什么特派员。,+
1284,他们甚至部署什么特派员。,-
1285,她们甚至没成立什么频道。,+
1286,她们甚至成立什么频道。,-
1287,她们甚至没研发什么药品。,+
1288,她们甚至研发什么药品。,-
1289,他们甚至没搭配什么晶片。,+
1290,他们甚至搭配什么晶片。,-
1291,他们甚至没评定什么职称。,+
1292,他们甚至评定什么职称。,-
1293,他们甚至没使用什么ＳＥＯ。,+
1294,他们甚至使用什么ＳＥＯ。,-
1295,他们甚至没加速落实什么全日制。,+
1296,他们甚至加速落实什么全日制。,-
1297,她们甚至没保护什么大熊猫。,+
1298,她们甚至保护什么大熊猫。,-
1299,她们甚至没受理什么登记。,+
1300,她们甚至受理什么登记。,-
1301,她们甚至没闯入什么校园。,+
1302,她们甚至闯入什么校园。,-
1303,他们甚至没生产什么原料药。,+
1304,他们甚至生产什么原料药。,-
1305,他们甚至没搜集什么数据。,+
1306,他们甚至搜集什么数据。,-
1307,他甚至没给什么可乘之机。,+
1308,他甚至给什么可乘之机。,-
1309,她们甚至没选择什么优秀。,+
1310,她们甚至选择什么优秀。,-
1311,他们甚至没跑去什么医生。,+
1312,他们甚至跑去什么医生。,-
1313,他们甚至没解决什么问题。,+
1314,他们甚至解决什么问题。,-
1315,他们甚至没造成什么事实。,+
1316,他们甚至造成什么事实。,-
1317,她们甚至没恢复什么谈判。,+
1318,她们甚至恢复什么谈判。,-
1319,他们甚至没看待什么事儿。,+
1320,他们甚至看待什么事儿。,-
1321,她甚至没捍卫什么自恋观。,+
1322,她甚至捍卫什么自恋观。,-
1323,他们甚至没建构什么能力。,+
1324,他们甚至建构什么能力。,-
1325,她甚至没使用什么金属棒。,+
1326,她甚至使用什么金属棒。,-
1327,他们甚至没设立什么办事处。,+
1328,他们甚至设立什么办事处。,-
1329,他们甚至没加入什么系统。,+
1330,他们甚至加入什么系统。,-
1331,她们甚至没投身什么建设。,+
1332,她们甚至投身什么建设。,-
1333,她们甚至没订购什么电话。,+
1334,她们甚至订购什么电话。,-
1335,他们甚至没拨掉什么钉子。,+
1336,他们甚至拨掉什么钉子。,-
1337,她们甚至没投资什么人民币。,+
1338,她们甚至投资什么人民币。,-
1339,他们甚至没联合什么业务。,+
1340,他们甚至联合什么业务。,-
1341,她们甚至没成立什么电台。,+
1342,她们甚至成立什么电台。,-
1343,她们甚至没扯上什么关系。,+
1344,她们甚至扯上什么关系。,-
1345,她们甚至没给予什么利益。,+
1346,她们甚至给予什么利益。,-
1347,他们甚至没组织什么演习。,+
1348,他们甚至组织什么演习。,-
1349,她们甚至没推行什么三通。,+
1350,她们甚至推行什么三通。,-
1351,她甚至没割断什么电话线。,+
1352,她甚至割断什么电话线。,-
1353,她们甚至没改善什么教育。,+
1354,她们甚至改善什么教育。,-
1355,他们甚至没执行什么极刑。,+
1356,他们甚至执行什么极刑。,-
1357,她们甚至没培育什么红卫兵。,+
1358,她们甚至培育什么红卫兵。,-
1359,她们甚至没吓唬什么老百姓。,+
1360,她们甚至吓唬什么老百姓。,-
1361,他甚至没吃什么salad。,+
1362,他甚至吃什么salad。,-
1363,她们甚至没提高什么待遇。,+
1364,她们甚至提高什么待遇。,-
1365,他们甚至没收回什么发言。,+
1366,他们甚至收回什么发言。,-
1367,他们甚至没接待什么顾客。,+
1368,他们甚至接待什么顾客。,-
1369,他们甚至没对照什么生词。,+
1370,他们甚至对照什么生词。,-
1371,他们甚至没实现什么武装。,+
1372,他们甚至实现什么武装。,-
1373,她们甚至没引起什么骚动。,+
1374,她们甚至引起什么骚动。,-
1375,她们甚至没对待什么公司。,+
1376,她们甚至对待什么公司。,-
1377,她们甚至没养殖什么动物。,+
1378,她们甚至养殖什么动物。,-
1379,他们甚至没失去什么孩子。,+
1380,他们甚至失去什么孩子。,-
1381,他甚至没写什么resume。,+
1382,他甚至写什么resume。,-
1383,她们甚至没推进什么进步。,+
1384,她们甚至推进什么进步。,-
1385,她们甚至没杀害什么巴勒斯坦人。,+
1386,她们甚至杀害什么巴勒斯坦人。,-
1387,她们甚至没影响什么相公。,+
1388,她们甚至影响什么相公。,-
1389,他们甚至没进行什么报复。,+
1390,他们甚至进行什么报复。,-
1391,他们甚至没减少什么损失。,+
1392,他们甚至减少什么损失。,-
1393,她们甚至没注重什么生活。,+
1394,她们甚至注重什么生活。,-
1395,他们甚至没寻求什么资金。,+
1396,他们甚至寻求什么资金。,-
1397,他们甚至没延缓什么进程。,+
1398,他们甚至延缓什么进程。,-
1399,他们甚至没给予什么指导。,+
1400,他们甚至给予什么指导。,-
1401,她们甚至没通往什么移民。,+
1402,她们甚至通往什么移民。,-
1403,她们甚至没预防什么地震。,+
1404,她们甚至预防什么地震。,-
1405,他甚至没提振什么上海话。,+
1406,他甚至提振什么上海话。,-
1407,他甚至没开什么party。,+
1408,他甚至开什么party。,-
1409,她们甚至没证明什么怀疑。,+
1410,她们甚至证明什么怀疑。,-
1411,他们甚至没牵制什么守敌。,+
1412,他们甚至牵制什么守敌。,-
1413,他们甚至没建立什么系统。,+
1414,他们甚至建立什么系统。,-
1415,她甚至没犯什么荣华富贵。,+
1416,她甚至犯什么荣华富贵。,-
1417,他们甚至没缺少什么正义。,+
1418,他们甚至缺少什么正义。,-
1419,她们甚至没用什么RCS978。,+
1420,她们甚至用什么RCS978。,-
1421,她们甚至没消灭什么肉体。,+
1422,她们甚至消灭什么肉体。,-
1423,她们甚至没管理什么器材。,+
1424,她们甚至管理什么器材。,-
1425,她们甚至没对付什么危机。,+
1426,她们甚至对付什么危机。,-
1427,她们甚至没培养什么气质。,+
1428,她们甚至培养什么气质。,-
1429,他们甚至没进入什么阶段。,+
1430,他们甚至进入什么阶段。,-
1431,他们甚至没请求什么特赦。,+
1432,他们甚至请求什么特赦。,-
1433,他们甚至没虐待什么儿童。,+
1434,他们甚至虐待什么儿童。,-
1435,她甚至没担任什么副校长。,+
1436,她甚至担任什么副校长。,-
1437,她们甚至没牵引什么健康。,+
1438,她们甚至牵引什么健康。,-
1439,他们甚至没用什么垃圾袋。,+
1440,他们甚至用什么垃圾袋。,-
1441,他们甚至没修改什么本文。,+
1442,他们甚至修改什么本文。,-
1443,他甚至没召开什么临时会。,+
1444,他甚至召开什么临时会。,-
1445,她们甚至没闯入什么领空。,+
1446,她们甚至闯入什么领空。,-
1447,她们甚至没加以什么强暴。,+
1448,她们甚至加以什么强暴。,-
1449,她甚至没颁发什么房产证。,+
1450,她甚至颁发什么房产证。,-
1451,她们甚至没产生什么共鸣。,+
1452,她们甚至产生什么共鸣。,-
1453,他们甚至没流行什么厚葬。,+
1454,他们甚至流行什么厚葬。,-
1455,她们甚至没加快什么建设。,+
1456,她们甚至加快什么建设。,-
1457,她们甚至没确定什么日期。,+
1458,她们甚至确定什么日期。,-
1459,她甚至没提供什么进口权。,+
1460,她甚至提供什么进口权。,-
1461,他们甚至没架起什么电视。,+
1462,他们甚至架起什么电视。,-
1463,他们甚至没组织什么活动。,+
1464,他们甚至组织什么活动。,-
1465,她甚至没中什么lottery。,+
1466,她甚至中什么lottery。,-
1467,她甚至没使用什么超音波。,+
1468,她甚至使用什么超音波。,-
1469,他们甚至没迎来什么喜事。,+
1470,他们甚至迎来什么喜事。,-
1471,她甚至没防控什么禽流感。,+
1472,她甚至防控什么禽流感。,-
1473,他们甚至没做好什么后盾。,+
1474,他们甚至做好什么后盾。,-
1475,她们甚至没帮助什么别人。,+
1476,她们甚至帮助什么别人。,-
1477,他们甚至没空投什么帐篷。,+
1478,他们甚至空投什么帐篷。,-
1479,她们甚至没涉及什么贪赎案。,+
1480,她们甚至涉及什么贪赎案。,-
1481,她甚至没乘机赶往什么灾区。,+
1482,她甚至乘机赶往什么灾区。,-
1483,她们甚至没主张什么权益。,+
1484,她们甚至主张什么权益。,-
1485,她甚至没捐赠什么人民币。,+
1486,她甚至捐赠什么人民币。,-
1487,他们甚至没进入什么地区。,+
1488,他们甚至进入什么地区。,-
1489,她们甚至没谋害什么祖国。,+
1490,她们甚至谋害什么祖国。,-
1491,她甚至没增加什么停机位。,+
1492,她甚至增加什么停机位。,-
1493,他甚至没买卖什么使用权。,+
1494,他甚至买卖什么使用权。,-
1495,他们甚至没关闭什么政府。,+
1496,他们甚至关闭什么政府。,-
1497,他们甚至没镇压什么人民。,+
1498,他们甚至镇压什么人民。,-
1499,他们甚至没进入什么市场。,+
1500,他们甚至进入什么市场。,-
1501,他们甚至没争取什么客户。,+
1502,他们甚至争取什么客户。,-
1503,他们甚至没担任什么主席。,+
1504,他们甚至担任什么主席。,-
1505,他们甚至没提高什么素质。,+
1506,他们甚至提高什么素质。,-
1507,他们甚至没予以什么转载。,+
1508,他们甚至予以什么转载。,-
1509,他们甚至没学习什么中文。,+
1510,他们甚至学习什么中文。,-
1511,他甚至没进入什么多发期。,+
1512,他甚至进入什么多发期。,-
1513,他们甚至没输入什么头像。,+
1514,他们甚至输入什么头像。,-
1515,他们甚至没采取什么态度。,+
1516,他们甚至采取什么态度。,-
1517,她们甚至没展大什么胸心。,+
1518,她们甚至展大什么胸心。,-
1519,他们甚至没摘走什么金牌。,+
1520,他们甚至摘走什么金牌。,-
1521,他们甚至没进行什么慰问。,+
1522,他们甚至进行什么慰问。,-
1523,她们甚至没打击什么炒房。,+
1524,她们甚至打击什么炒房。,-
1525,他们甚至没保证什么救治。,+
1526,他们甚至保证什么救治。,-
1527,他们甚至没走向什么昌盛。,+
1528,他们甚至走向什么昌盛。,-
1529,她们甚至没融入什么经济。,+
1530,她们甚至融入什么经济。,-
1531,她们甚至没进入什么社会。,+
1532,她们甚至进入什么社会。,-
1533,她们甚至没审核什么预算。,+
1534,她们甚至审核什么预算。,-
1535,他甚至没动员组织什么民众。,+
1536,他甚至动员组织什么民众。,-
1537,她们甚至没开除什么党籍。,+
1538,她们甚至开除什么党籍。,-
1539,她们甚至没延续什么商机。,+
1540,她们甚至延续什么商机。,-
1541,他们甚至没害怕什么奋勇。,+
1542,他们甚至害怕什么奋勇。,-
1543,她们甚至没归还什么遗忘者。,+
1544,她们甚至归还什么遗忘者。,-
1545,她们甚至没践踏什么民意。,+
1546,她们甚至践踏什么民意。,-
1547,她们甚至没抵制什么道路。,+
1548,她们甚至抵制什么道路。,-
1549,她们甚至没协商什么事宜。,+
1550,她们甚至协商什么事宜。,-
1551,他们甚至没训斥什么攻击。,+
1552,他们甚至训斥什么攻击。,-
1553,他们甚至没乘坐什么卡车。,+
1554,他们甚至乘坐什么卡车。,-
1555,她们甚至没陷入什么低潮。,+
1556,她们甚至陷入什么低潮。,-
1557,他们甚至没进行什么常规赛。,+
1558,他们甚至进行什么常规赛。,-
1559,他们甚至没搭乘什么陨石。,+
1560,他们甚至搭乘什么陨石。,-
1561,她们甚至没打什么粉笔头。,+
1562,她们甚至打什么粉笔头。,-
1563,她们甚至没追忆什么大师。,+
1564,她们甚至追忆什么大师。,-
1565,她们甚至没清理什么障碍。,+
1566,她们甚至清理什么障碍。,-
1567,她们甚至没熟悉什么人脉。,+
1568,她们甚至熟悉什么人脉。,-
1569,他们甚至没参与什么竞争。,+
1570,他们甚至参与什么竞争。,-
1571,他们甚至没呈现什么正圆形。,+
1572,他们甚至呈现什么正圆形。,-
1573,他们甚至没聚集什么共识。,+
1574,他们甚至聚集什么共识。,-
1575,他们甚至没推给什么临时工。,+
1576,他们甚至推给什么临时工。,-
1577,他们甚至没设计什么汽车。,+
1578,他们甚至设计什么汽车。,-
1579,他们甚至没贩卖什么价值。,+
1580,他们甚至贩卖什么价值。,-
1581,他们甚至没列入什么范畴。,+
1582,他们甚至列入什么范畴。,-
1583,他们甚至没挑拨什么是非。,+
1584,他们甚至挑拨什么是非。,-
1585,他们甚至没关心什么建设。,+
1586,他们甚至关心什么建设。,-
1587,他们甚至没迫害什么人士。,+
1588,他们甚至迫害什么人士。,-
1589,他们甚至没发表什么意见。,+
1590,他们甚至发表什么意见。,-
1591,他们甚至没预订什么货位。,+
1592,他们甚至预订什么货位。,-
1593,她们甚至没包括什么人物。,+
1594,她们甚至包括什么人物。,-
1595,他甚至没剪辑成什么头条。,+
1596,他甚至剪辑成什么头条。,-
1597,他甚至没满意什么business。,+
1598,他甚至满意什么business。,-
1599,他们甚至没进入什么复赛。,+
1600,他们甚至进入什么复赛。,-
1601,他们甚至没塑造什么环境。,+
1602,他们甚至塑造什么环境。,-
1603,她们甚至没导致什么中风。,+
1604,她们甚至导致什么中风。,-
1605,他们甚至没影响什么决策。,+
1606,他们甚至影响什么决策。,-
1607,他们甚至没提高什么发行量。,+
1608,他们甚至提高什么发行量。,-
1609,他们甚至没围殴什么被害人。,+
1610,他们甚至围殴什么被害人。,-
1611,她们甚至没发行什么股票。,+
1612,她们甚至发行什么股票。,-
1613,她们甚至没考察什么项目。,+
1614,她们甚至考察什么项目。,-
1615,她们甚至没地处什么沿海。,+
1616,她们甚至地处什么沿海。,-
1617,她们甚至没沉入什么海底。,+
1618,她们甚至沉入什么海底。,-
1619,她们甚至没进入什么谈判。,+
1620,她们甚至进入什么谈判。,-
1621,他们甚至没告诉什么记者。,+
1622,他们甚至告诉什么记者。,-
1623,他们甚至没回归什么祖国。,+
1624,他们甚至回归什么祖国。,-
1625,他们甚至没转移什么矛头。,+
1626,他们甚至转移什么矛头。,-
1627,他们甚至没治理什么流失。,+
1628,他们甚至治理什么流失。,-
1629,她们甚至没造福什么社会。,+
1630,她们甚至造福什么社会。,-
1631,他们甚至没加工什么面粉。,+
1632,他们甚至加工什么面粉。,-
1633,她们甚至没进入什么医学院。,+
1634,她们甚至进入什么医学院。,-
1635,他们甚至没符合什么资格。,+
1636,他们甚至符合什么资格。,-
1637,他们甚至没告诉什么名字。,+
1638,他们甚至告诉什么名字。,-
1639,他们甚至没开办什么津贴。,+
1640,他们甚至开办什么津贴。,-
1641,她们甚至没制定什么规例。,+
1642,她们甚至制定什么规例。,-
1643,她们甚至没加速什么成果。,+
1644,她们甚至加速什么成果。,-
1645,她们甚至没认识什么医生。,+
1646,她们甚至认识什么医生。,-
1647,他们甚至没划上什么句号。,+
1648,他们甚至划上什么句号。,-
1649,他们甚至没承包什么工程。,+
1650,他们甚至承包什么工程。,-
1651,她们甚至没踏入什么演艺圈。,+
1652,她们甚至踏入什么演艺圈。,-
1653,他们甚至没做错什么方向。,+
1654,他们甚至做错什么方向。,-
1655,他们甚至没清楚什么状况。,+
1656,他们甚至清楚什么状况。,-
1657,他们甚至没申请什么项目。,+
1658,他们甚至申请什么项目。,-
1659,她甚至没前往什么ｐｕｂ。,+
1660,她甚至前往什么ｐｕｂ。,-
1661,他甚至没当做什么轰炸机。,+
1662,他甚至当做什么轰炸机。,-
1663,她们甚至没炸伤什么医院。,+
1664,她们甚至炸伤什么医院。,-
1665,他们甚至没参与什么事物。,+
1666,他们甚至参与什么事物。,-
1667,她们甚至没确保什么安全。,+
1668,她们甚至确保什么安全。,-
1669,她们甚至没投射什么力量。,+
1670,她们甚至投射什么力量。,-
1671,他们甚至没身患什么癌症。,+
1672,他们甚至身患什么癌症。,-
1673,她甚至没问什么运动员村。,+
1674,她甚至问什么运动员村。,-
1675,她们甚至没建造什么屏障。,+
1676,她们甚至建造什么屏障。,-
1677,她们甚至没探究什么原因。,+
1678,她们甚至探究什么原因。,-
1679,他们甚至没抓好什么建设。,+
1680,他们甚至抓好什么建设。,-
1681,她们甚至没走向什么没落。,+
1682,她们甚至走向什么没落。,-
1683,她们甚至没穿起什么裙子。,+
1684,她们甚至穿起什么裙子。,-
1685,他们甚至没当上什么广播员。,+
1686,他们甚至当上什么广播员。,-
1687,她们甚至没信奉什么价值论。,+
1688,她们甚至信奉什么价值论。,-
1689,他们甚至没拿什么居留权。,+
1690,他们甚至拿什么居留权。,-
1691,他们甚至没开会讨论什么问题。,+
1692,他们甚至开会讨论什么问题。,-
1693,他甚至没前来声援什么学生。,+
1694,他甚至前来声援什么学生。,-
1695,她们甚至没扫荡什么色情。,+
1696,她们甚至扫荡什么色情。,-
1697,他们甚至没取消什么制裁。,+
1698,他们甚至取消什么制裁。,-
1699,她们甚至没囊括什么冠军。,+
1700,她们甚至囊括什么冠军。,-
1701,她们甚至没赌赌什么运气。,+
1702,她们甚至赌赌什么运气。,-
1703,他们甚至没打开什么话匣子。,+
1704,他们甚至打开什么话匣子。,-
1705,她们甚至没保卫什么祖国。,+
1706,她们甚至保卫什么祖国。,-
1707,他们甚至没加上什么存款。,+
1708,他们甚至加上什么存款。,-
1709,她们甚至没交换什么性伴侣。,+
1710,她们甚至交换什么性伴侣。,-
1711,他们甚至没投入什么教育。,+
1712,他们甚至投入什么教育。,-
1713,他们甚至没虚置什么位格。,+
1714,他们甚至虚置什么位格。,-
1715,他们甚至没接受什么劣汰。,+
1716,他们甚至接受什么劣汰。,-
1717,她们甚至没配合什么监督。,+
1718,她们甚至配合什么监督。,-
1719,他们甚至没谈什么戒急用忍。,+
1720,他们甚至谈什么戒急用忍。,-
1721,他们甚至没普选什么总统。,+
1722,他们甚至普选什么总统。,-
1723,他们甚至没准备什么材料。,+
1724,他们甚至准备什么材料。,-
1725,她们甚至没参加什么兄弟会。,+
1726,她们甚至参加什么兄弟会。,-
1727,她们甚至没符合什么国情。,+
1728,她们甚至符合什么国情。,-
1729,他们甚至没加上什么现金。,+
1730,他们甚至加上什么现金。,-
1731,她们甚至没看什么研讨会。,+
1732,她们甚至看什么研讨会。,-
1733,他们甚至没进入什么财政。,+
1734,他们甚至进入什么财政。,-
1735,他们甚至没加强什么监管。,+
1736,他们甚至加强什么监管。,-
1737,她们甚至没惩防什么腐败。,+
1738,她们甚至惩防什么腐败。,-
1739,他们甚至没执行什么职务。,+
1740,他们甚至执行什么职务。,-
1741,她们甚至没租用什么货柜。,+
1742,她们甚至租用什么货柜。,-
1743,她们甚至没含什么叶绿素。,+
1744,她们甚至含什么叶绿素。,-
1745,他们甚至没签发什么主席令。,+
1746,他们甚至签发什么主席令。,-
1747,她们甚至没采取什么步骤。,+
1748,她们甚至采取什么步骤。,-
1749,她们甚至没滋生什么犯罪。,+
1750,她们甚至滋生什么犯罪。,-
1751,他们甚至没想念什么小时。,+
1752,他们甚至想念什么小时。,-
1753,他甚至没殴打什么青红皂白。,+
1754,他甚至殴打什么青红皂白。,-
1755,她们甚至没生产什么盐渍藕。,+
1756,她们甚至生产什么盐渍藕。,-
1757,他们甚至没建立什么制度。,+
1758,他们甚至建立什么制度。,-
1759,她们甚至没交纳什么部分。,+
1760,她们甚至交纳什么部分。,-
1761,他们甚至没执行什么命令。,+
1762,他们甚至执行什么命令。,-
1763,他们甚至没创造什么条件。,+
1764,他们甚至创造什么条件。,-
1765,他们甚至没适合什么条件。,+
1766,他们甚至适合什么条件。,-
1767,他们甚至没实现什么对话。,+
1768,他们甚至实现什么对话。,-
1769,他们甚至没发展什么重化工业。,+
1770,他们甚至发展什么重化工业。,-
1771,他们甚至没征求什么意见。,+
1772,他们甚至征求什么意见。,-
1773,她们甚至没征求什么意见。,+
1774,她们甚至征求什么意见。,-
1775,她们甚至没抵制什么日货。,+
1776,她们甚至抵制什么日货。,-
1777,她甚至没做什么Device。,+
1778,她甚至做什么Device。,-
1779,他甚至没购买什么报关单。,+
1780,他甚至购买什么报关单。,-
1781,他们甚至没参与什么活动。,+
1782,他们甚至参与什么活动。,-
1783,她甚至没担任什么研究员。,+
1784,她甚至担任什么研究员。,-
1785,他们甚至没扰乱什么秩序。,+
1786,他们甚至扰乱什么秩序。,-
1787,他甚至没复活什么军国主义。,+
1788,他甚至复活什么军国主义。,-
1789,她们甚至没投入什么财力。,+
1790,她们甚至投入什么财力。,-
1791,他们甚至没配合什么收益。,+
1792,他们甚至配合什么收益。,-
1793,他们甚至没率领什么蠢驴。,+
1794,他们甚至率领什么蠢驴。,-
1795,他们甚至没庆贺什么生日。,+
1796,他们甚至庆贺什么生日。,-
1797,她们甚至没担任什么校长。,+
1798,她们甚至担任什么校长。,-
1799,他们甚至没安置什么职工。,+
1800,他们甚至安置什么职工。,-
1801,他们甚至没举行什么会晤。,+
1802,他们甚至举行什么会晤。,-
1803,他们甚至没举行什么会议。,+
1804,他们甚至举行什么会议。,-
1805,她们甚至没进行什么立法。,+
1806,她们甚至进行什么立法。,-
1807,她们甚至没追打什么抢匪。,+
1808,她们甚至追打什么抢匪。,-
1809,她甚至没架起什么电子报。,+
1810,她甚至架起什么电子报。,-
1811,他甚至没懂什么computer。,+
1812,他甚至懂什么computer。,-
1813,她们甚至没充当起什么模特儿。,+
1814,她们甚至充当起什么模特儿。,-
1815,他们甚至没爱好什么自由。,+
1816,他们甚至爱好什么自由。,-
1817,他们甚至没提高什么百分点。,+
1818,他们甚至提高什么百分点。,-
1819,他们甚至没联系什么感情。,+
1820,他们甚至联系什么感情。,-
1821,他们甚至没进入什么区域。,+
1822,他们甚至进入什么区域。,-
1823,她们甚至没实施什么宵禁。,+
1824,她们甚至实施什么宵禁。,-
1825,他们甚至没带什么夏令营。,+
1826,他们甚至带什么夏令营。,-
1827,她们甚至没提高什么生产。,+
1828,她们甚至提高什么生产。,-
1829,她们甚至没戒除什么网瘾。,+
1830,她们甚至戒除什么网瘾。,-
1831,他们甚至没提高什么税收。,+
1832,他们甚至提高什么税收。,-
1833,他们甚至没实现什么设施。,+
1834,他们甚至实现什么设施。,-
1835,她甚至没实现什么净增税。,+
1836,她甚至实现什么净增税。,-
1837,他们甚至没降低什么成本。,+
1838,他们甚至降低什么成本。,-
1839,他们甚至没罹患什么绝症。,+
1840,他们甚至罹患什么绝症。,-
1841,她们甚至没裁决什么争端。,+
1842,她们甚至裁决什么争端。,-
1843,他们甚至没稳定什么民心。,+
1844,他们甚至稳定什么民心。,-
1845,她们甚至没浇注什么结构。,+
1846,她们甚至浇注什么结构。,-
1847,她们甚至没提供什么训练。,+
1848,她们甚至提供什么训练。,-
1849,他们甚至没部署什么导弹。,+
1850,他们甚至部署什么导弹。,-
1851,她们甚至没拥护什么国家。,+
1852,她们甚至拥护什么国家。,-
1853,她们甚至没塑造什么孩子。,+
1854,她们甚至塑造什么孩子。,-
1855,她们甚至没事关什么全局。,+
1856,她们甚至事关什么全局。,-
1857,他们甚至没开展学习教育什么评论。,+
1858,他们甚至开展学习教育什么评论。,-
1859,他们甚至没引进什么别人。,+
1860,他们甚至引进什么别人。,-
1861,他们甚至没反对什么收费。,+
1862,他们甚至反对什么收费。,-
1863,她们甚至没解开什么积怨。,+
1864,她们甚至解开什么积怨。,-
1865,她们甚至没突破什么新高。,+
1866,她们甚至突破什么新高。,-
1867,她甚至没怀疑什么真实性。,+
1868,她甚至怀疑什么真实性。,-
1869,她们甚至没饮什么蜂蜜水。,+
1870,她们甚至饮什么蜂蜜水。,-
1871,他们甚至没部署什么大军。,+
1872,他们甚至部署什么大军。,-
1873,他们甚至没认同什么共识。,+
1874,他们甚至认同什么共识。,-
1875,他们甚至没双击什么文件。,+
1876,他们甚至双击什么文件。,-
1877,他们甚至没照顾什么消息。,+
1878,他们甚至照顾什么消息。,-
1879,他们甚至没设置什么提示。,+
1880,他们甚至设置什么提示。,-
1881,他们甚至没关注什么局势。,+
1882,他们甚至关注什么局势。,-
1883,她们甚至没主导什么议事。,+
1884,她们甚至主导什么议事。,-
1885,他甚至没适应什么商业化。,+
1886,他甚至适应什么商业化。,-
1887,他们甚至没报什么研究生。,+
1888,他们甚至报什么研究生。,-
1889,他们甚至没扩大什么调查。,+
1890,他们甚至扩大什么调查。,-
1891,他们甚至没停止什么活动。,+
1892,他们甚至停止什么活动。,-
1893,她们甚至没进军什么市场。,+
1894,她们甚至进军什么市场。,-
1895,她们甚至没谴责什么事件。,+
1896,她们甚至谴责什么事件。,-
1897,她们甚至没繁育什么大熊猫。,+
1898,她们甚至繁育什么大熊猫。,-
1899,他们甚至没引入什么机制。,+
1900,他们甚至引入什么机制。,-
1901,她们甚至没想想什么办法。,+
1902,她们甚至想想什么办法。,-
1903,她们甚至没建造什么航母。,+
1904,她们甚至建造什么航母。,-
1905,他们甚至没擅用什么人行道。,+
1906,他们甚至擅用什么人行道。,-
1907,她们甚至没依托什么名牌。,+
1908,她们甚至依托什么名牌。,-
1909,她们甚至没提供什么名单。,+
1910,她们甚至提供什么名单。,-
1911,她们甚至没争取什么正义。,+
1912,她们甚至争取什么正义。,-
1913,她们甚至没敬献什么花圈。,+
1914,她们甚至敬献什么花圈。,-
1915,她们甚至没开展什么农业。,+
1916,她们甚至开展什么农业。,-
1917,她甚至没奉献给什么用户。,+
1918,她甚至奉献给什么用户。,-
1919,她们甚至没判定什么抄袭。,+
1920,她们甚至判定什么抄袭。,-
1921,他们甚至没做好什么放松。,+
1922,他们甚至做好什么放松。,-
1923,他们甚至没丢弃什么东西。,+
1924,他们甚至丢弃什么东西。,-
1925,她们甚至没平息什么行动。,+
1926,她们甚至平息什么行动。,-
1927,他们甚至没吃什么酸辣粉。,+
1928,他们甚至吃什么酸辣粉。,-
1929,她们甚至没洗掉什么灰尘。,+
1930,她们甚至洗掉什么灰尘。,-
1931,她们甚至没申请什么影片。,+
1932,她们甚至申请什么影片。,-
1933,她们甚至没返抵什么国门。,+
1934,她们甚至返抵什么国门。,-
1935,他们甚至没尊重什么文化。,+
1936,他们甚至尊重什么文化。,-
1937,他们甚至没加强什么宣导。,+
1938,他们甚至加强什么宣导。,-
1939,他们甚至没引发什么恶心。,+
1940,他们甚至引发什么恶心。,-
1941,她们甚至没开发什么上游。,+
1942,她们甚至开发什么上游。,-
1943,他们甚至没动员什么人民。,+
1944,他们甚至动员什么人民。,-
1945,他们甚至没联合什么台独。,+
1946,他们甚至联合什么台独。,-
1947,她们甚至没测试什么病毒。,+
1948,她们甚至测试什么病毒。,-
1949,她们甚至没摊开什么图片。,+
1950,她们甚至摊开什么图片。,-
1951,她们甚至没突破什么窠臼。,+
1952,她们甚至突破什么窠臼。,-
1953,她们甚至没遭遇什么监视。,+
1954,她们甚至遭遇什么监视。,-
1955,他们甚至没破坏什么自然。,+
1956,他们甚至破坏什么自然。,-
1957,她们甚至没进行什么占领。,+
1958,她们甚至进行什么占领。,-
1959,她们甚至没研究什么军事。,+
1960,她们甚至研究什么军事。,-
1961,她们甚至没予以什么落实。,+
1962,她们甚至予以什么落实。,-
1963,她们甚至没改善什么交通。,+
1964,她们甚至改善什么交通。,-
1965,他们甚至没对抗什么霸权主义。,+
1966,他们甚至对抗什么霸权主义。,-
1967,他们甚至没参加什么大赛。,+
1968,他们甚至参加什么大赛。,-
1969,她们甚至没避免什么腐败。,+
1970,她们甚至避免什么腐败。,-
1971,她们甚至没组什么BAND。,+
1972,她们甚至组什么BAND。,-
1973,她们甚至没发展什么工业。,+
1974,她们甚至发展什么工业。,-
1975,他们甚至没偷换什么概念。,+
1976,他们甚至偷换什么概念。,-
1977,她甚至没撤换什么负责人。,+
1978,她甚至撤换什么负责人。,-
1979,她们甚至没尊重什么人权。,+
1980,她们甚至尊重什么人权。,-
1981,她们甚至没批复什么规划。,+
1982,她们甚至批复什么规划。,-
1983,她们甚至没告诉什么方式。,+
1984,她们甚至告诉什么方式。,-
1985,他们甚至没结束什么动乱。,+
1986,他们甚至结束什么动乱。,-
1987,他们甚至没反对什么系统。,+
1988,他们甚至反对什么系统。,-
1989,他甚至没frame什么论文。,+
1990,他甚至frame什么论文。,-
1991,他们甚至没强调什么一贯性。,+
1992,他们甚至强调什么一贯性。,-
1993,她们甚至没设立什么禁飞区。,+
1994,她们甚至设立什么禁飞区。,-
1995,他们甚至没想起什么往事。,+
1996,他们甚至想起什么往事。,-
1997,她们甚至没强化什么监管。,+
1998,她们甚至强化什么监管。,-
1999,她们甚至没促进什么发展。,+
2000,她们甚至促进什么发展。,-
