stim1,stim2,stim3,stim4,stim5,stim6,stim7,stim8,stim9,stim10,stim11,stim12,stim13,stim14,stim15
1,Cynthia,scans,these,hard,books.,+
2,Cynthia,scans,these,hard,planes.,-
3,Donna,might,hire,this,serious,actress.,+
4,Don,na,might,hire,this,serious,piece.,-
5,Wendy,forgot,those,upset,doctors.,+
6,Wendy,forgot,those,upset,affects.,-
7,Carlos,hasn't,fired,those,uncertain,students.,+
8,Carlos,hasn't,fired,those,uncertain,maths.,-
9,Claire,will,conceal,those,hopeful,cashiers.,+
10,Claire,will,conceal,those,hopeful,puffins.,-
11,Some,actors,buy,these,gray,books.,+
12,Some,glasses,buy,these,gray,books.,-
13,Deanna,reveals,these,black,public,parks.,+
14,Deanna,reveals,these,black,public,virgins.,-
15,Tracy,has,boasted,about,those,unsure,children.,+
16,Tracy,has,boasted,about,those,unsure,pots.,-
17,This,eggplant,distracts,this,hopeful,girl.,+
18,This,saddle,distracts,this,hopeful,girl.,-
19,That,sweater,had,resembled,that,out,in,the,open,drawing.,+
20,That,curate,had,resembled,that,out,in,the,open,drawing.,-
21,Nancy,astounded,that,young,pedestrian.,+
22,Nancy,astounded,that,young,biology.,-
23,The,documentaries,can,aggravate,those,busy,actors.,+
24,The,references,can,aggravate,those,busy,actors.,-
25,Most,senators,aren't,exiting,this,popular,restaurant.,+
26,Most,senators,aren't,exiting,this,popular,philosophy.,-
27,Wayne,looked,like,those,bad,paintings.,+
28,Wayne,looked,like,those,bad,grasps.,-
29,Christina,loves,these,popular,essays.,+
30,Christina,loves,these,popular,rarities.,-
31,A,lot,of,pedestrians,had,complained,about,this,unconvinced,teenager.,+
32,A,lot,of,pedestrians,had,complained,about,this,unconvinced,highlight.,-
33,This,eggplant,hasn't,resembled,that,out,in,the,open,print.,+
34,This,mammal,hasn't,resembled,that,out,in,the,open,print.,-
35,Kathleen,cleaned,that,yellow,college,campus.,+
36,Kathleen,cleaned,that,yellow,college,ate.,-
37,Randolf,had,healed,this,young,boy.,+
38,Randolf,had,healed,this,young,cup.,-
39,Many,governments,hadn't,respected,these,excited,children.,+
40,Many,aircrafts,hadn't,respected,these,excited,children.,-
41,Cheryl,forgot,these,big,waitresses.,+
42,Cheryl,forgot,these,big,kazakhs.,-
43,Judy,wasn't,embarrassing,these,old,students.,+
44,Judy,wasn't,embarrassing,these,old,exclusives.,-
45,The,waitresses,alarm,those,content,dancers.,+
46,The,laptops,alarm,those,content,dancers.,-
47,Most,people,leave,those,purple,cafes.,+
48,Most,people,leave,those,purple,mondays.,-
49,A,ladder,won't,annoy,these,popular,governments.,+
50,a,menu,won't,annoy,these,popular,governments.,-
51,Most,adults,shocks,these,popular,drivers.,+
52,Most,adults,shocks,these,popular,tomorrows.,-
53,Some,turtle,resembled,that,small,photograph.,+
54,Some,raj,resembled,that,small,photograph.,-
55,A,lot,of,sweaters,resemble,these,yellow,pictures.,+
56,A,lot,of,sweaters,resemble,these,yellow,hellos.,-
57,Peter,resembled,these,bad,photographs.,+
58,Peter,resembled,these,bad,properties.,-
59,Galileo,sounds,like,this,important,essay.,+
60,Galileo,sounds,like,this,important,batman.,-
61,Those,ladies,work,with,these,lucky,actors.,+
62,Those,helpings,work,with,these,lucky,actors.,-
63,All,women,reveal,that,exposed,painting.,+
64,All,russians,reveal,that,exposed,painting.,-
65,Sandra,had,stunned,that,young,teacher.,+
66,Sandra,had,stunned,that,young,deadline.,-
67,That,plate,resembles,those,big,sketches.,+
68,That,evidence,resembles,those,big,sketches.,-
69,Sarah,has,discussed,that,big,waitress.,+
70,Sarah,has,discussed,that,big,clinic.,-
71,Heather,hasn't,worked,with,this,content,adult.,+
72,Heather,hasn't,worked,with,this,content,days.,-
73,Becca,hadn't,hugged,these,fast,actors.,+
74,Becca,hadn't,hugged,these,fast,payrolls.,-
75,Robert,isn't,lifting,that,dirty,dress.,+
76,Robert,isn't,lifting,that,dirty,season.,-
77,Most,teachers,sound,like,those,ill,drivers.,+
78,Most,teachers,sound,like,those,ill,bridges.,-
79,Wendy,isn't,escaping,from,these,unemployed,dancers.,+
80,Wendy,isn't,escaping,from,these,unemployed,libyans.,-
81,All,drivers,confuses,those,ill,actresses.,+
82,All,fleets,confuses,those,ill,actresses.,-
83,Connie,had,disturbed,that,important,legislature.,+
84,Connie,had,disturbed,that,important,lifeboat.,-
85,Brad,won't,visit,these,gray,schools.,+
86,Brad,won't,visit,these,gray,russians.,-
87,Joel,is,finding,these,red,plates.,+
88,Joel,is,finding,these,red,gears.,-
89,Winston,Churchill,criticized,that,new,high,school.,+
90,Winston,Churchill,criticized,that,new,high,fan.,-
91,Sherry,talked,about,these,dirty,hospitals.,+
92,Sherry,talked,about,these,dirty,springs.,-
93,Many,mouths,look,like,this,small,drawing.,+
94,Many,compares,look,like,this,small,drawing.,-
95,Valerie,heals,those,ill,rabbits.,+
96,Valerie,heals,those,ill,convicts.,-
97,Those,senators,shock,that,bad,guy.,+
98,Those,boosts,shock,that,bad,guy.,-
99,Diana,would,heal,this,sick,hamster.,+
100,Diana,would,heal,this,sick,boulevard.,-
101,Larry,cures,this,sick,driver.,+
102,Larry,cures,this,sick,trophy.,-
103,This,actor,might,like,that,determined,pedestrian.,+
104,This,knife,might,like,that,determined,pedestrian.,-
105,This,student,runs,around,these,red,grocery,stores.,+
106,This,september,runs,around,these,red,grocery,stores.,-
107,Laura,had,bought,these,small,books.,+
108,Laura,had,bought,these,small,friends.,-
109,Those,organizations,aggravate,those,busy,teenagers.,+
110,Those,economics,aggravate,those,busy,teenagers.,-
111,Most,children,wear,those,smooth,shawls.,+
112,Most,children,wear,those,smooth,insomnia.,-
113,Many,drivers,had,hidden,those,good,scarves.,+
114,Many,balloons,had,hidden,those,good,scarves.,-
115,Kathleen,is,cleaning,these,purple,banks.,+
116,Kathleen,is,cleaning,these,purple,https.,-
117,Some,picture,isn't,annoying,these,upset,waitresses.,+
118,Some,equal,isn't,annoying,these,upset,waitresses.,-
119,Kendra,messes,up,that,bad,movie,theater.,+
120,Kendra,messes,up,that,bad,movie,bitter.,-
121,Larry,bored,this,bad,teenager.,+
122,Larry,bored,this,bad,proverbs.,-
123,This,waiter,hasn't,scanned,that,long,book.,+
124,This,naught,hasn't,scanned,that,long,book.,-
125,Some,movies,sound,like,this,lost,doctor.,+
126,Some,evens,sound,like,this,lost,doctor.,-
127,Many,patients,research,those,blue,sketches.,+
128,Many,miles,research,those,blue,sketches.,-
129,Every,lady,didn't,disturb,those,busy,teenagers.,+
130,Every,bottom,didn't,disturb,those,busy,teenagers.,-
131,Danielle,questioned,this,out,in,the,open,teenager.,+
132,Danielle,questioned,this,out,in,the,open,clipping.,-
133,The,drivers,watch,these,nice,dancers.,+
134,The,moments,watch,these,nice,dancers.,-
135,The,movies,disagree,with,these,old,children.,+
136,The,victims,disagree,with,these,old,children.,-
137,Every,teacher,buys,that,out,in,the,open,grocery,store.,+
138,Every,tobacco,buys,that,out,in,the,open,grocery,store.,-
139,Jessica,hires,this,nice,guy.,+
140,Jessica,hires,this,nice,dick.,-
141,Dana,hadn't,lifted,this,new,college,campus.,+
142,Dana,hadn't,lifted,this,new,college,canal.,-
143,A,lot,of,organizations,scare,these,confident,senators.,+
144,A,lot,of,organizations,scare,these,confident,excuses.,-
145,Lucille,might,take,those,bad,dishes.,+
146,Lucille,might,take,those,bad,heroines.,-
147,Amelia,hasn't,dropped,by,those,out,in,the,open,cafes.,+
148,Amelia,hasn't,dropped,by,those,out,in,the,open,breeders.,-
149,Meredith,won't,scan,that,bad,documentary.,+
150,Meredith,won't,scan,that,bad,listener.,-
151,Katherine,healed,these,out,in,the,open,snakes.,+
152,Katherine,healed,these,out,in,the,open,proms.,-
153,Ronald,fires,this,bad,customer.,+
154,Ronald,fires,this,bad,landing.,-
155,Danielle,wouldn't,bring,these,long,pamphlets.,+
156,Danielle,wouldn't,bring,these,long,kingship.,-
157,Jennifer,was,hurting,that,uncertain,driver.,+
158,Jennifer,was,hurting,that,uncertain,merchant.,-
159,Tiffany,hasn't,worked,with,this,young,teenager.,+
160,Tiffany,hasn't,worked,with,this,young,viper.,-
161,Sabrina,was,scanning,this,hard,book.,+
162,Sabrina,was,scanning,this,hard,colors.,-
163,Eric,hired,that,ill,student.,+
164,Eric,hired,that,ill,bridges.,-
165,Noah,notices,that,gray,restaurant.,+
166,Noah,notices,that,gray,edition.,-
167,Those,children,question,those,out,in,the,open,boys.,+
168,Those,oscars,question,those,out,in,the,open,boys.,-
169,Most,children,conceal,this,smart,dancer.,+
170,Most,children,conceal,this,smart,thrift.,-
171,Most,actresses,had,healed,these,busy,children.,+
172,Most,actresses,had,healed,these,busy,answers.,-
173,Gerald,could,examine,that,long,essay.,+
174,Gerald,could,examine,that,long,tip.,-
175,Lawrence,is,insulting,these,popular,documentaries.,+
176,Lawrence,is,insulting,these,popular,discharges.,-
177,All,boys,kiss,these,big,actresses.,+
178,All,creams,kiss,these,big,actresses.,-
179,Many,cashiers,were,discussing,this,concealed,report.,+
180,Many,smog,were,discussing,this,concealed,report.,-
181,Stacey,cleaned,this,good,cafe.,+
182,Stacey,cleaned,this,good,cheat.,-
183,Guys,love,those,small,teenagers.,+
184,Guys,love,those,small,basements.,-
185,Some,guest,broke,this,cheap,fork.,+
186,Some,burst,broke,this,cheap,fork.,-
187,Elaine,had,fled,from,that,unlucky,girl.,+
188,Elaine,had,fled,from,that,unlucky,brazil.,-
189,Dawn,hadn't,thought,about,that,lucky,waiter.,+
190,Dawn,hadn't,thought,about,that,lucky,cuckold.,-
191,This,wheelbarrow,annoys,this,small,library.,+
192,This,showroom,annoys,this,small,library.,-
193,Some,book,isn't,astounding,this,messy,bank.,+
194,Some,action,isn't,astounding,this,messy,bank.,-
195,Dawn,hates,this,determined,patient.,+
196,Dawn,hates,this,determined,ritual.,-
197,These,people,had,praised,that,lucky,customer.,+
198,These,beds,had,praised,that,lucky,customer.,-
199,Rodney,goes,to,this,new,mall.,+
200,Rodney,goes,to,this,new,ecology.,-
201,Those,boys,run,around,those,popular,public,parks.,+
202,Those,deads,run,around,those,popular,public,parks.,-
203,Noah,couldn't,leave,these,smart,actors.,+
204,Noah,couldn't,leave,these,smart,defenses.,-
205,Lori,should,conceal,this,yellow,library.,+
206,Lori,should,conceal,this,yellow,technology.,-
207,The,documentary,does,alarm,these,displeased,actors.,+
208,The,watching,does,alarm,these,displeased,actors.,-
209,The,Clintons,have,exited,that,cheap,museum.,+
210,The,Clintons,have,exited,that,cheap,bradley.,-
211,Many,doctors,go,to,this,messy,museum.,+
212,Many,laughs,go,to,this,messy,museum.,-
213,The,committee,has,taken,these,bad,dogs.,+
214,The,crystal,has,taken,these,bad,dogs.,-
215,Lawrence,did,watch,those,unconvinced,doctors.,+
216,Lawrence,did,watch,those,unconvinced,lets.,-
217,Wayne,should,walk,through,these,small,libraries.,+
218,Wayne,should,walk,through,these,small,memorials.,-
219,A,waiter,hasn't,boycotted,this,popular,organization.,+
220,a,humour,hasn't,boycotted,this,popular,organization.,-
221,Some,women,reference,that,popular,commentary.,+
222,Some,worth,reference,that,popular,commentary.,-
223,Carrie,examines,this,popular,play.,+
224,Carrie,examines,this,popular,perfect.,-
225,Laurie,hadn't,cleaned,these,bad,jackets.,+
226,Laurie,hadn't,cleaned,these,bad,remainders.,-
227,Liam,hasn't,insulted,that,clever,student.,+
228,Liam,hasn't,insulted,that,clever,stealing.,-
229,Some,customer,cleans,those,old,couches.,+
230,Some,swamp,cleans,those,old,couches.,-
231,Matt,would,discuss,that,green,college,campus.,+
232,Matt,would,discuss,that,green,college,brandy.,-
233,Mitchell,bikes,to,this,big,art,gallery.,+
234,Mitchell,bikes,to,this,big,art,stalking.,-
235,Marie,will,research,that,messy,library.,+
236,Marie,will,research,that,messy,journal.,-
237,The,actors,break,these,gray,couches.,+
238,The,levels,break,these,gray,couches.,-
239,Many,students,describe,these,concealed,high,schools.,+
240,Many,apples,describe,these,concealed,high,schools.,-
241,Every,shawl,has,bothered,that,big,waitress.,+
242,Every,sian,has,bothered,that,big,waitress.,-
243,An,adult,wouldn't,clean,this,concealed,cafe.,+
244,an,analyst,wouldn't,clean,this,concealed,cafe.,-
245,That,adult,remembers,those,small,customers.,+
246,That,sheet,remembers,those,small,customers.,-
247,The,cilantro,irritates,these,troubled,girls.,+
248,The,savouring,irritates,these,troubled,girls.,-
249,Jennifer,isn't,breaking,those,brown,couches.,+
250,Jennifer,isn't,breaking,those,brown,lungs.,-
251,Some,children,have,that,out,in,the,open,print.,+
252,Some,laws,have,that,out,in,the,open,print.,-
253,A,lot,of,universities,took,that,hidden,hat.,+
254,A,lot,of,universities,took,that,hidden,easter.,-
255,That,eggplant,shocks,these,popular,committees.,+
256,That,snooker,shocks,these,popular,committees.,-
257,Sandra,appreciated,that,important,college,campus.,+
258,Sandra,appreciated,that,important,college,quarry.,-
259,All,doctors,love,these,bad,plays.,+
260,All,deals,love,these,bad,plays.,-
261,Tara,will,bring,those,white,art,galleries.,+
262,Tara,will,bring,those,white,art,warmers.,-
263,Kayla,exits,those,gray,art,galleries.,+
264,Kayla,exits,those,gray,art,gains.,-
265,Catherine,was,discussing,that,popular,public,park.,+
266,Catherine,was,discussing,that,popular,public,rating.,-
267,Some,actresses,sound,like,these,long,commentaries.,+
268,Some,alcohols,sound,like,these,long,commentaries.,-
269,Russell,conceals,this,standing,teenager.,+
270,Russell,conceals,this,standing,tester.,-
271,Every,bird,had,stunned,that,cheap,library.,+
272,Every,twitch,had,stunned,that,cheap,library.,-
273,Carol,drives,to,that,bad,hospital.,+
274,Carol,drives,to,that,bad,broad.,-
275,Raymond,talked,to,that,busy,actor.,+
276,Raymond,talked,to,that,busy,chin.,-
277,Gary,is,upsetting,this,important,company.,+
278,Gary,is,upsetting,this,important,faith.,-
279,A,lot,of,movie,theaters,embarrass,that,unemployed,student.,+
280,A,lot,of,movie,theaters,embarrass,that,unemployed,robert.,-
281,Beverly,watched,that,busy,dancer.,+
282,Beverly,watched,that,busy,liking.,-
283,An,actress,might,cure,this,smart,lady.,+
284,a,finch,might,cure,this,smart,lady.,-
285,Lawrence,wouldn't,listen,to,that,sick,guy.,+
286,Lawrence,wouldn't,listen,to,that,sick,virus.,-
287,Kathleen,referenced,these,small,ladies.,+
288,Kathleen,referenced,these,small,hearings.,-
289,Kristin,noticed,this,important,bird.,+
290,Kristin,noticed,this,important,india.,-
291,Jane,did,respect,those,content,ladies.,+
292,Jane,did,respect,those,content,pops.,-
293,Liam,cured,that,blue,cat.,+
294,Liam,cured,that,blue,mommy.,-
295,Brad,isn't,praising,that,bad,dancer.,+
296,Brad,isn't,praising,that,bad,pump.,-
297,A,lot,of,girls,could,take,these,out,in,the,open,public,parks.,+
298,A,lot,of,girls,could,take,these,out,in,the,open,public,damns.,-
299,Stacy,admired,these,nice,students.,+
300,Stacy,admired,these,nice,braves.,-
301,Every,story,bothers,that,bad,company.,+
302,Every,funds,bothers,that,bad,company.,-
303,Andrew,wasn't,healing,this,upset,patient.,+
304,Andrew,wasn't,healing,this,upset,literacy.,-
305,John,conceals,that,standing,lady.,+
306,John,conceals,that,standing,pair.,-
307,That,patient,was,selling,these,important,cups.,+
308,That,saga,was,selling,these,important,cups.,-
309,Robert,has,criticized,this,good,driver.,+
310,Robert,has,criticized,this,good,texture.,-
311,Jodi,had,revealed,that,brown,snake.,+
312,Jodi,had,revealed,that,brown,steps.,-
313,Most,girls,see,this,important,turtle.,+
314,Most,girls,see,this,important,suspect.,-
315,Kimberley,arrived,at,those,red,high,schools.,+
316,Kimberley,arrived,at,those,red,high,mothers.,-
317,Christine,helps,these,uncertain,ladies.,+
318,Christine,helps,these,uncertain,counties.,-
319,Veronica,has,gone,to,that,hard,public,park.,+
320,Veronica,has,gone,to,that,hard,public,grade.,-
321,This,photograph,looked,like,this,hidden,painting.,+
322,This,leisure,looked,like,this,hidden,painting.,-
323,Guys,walk,through,this,small,museum.,+
324,Guys,walk,through,this,small,spanish.,-
325,That,waitress,admires,these,orange,pictures.,+
326,That,revise,admires,these,orange,pictures.,-
327,Barbara,won't,bother,this,scared,adult.,+
328,Barbara,won't,bother,this,scared,nickel.,-
329,Some,teenagers,buy,that,smooth,jacket.,+
330,Some,chords,buy,that,smooth,jacket.,-
331,Some,turtles,stun,those,popular,governments.,+
332,Some,veronicas,stun,those,popular,governments.,-
333,These,waiters,biked,to,these,new,libraries.,+
334,These,rejections,biked,to,these,new,libraries.,-
335,Grace,isn't,referencing,this,good,movie.,+
336,Grace,isn't,referencing,this,good,village.,-
337,Jane,hadn't,questioned,that,confident,student.,+
338,Jane,hadn't,questioned,that,confident,farming.,-
339,These,patients,criticize,these,nice,ladies.,+
340,These,fringes,criticize,these,nice,ladies.,-
341,These,patients,look,like,these,lost,pictures.,+
342,These,taylors,look,like,these,lost,pictures.,-
343,Some,pedestrian,references,these,determined,adults.,+
344,Some,tibetan,references,these,determined,adults.,-
345,These,pedestrians,fire,these,unsure,students.,+
346,These,manoeuvres,fire,these,unsure,students.,-
347,Chad,praised,this,important,book.,+
348,Chad,praised,this,important,august.,-
349,Gary,cleans,these,green,rugs.,+
350,Gary,cleans,these,green,harbors.,-
351,Matt,wasn't,scaring,these,bad,patients.,+
352,Matt,wasn't,scaring,these,bad,quarters.,-
353,Dawn,was,thinking,about,that,blue,car.,+
354,Dawn,was,thinking,about,that,blue,words.,-
355,Anna,questioned,this,popular,university.,+
356,Anna,questioned,this,popular,ability.,-
357,Every,girl,argued,about,that,red,report.,+
358,Every,lead,argued,about,that,red,report.,-
359,Linda,complained,about,that,smooth,report.,+
360,Linda,complained,about,that,smooth,spending.,-
361,Bill,can't,complain,about,this,happy,patient.,+
362,Bill,can't,complain,about,this,happy,horizontal.,-
363,All,doctors,observe,this,fast,teenager.,+
364,All,millers,observe,this,fast,teenager.,-
365,Sally,hadn't,passed,this,good,movie,theater.,+
366,Sally,hadn't,passed,this,good,movie,covenant.,-
367,Those,universities,criticize,that,popular,actress.,+
368,Those,assistants,criticize,that,popular,actress.,-
369,Craig,examines,those,important,movies.,+
370,Craig,examines,those,important,grays.,-
371,That,muffin,hurts,those,concealed,guys.,+
372,That,damon,hurts,those,concealed,guys.,-
373,Those,senators,conceal,these,hard,shoes.,+
374,Those,gowns,conceal,these,hard,shoes.,-
375,Students,hadn't,hurt,that,standing,guest.,+
376,Students,hadn't,hurt,that,standing,warmth.,-
377,Some,senators,arrive,at,those,smooth,public,parks.,+
378,Some,blows,arrive,at,those,smooth,public,parks.,-
379,A,lot,of,actors,wouldn't,impress,those,important,associations.,+
380,A,lot,of,actors,wouldn't,impress,those,important,practices.,-
381,Some,patients,disagree,with,that,popular,guest.,+
382,Some,extensions,disagree,with,that,popular,guest.,-
383,A,child,listens,to,that,scared,adult.,+
384,a,racing,listens,to,that,scared,adult.,-
385,Most,trucks,weren't,looking,like,that,bad,painting.,+
386,Most,trucks,weren't,looking,like,that,bad,occurrence.,-
387,The,doctor,broke,these,new,plates.,+
388,The,brussels,broke,these,new,plates.,-
389,Donald,would,wear,that,bad,glove.,+
390,Donald,would,wear,that,bad,fields.,-
391,The,cucumber,isn't,boring,those,scared,waitresses.,+
392,The,sensuality,isn't,boring,those,scared,waitresses.,-
393,Michelle,did,bring,that,white,print.,+
394,Michelle,did,bring,that,white,reverse.,-
395,Many,hamsters,find,this,cheap,skirt.,+
396,Many,tippers,find,this,cheap,skirt.,-
397,That,driver,hadn't,praised,these,lost,actresses.,+
398,That,devon,hadn't,praised,these,lost,actresses.,-
399,Every,commentary,bothers,these,purple,schools.,+
400,Every,fellowship,bothers,these,purple,schools.,-
401,Mary,hadn't,described,this,orange,pamphlet.,+
402,Mary,hadn't,described,this,orange,coinage.,-
403,Some,candle,hasn't,bored,this,standing,boy.,+
404,Some,slit,hasn't,bored,this,standing,boy.,-
405,Colleen,hadn't,distracted,this,popular,legislature.,+
406,Colleen,hadn't,distracted,this,popular,substitute.,-
407,Roger,boycotts,these,good,universities.,+
408,Roger,boycotts,these,good,killings.,-
409,That,adult,has,worn,those,out,in,the,open,coats.,+
410,That,turkish,has,worn,those,out,in,the,open,coats.,-
411,Harvard,University,has,worked,with,those,important,drivers.,+
412,Harvard,University,has,worked,with,those,important,dreams.,-
413,All,adults,wear,these,brown,sweaters.,+
414,All,graves,wear,these,brown,sweaters.,-
415,Heather,would,complain,about,this,old,guest.,+
416,Heather,would,complain,about,this,old,object.,-
417,Lisa,has,discovered,those,big,children.,+
418,Lisa,has,discovered,those,big,waits.,-
419,The,Lutherans,haven't,returned,to,those,big,drivers.,+
420,The,Lutherans,haven't,returned,to,those,big,wheelers.,-
421,Angela,doesn't,buy,these,new,skirts.,+
422,Angela,doesn't,buy,these,new,surgeries.,-
423,Most,dancers,sound,like,these,small,books.,+
424,Most,dancers,sound,like,these,small,blows.,-
425,Rivers,don't,upset,this,good,association.,+
426,Rivers,don't,upset,this,good,wrestling.,-
427,Donna,had,approached,that,fast,teacher.,+
428,Don,na,had,approached,that,fast,iowa.,-
429,All,banks,are,confusing,those,popular,boys.,+
430,All,shields,are,confusing,those,popular,boys.,-
431,Melinda,is,exploring,this,purple,mall.,+
432,Melinda,is,exploring,this,purple,guitar.,-
433,Alexander,breaks,this,clean,glass.,+
434,Alexander,breaks,this,clean,peanut.,-
435,The,guest,hasn't,disliked,this,lost,boy.,+
436,The,williams,hasn't,disliked,this,lost,boy.,-
437,Nicole,loves,those,unemployed,children.,+
438,Nicole,loves,those,unemployed,deads.,-
439,Many,paintings,alarm,that,out,in,the,open,actor.,+
440,Many,digits,alarm,that,out,in,the,open,actor.,-
441,The,universities,criticize,those,sick,ladies.,+
442,The,outsides,criticize,those,sick,ladies.,-
443,Heidi,criticized,that,bad,commentary.,+
444,Heidi,criticized,that,bad,hostile.,-
445,Vanessa,wasn't,wearing,these,new,blouses.,+
446,Vanessa,wasn't,wearing,these,new,ipos.,-
447,Some,horse,had,broken,that,purple,glass.,+
448,Some,friend,had,broken,that,purple,glass.,-
449,Many,banks,like,that,cheap,scarf.,+
450,Many,uses,like,that,cheap,scarf.,-
451,Aaron,disagrees,with,that,long,story.,+
452,Aaron,disagrees,with,that,long,boston.,-
453,Kenneth,discovers,these,new,glasses.,+
454,Kenneth,discovers,these,new,adversity.,-
455,That,spinach,can't,annoy,these,displeased,girls.,+
456,That,spock,can't,annoy,these,displeased,girls.,-
457,That,hospital,hasn't,sold,these,green,drawings.,+
458,That,technical,hasn't,sold,these,green,drawings.,-
459,These,waiters,bike,to,those,blue,cafes.,+
460,These,solvency,bike,to,those,blue,cafes.,-
461,Catherine,had,noticed,that,standing,guy.,+
462,Catherine,had,noticed,that,standing,score.,-
463,Jesus,doesn't,remember,this,rough,newspaper,article.,+
464,Jesus,doesn't,remember,this,rough,newspaper,table.,-
465,Many,students,heal,this,smart,boy.,+
466,Many,north,heal,this,smart,boy.,-
467,Susan,biked,to,that,important,public,park.,+
468,Susan,biked,to,that,important,public,income.,-
469,Mitchell,won't,watch,this,busy,waitress.,+
470,Mitchell,won't,watch,this,busy,puffin.,-
471,Emily,could,talk,to,this,displeased,lady.,+
472,Emily,could,talk,to,this,displeased,cloud.,-
473,Rhonda,hides,this,smooth,photograph.,+
474,Rhonda,hides,this,smooth,unemployment.,-
475,Many,actors,are,describing,that,standing,patient.,+
476,Many,explorers,are,describing,that,standing,patient.,-
477,These,pedestrians,escaped,from,this,hidden,cafe.,+
478,These,warrants,escaped,from,this,hidden,cafe.,-
479,Derek,discovered,that,good,play.,+
480,Derek,discovered,that,good,moon.,-
481,Cindy,toured,that,clean,movie,theater.,+
482,Cindy,toured,that,clean,movie,oklahoma.,-
483,A,cart,might,upset,this,happy,pedestrian.,+
484,a,http,might,upset,this,happy,pedestrian.,-
485,Those,newspaper,articles,impress,these,popular,universities.,+
486,Those,newspaper,households,impress,these,popular,universities.,-
487,Samantha,complains,about,this,unemployed,waiter.,+
488,Samantha,complains,about,this,unemployed,cornell.,-
489,Kenneth,breaks,these,messy,couches.,+
490,Kenneth,breaks,these,messy,blends.,-
491,All,waiters,approached,this,clever,doctor.,+
492,All,diplomats,approached,this,clever,doctor.,-
493,Galileo,is,looking,like,this,important,sketch.,+
494,Galileo,is,looking,like,this,important,propane.,-
495,Diana,was,touring,this,big,cafe.,+
496,Diana,was,touring,this,big,motive.,-
497,Lisa,hasn't,worked,with,these,scared,girls.,+
498,Lisa,hasn't,worked,with,these,scared,androids.,-
499,Becca,tours,this,good,grocery,store.,+
500,Becca,tours,this,good,grocery,day.,-
501,A,lot,of,teachers,have,these,small,shoes.,+
502,A,lot,of,teachers,have,these,small,quays.,-
503,These,students,impresses,that,out,in,the,open,patient.,+
504,These,invites,impresses,that,out,in,the,open,patient.,-
505,This,documentary,won't,disagree,with,these,good,customers.,+
506,This,diplomacy,won't,disagree,with,these,good,customers.,-
507,Carol,is,passing,those,gray,cafes.,+
508,Carol,is,passing,those,gray,gibsons.,-
509,This,snake,distracts,that,small,bank.,+
510,This,sac,distracts,that,small,bank.,-
511,Mitchell,has,returned,to,that,rough,library.,+
512,Mitchell,has,returned,to,that,rough,tough.,-
513,Jeffrey,isn't,running,around,this,new,hospital.,+
514,Jeffrey,isn't,running,around,this,new,cabin.,-
515,This,picture,looks,like,this,rough,school.,+
516,This,agreement,looks,like,this,rough,school.,-
517,Deborah,scans,this,good,documentary.,+
518,Deborah,scans,this,good,minority.,-
519,Some,committees,hate,that,young,driver.,+
520,Some,announcements,hate,that,young,driver.,-
521,This,committee,had,alarmed,this,bad,association.,+
522,This,carrier,had,alarmed,this,bad,association.,-
523,Emily,broke,these,white,forks.,+
524,Emily,broke,these,white,fiestas.,-
525,Marie,would,argue,about,these,bad,stories.,+
526,Marie,would,argue,about,these,bad,mines.,-
527,The,woman,discovered,this,red,hamster.,+
528,The,canadian,discovered,this,red,hamster.,-
529,The,Impressionists,haven't,dropped,by,these,orange,libraries.,+
530,The,Impressionists,haven't,dropped,by,these,orange,composites.,-
531,Kathleen,scares,this,dirty,museum.,+
532,Kathleen,scares,this,dirty,initial.,-
533,Nicole,did,bother,that,messy,museum.,+
534,Nicole,did,bother,that,messy,financing.,-
535,Adam,might,break,those,cheap,forks.,+
536,Adam,might,break,those,cheap,rubbers.,-
537,Lucille,might,visit,this,old,art,gallery.,+
538,Lucille,might,visit,this,old,art,slate.,-
539,Kathleen,boasted,about,those,important,reports.,+
540,Kathleen,boasted,about,those,important,fictions.,-
541,Teenagers,worries,these,nice,drivers.,+
542,Teenagers,worries,these,nice,floats.,-
543,Many,actors,can't,boast,about,that,nice,actor.,+
544,Many,railroads,can't,boast,about,that,nice,actor.,-
545,George,is,helping,those,smart,students.,+
546,George,is,helping,those,smart,abuses.,-
547,Vanessa,hadn't,cured,these,upset,actors.,+
548,Vanessa,hadn't,cured,these,upset,morals.,-
549,Jerry,wasn't,fixing,that,gray,cup.,+
550,Jerry,wasn't,fixing,that,gray,shirt.,-
551,Some,boys,did,flee,from,these,delighted,guys.,+
552,Some,poles,did,flee,from,these,delighted,guys.,-
553,Some,dogs,find,this,good,movie,theater.,+
554,Some,guns,find,this,good,movie,theater.,-
555,Liam,exits,those,white,art,galleries.,+
556,Liam,exits,those,white,art,baggage.,-
557,Vincent,hugs,that,good,pedestrian.,+
558,Vincent,hugs,that,good,officiating.,-
559,Katherine,would,know,this,nice,waiter.,+
560,Katherine,would,know,this,nice,toss.,-
561,Mark,didn't,wear,that,small,shirt.,+
562,Mark,didn't,wear,that,small,la.,-
563,Many,actresses,care,for,those,delighted,senators.,+
564,Many,mechanisms,care,for,those,delighted,senators.,-
565,Becca,isn't,bringing,this,old,shirt.,+
566,Becca,isn't,bringing,this,old,laws.,-
567,The,Impressionists,kiss,these,content,actors.,+
568,The,Impressionists,kiss,these,content,stadiums.,-
569,This,boy,was,appreciating,this,exposed,hospital.,+
570,This,paper,was,appreciating,this,exposed,hospital.,-
571,Kristen,wasn't,skated,around,that,hard,college,campus.,+
572,Kristen,wasn't,skated,around,that,hard,college,tail.,-
573,Carlos,hadn't,broken,that,new,glass.,+
574,Carlos,hadn't,broken,that,new,smith.,-
575,Michael,hasn't,fixed,this,green,glass.,+
576,Michael,hasn't,fixed,this,green,mill.,-
577,Bethany,doesn't,hide,those,rough,sweaters.,+
578,Bethany,doesn't,hide,those,rough,apocalypse.,-
579,Sally,isn't,questioning,those,important,libraries.,+
580,Sally,isn't,questioning,those,important,ventures.,-
581,The,Impressionists,pass,this,yellow,bank.,+
582,The,Impressionists,pass,this,yellow,mission.,-
583,That,chicken,resembles,these,exposed,paintings.,+
584,That,leaving,resembles,these,exposed,paintings.,-
585,Martha,investigates,that,nice,cashier.,+
586,Martha,investigates,that,nice,incoming.,-
587,Samuel,can,walk,through,these,big,cafes.,+
588,Samuel,can,walk,through,these,big,bait.,-
589,These,boxes,should,bother,those,content,ladies.,+
590,These,crops,should,bother,those,content,ladies.,-
591,Mitchell,flees,from,that,yellow,hospital.,+
592,Mitchell,flees,from,that,yellow,baseball.,-
593,Samuel,wasn't,concealing,this,determined,driver.,+
594,Samuel,wasn't,concealing,this,determined,choice.,-
595,All,senators,remember,that,clean,bank.,+
596,All,lakes,remember,that,clean,bank.,-
597,The,Impressionists,leave,that,unconvinced,waiter.,+
598,The,Impressionists,leave,that,unconvinced,sickness.,-
599,Lucille,hasn't,questioned,that,hopeful,actor.,+
600,Lucille,hasn't,questioned,that,hopeful,harbor.,-
601,The,Borgias,alarms,that,young,boy.,+
602,The,Borgias,alarms,that,young,lewis.,-
603,That,cat,shouldn't,bother,that,unlucky,adult.,+
604,That,load,shouldn't,bother,that,unlucky,adult.,-
605,This,drawing,embarrassed,these,nice,drivers.,+
606,This,eating,embarrassed,these,nice,drivers.,-
607,Those,men,haven't,complained,about,these,lost,senators.,+
608,Those,smiths,haven't,complained,about,these,lost,senators.,-
609,Every,photograph,shouldn't,look,like,this,scared,patient.,+
610,Every,bungalow,shouldn't,look,like,this,scared,patient.,-
611,Tina,watched,those,hopeful,guys.,+
612,Tina,watched,those,hopeful,answers.,-
613,Some,lady,should,complain,about,these,important,pedestrians.,+
614,Some,playoff,should,complain,about,these,important,pedestrians.,-
615,The,ladies,dislike,these,yellow,pamphlets.,+
616,The,oaths,dislike,these,yellow,pamphlets.,-
617,Jill,discovered,this,content,girl.,+
618,Jill,discovered,this,content,road.,-
619,Many,customers,criticize,these,blue,high,schools.,+
620,Many,knives,criticize,these,blue,high,schools.,-
621,Kirsten,was,boycotting,this,bad,association.,+
622,Kirsten,was,boycotting,this,bad,distance.,-
623,Christina,hugged,those,hopeful,customers.,+
624,Christina,hugged,those,hopeful,births.,-
625,Rose,attacks,that,clever,dancer.,+
626,Rose,attacks,that,clever,cumin.,-
627,David,had,noticed,this,big,photograph.,+
628,David,had,noticed,this,big,aftermath.,-
629,Patrick,hasn't,distracted,that,sick,lady.,+
630,Patrick,hasn't,distracted,that,sick,keeper.,-
631,Linda,broke,that,hard,couch.,+
632,Linda,broke,that,hard,foot.,-
633,That,waiter,hasn't,confused,those,out,in,the,open,girls.,+
634,That,latency,hasn't,confused,those,out,in,the,open,girls.,-
635,A,waiter,loves,this,orange,book.,+
636,an,ilk,loves,this,orange,book.,-
637,Sabrina,did,think,about,these,brown,prints.,+
638,Sabrina,did,think,about,these,brown,grannies.,-
639,Amy,might,discover,those,rough,schools.,+
640,Amy,might,discover,those,rough,trains.,-
641,These,boys,messed,up,those,exposed,libraries.,+
642,These,churches,messed,up,those,exposed,libraries.,-
643,Larry,hates,those,small,guys.,+
644,Larry,hates,those,small,days.,-
645,Kirsten,dislikes,that,bad,restaurant.,+
646,Kirsten,dislikes,that,bad,bathroom.,-
647,Tonya,cures,these,old,customers.,+
648,Tonya,cures,these,old,soldiers.,-
649,Some,adult,lifts,these,white,shirts.,+
650,Some,budget,lifts,these,white,shirts.,-
651,Steve,examined,these,yellow,newspaper,articles.,+
652,Steve,examined,these,yellow,newspaper,filters.,-
653,Amelia,won't,hire,these,popular,cashiers.,+
654,Amelia,won't,hire,these,popular,errors.,-
655,All,guests,had,broken,this,bad,dish.,+
656,All,rovers,had,broken,this,bad,dish.,-
657,All,stories,didn't,distract,this,popular,adult.,+
658,All,drivers,didn't,distract,this,popular,adult.,-
659,Cindy,knows,that,troubled,driver.,+
660,Cindy,knows,that,troubled,daisy.,-
661,Julia,does,investigate,these,out,in,the,open,doctors.,+
662,Julia,does,investigate,these,out,in,the,open,swords.,-
663,Science,stuns,these,good,governments.,+
664,Science,stuns,these,good,securities.,-
665,Winston,Churchill,couldn't,discover,that,old,shoe.,+
666,Winston,Churchill,couldn't,discover,that,old,captain.,-
667,Natalie,had,explored,that,white,movie,theater.,+
668,Natalie,had,explored,that,white,movie,skipper.,-
669,Curtis,hasn't,escaped,from,that,dirty,cafe.,+
670,Curtis,hasn't,escaped,from,that,dirty,turnout.,-
671,Martin,hurt,these,unconvinced,customers.,+
672,Martin,hurt,these,unconvinced,peninsulas.,-
673,The,Impressionists,worry,that,smart,boy.,+
674,The,weightlifters,worry,that,smart,boy.,-
675,Bruce,wouldn't,resemble,those,gray,prints.,+
676,Bruce,wouldn't,resemble,those,gray,captains.,-
677,George,hugged,that,excited,doctor.,+
678,George,hugged,that,excited,basement.,-
679,Most,waitresses,fire,those,serious,adults.,+
680,Most,waitresses,fire,those,serious,tattoos.,-
681,All,children,won't,conceal,that,hopeful,cashier.,+
682,All,rights,won't,conceal,that,hopeful,cashier.,-
683,All,cashiers,weren't,exploring,these,exposed,grocery,stores.,+
684,All,patrols,weren't,exploring,these,exposed,grocery,stores.,-
685,Jessica,wasn't,thinking,about,that,black,print.,+
686,Jessica,wasn't,thinking,about,that,black,stocks.,-
687,Donna,didn't,conceal,these,big,banks.,+
688,Don,na,didn't,conceal,these,big,panels.,-
689,This,lady,drove,to,that,messy,restaurant.,+
690,This,nurse,drove,to,that,messy,restaurant.,-
691,Roger,sounds,like,those,ill,boys.,+
692,Roger,sounds,like,those,ill,graves.,-
693,Jacqueline,hadn't,forgotten,those,young,guests.,+
694,Jacqueline,hadn't,forgotten,those,young,barriers.,-
695,Patients,scan,this,orange,brochure.,+
696,Patients,scan,this,orange,nobleman.,-
697,That,movie,theater,stunned,those,old,guests.,+
698,That,movie,splash,stunned,those,old,guests.,-
699,Deborah,likes,these,important,dogs.,+
700,Deborah,likes,these,important,bronzes.,-
701,Brian,talks,to,these,hopeful,doctors.,+
702,Brian,talks,to,these,hopeful,moms.,-
703,Some,actors,had,insulted,these,important,essays.,+
704,Some,clarks,had,insulted,these,important,essays.,-
705,The,fish,astounds,those,popular,legislatures.,+
706,The,exam,astounds,those,popular,legislatures.,-
707,Jill,would,find,those,brown,drawings.,+
708,Jill,would,find,those,brown,endings.,-
709,Most,women,approached,these,ill,patients.,+
710,Most,women,approached,these,ill,lloyds.,-
711,Renee,shouldn't,wear,that,popular,skirt.,+
712,Renee,shouldn't,wear,that,popular,mack.,-
713,Kendra,talks,to,that,content,adult.,+
714,Kendra,talks,to,that,content,uniform.,-
715,These,girls,confuse,those,lost,pedestrians.,+
716,These,chats,confuse,those,lost,pedestrians.,-
717,Every,school,hires,this,busy,girl.,+
718,Every,practice,hires,this,busy,girl.,-
719,These,boxes,impress,these,unconvinced,customers.,+
720,These,pens,impress,these,unconvinced,customers.,-
721,Every,hamster,astounds,those,hopeful,teenagers.,+
722,Every,toll,astounds,those,hopeful,teenagers.,-
723,Heidi,shocked,this,standing,teacher.,+
724,Heidi,shocked,this,standing,lady.,-
725,Holly,couldn't,help,that,excited,doctor.,+
726,Holly,couldn't,help,that,excited,portion.,-
727,These,people,haven't,insulted,this,smart,doctor.,+
728,These,fats,haven't,insulted,this,smart,doctor.,-
729,Forks,aggravate,that,confident,guest.,+
730,Forks,aggravate,that,confident,patrol.,-
731,Mark,flees,from,this,hard,high,school.,+
732,Mark,flees,from,this,hard,high,numbers.,-
733,Many,adults,exit,these,dirty,art,galleries.,+
734,Many,teas,exit,these,dirty,art,galleries.,-
735,These,boys,discovered,those,good,patients.,+
736,These,grants,discovered,those,good,patients.,-
737,Raymond,was,going,to,those,messy,museums.,+
738,Raymond,was,going,to,those,messy,stoves.,-
739,This,teacher,drops,by,those,smooth,malls.,+
740,This,status,drops,by,those,smooth,malls.,-
741,Carmen,won't,stun,these,clever,actors.,+
742,Carmen,won't,stun,these,clever,wraps.,-
743,Larry,sees,that,hard,rug.,+
744,Larry,sees,that,hard,foul.,-
745,Marie,fixed,this,blue,dish.,+
746,Marie,fixed,this,blue,bleach.,-
747,Tara,approached,this,concealed,student.,+
748,Tara,approached,this,concealed,prof.,-
749,Brett,had,found,those,popular,customers.,+
750,Brett,had,found,those,popular,oppositions.,-
751,This,student,has,arrived,at,those,bad,cafes.,+
752,This,cheat,has,arrived,at,those,bad,cafes.,-
753,Many,reports,aggravate,these,young,senators.,+
754,Many,sources,aggravate,these,young,senators.,-
755,Christopher,isn't,scaring,those,unlucky,teenagers.,+
756,Christopher,isn't,scaring,those,unlucky,argentinians.,-
757,Kendra,has,bored,these,important,waiters.,+
758,Kendra,has,bored,these,important,bees.,-
759,Beverly,had,healed,those,unlucky,pedestrians.,+
760,Beverly,had,healed,those,unlucky,addenda.,-
761,William,cares,for,these,concealed,patients.,+
762,William,cares,for,these,concealed,weeds.,-
763,Alice,drives,to,these,yellow,art,galleries.,+
764,Alice,drives,to,these,yellow,art,marshalls.,-
765,This,waiter,hasn't,cleaned,these,dirty,shoes.,+
766,This,overcoat,hasn't,cleaned,these,dirty,shoes.,-
767,Sharon,had,escaped,from,these,content,students.,+
768,Sharon,had,escaped,from,these,content,items.,-
769,A,lot,of,boys,boycotted,that,bad,government.,+
770,A,lot,of,boys,boycotted,that,bad,decision.,-
771,Beth,hasn't,sounded,like,this,dirty,grocery,store.,+
772,Beth,hasn't,sounded,like,this,dirty,grocery,second.,-
773,Some,people,admire,that,out,in,the,open,sock.,+
774,Some,ladies,admire,that,out,in,the,open,sock.,-
775,These,women,describe,that,upset,teenager.,+
776,These,lands,describe,that,upset,teenager.,-
777,Patricia,was,passing,that,big,library.,+
778,Patricia,was,passing,that,big,hostile.,-
779,Tamara,fired,these,excited,teenagers.,+
780,Tamara,fired,these,excited,bulges.,-
781,These,waiters,were,approaching,this,busy,guy.,+
782,These,godfathers,were,approaching,this,busy,guy.,-
783,Lucille,exits,this,gray,restaurant.,+
784,Lucille,exits,this,gray,mechanic.,-
785,Randolf,would,research,those,good,plays.,+
786,Randolf,would,research,those,good,cats.,-
787,Some,rugs,distract,these,important,adults.,+
788,Some,gallons,distract,these,important,adults.,-
789,The,waiters,research,those,popular,legislatures.,+
790,The,impresses,research,those,popular,legislatures.,-
791,Michael,conceals,this,happy,waiter.,+
792,Michael,conceals,this,happy,pouch.,-
793,Alan,arrives,at,those,bad,malls.,+
794,Alan,arrives,at,those,bad,salvage.,-
795,A,lot,of,prints,looked,like,this,clean,couch.,+
796,A,lot,of,prints,looked,like,this,clean,pinky.,-
797,Deanna,has,irritated,that,bad,government.,+
798,Deanna,has,irritated,that,bad,understanding.,-
799,The,children,are,talking,to,that,ill,lady.,+
800,The,ceremonies,are,talking,to,that,ill,lady.,-
801,Pedestrians,describe,those,new,art,galleries.,+
802,Pedestrians,describe,those,new,art,markings.,-
803,Senators,drive,to,that,brown,high,school.,+
804,Senators,drive,to,that,brown,high,michael.,-
805,Curtis,can,bring,this,rough,book.,+
806,Curtis,can,bring,this,rough,offer.,-
807,Wayne,cleans,that,orange,college,campus.,+
808,Wayne,cleans,that,orange,college,wardrobe.,-
809,A,coat,did,distract,those,determined,doctors.,+
810,an,upper,did,distract,those,determined,doctors.,-
811,Nina,approached,that,unsure,girl.,+
812,Nina,approached,that,unsure,wrong.,-
813,Some,drawing,looks,like,those,good,eyes.,+
814,Some,andrew,looks,like,those,good,eyes.,-
815,Most,mirrors,were,alarming,this,popular,organization.,+
816,Most,mirrors,were,alarming,this,popular,technique.,-
817,The,teachers,watch,those,exposed,senators.,+
818,The,previews,watch,those,exposed,senators.,-
819,Russell,examines,that,brown,book.,+
820,Russell,examines,that,brown,joint.,-
821,A,lot,of,governments,boast,about,those,confident,guys.,+
822,A,lot,of,governments,boast,about,those,confident,halls.,-
823,The,drawing,is,aggravating,this,exposed,adult.,+
824,The,banking,is,aggravating,this,exposed,adult.,-
825,Samantha,will,argue,about,these,confident,patients.,+
826,Samantha,will,argue,about,these,confident,elbows.,-
827,The,slope,won't,astound,that,new,bank.,+
828,The,blender,won't,astound,that,new,bank.,-
829,Larry,wouldn't,mess,up,those,gray,banks.,+
830,Larry,wouldn't,mess,up,those,gray,desires.,-
831,Jesus,had,worn,these,cheap,coats.,+
832,Jesus,had,worn,these,cheap,buzzes.,-
833,Carol,did,escape,from,those,good,teenagers.,+
834,Carol,did,escape,from,those,good,eradication.,-
835,All,ladies,can,go,to,this,popular,movie,theater.,+
836,All,dens,can,go,to,this,popular,movie,theater.,-
837,Teenagers,hire,this,clever,cashier.,+
838,Teenagers,hire,this,clever,oneida.,-
839,Joseph,hadn't,worked,with,this,content,pedestrian.,+
840,Joseph,hadn't,worked,with,this,content,kamikaze.,-
841,Every,pedestrian,can't,hurt,that,unconvinced,girl.,+
842,Every,priesthood,can't,hurt,that,unconvinced,girl.,-
843,Some,pants,have,stunned,this,blue,hospital.,+
844,Some,arizona,have,stunned,this,blue,hospital.,-
845,A,lot,of,organizations,love,those,old,pedestrians.,+
846,A,lot,of,organizations,love,those,old,ventures.,-
847,Douglas,hadn't,respected,those,clean,grocery,stores.,+
848,Douglas,hadn't,respected,those,clean,grocery,raps.,-
849,A,teenager,loves,these,delighted,guests.,+
850,a,shambles,loves,these,delighted,guests.,-
851,Christopher,wouldn't,bike,to,these,out,in,the,open,hospitals.,+
852,Christopher,wouldn't,bike,to,these,out,in,the,open,causes.,-
853,These,adults,should,fire,those,lost,patients.,+
854,These,grahams,should,fire,those,lost,patients.,-
855,Stephanie,questions,that,sick,adult.,+
856,Stephanie,questions,that,sick,spam.,-
857,Every,cart,hasn't,impressed,these,employed,teenagers.,+
858,Every,knack,hasn't,impressed,these,employed,teenagers.,-
859,The,gates,haven't,bothered,these,exposed,waiters.,+
860,The,albums,haven't,bothered,these,exposed,waiters.,-
861,Donald,cleans,these,new,hospitals.,+
862,Donald,cleans,these,new,drinks.,-
863,Dawn,wasn't,concealing,that,new,glass.,+
864,Dawn,wasn't,concealing,that,new,drive.,-
865,Tamara,is,wearing,these,good,sweaters.,+
866,Tamara,is,wearing,these,good,spotlights.,-
867,A,mirror,bores,this,small,senator.,+
868,a,senior,bores,this,small,senator.,-
869,Todd,didn't,talk,about,these,red,brochures.,+
870,Todd,didn't,talk,about,these,red,paperbacks.,-
871,Some,mushrooms,were,alarming,this,out,in,the,open,library.,+
872,Some,attrition,were,alarming,this,out,in,the,open,library.,-
873,The,man,can,care,for,those,determined,ladies.,+
874,The,sale,can,care,for,those,determined,ladies.,-
875,Every,pedestrian,goes,to,these,important,public,parks.,+
876,Every,wristband,goes,to,these,important,public,parks.,-
877,The,patients,run,around,that,good,college,campus.,+
878,The,shirts,run,around,that,good,college,campus.,-
879,Many,boys,drive,to,those,new,banks.,+
880,Many,desires,drive,to,those,new,banks.,-
881,Some,ladies,clean,these,big,brochures.,+
882,Some,primes,clean,these,big,brochures.,-
883,Karla,hasn't,helped,this,nice,girl.,+
884,Karla,hasn't,helped,this,nice,smart.,-
885,Guests,had,investigated,that,busy,boy.,+
886,Guests,had,investigated,that,busy,desire.,-
887,Brian,isn't,appreciating,these,fast,waiters.,+
888,Brian,isn't,appreciating,these,fast,pals.,-
889,Lucille,observed,those,young,doctors.,+
890,Lucille,observed,those,young,externals.,-
891,Erin,isn't,criticizing,this,purple,book.,+
892,Erin,isn't,criticizing,this,purple,library.,-
893,All,men,remembered,these,exposed,pamphlets.,+
894,All,joins,remembered,these,exposed,pamphlets.,-
895,The,Impressionists,reference,these,purple,books.,+
896,The,Impressionists,reference,these,purple,profiles.,-
897,Many,hospitals,buy,these,gray,hospitals.,+
898,Many,stakes,buy,these,gray,hospitals.,-
899,Timothy,admires,that,hard,dog.,+
900,Timothy,admires,that,hard,fell.,-
901,Laurie,thought,about,these,hard,forks.,+
902,Laurie,thought,about,these,hard,recitals.,-
903,Paul,did,break,these,concealed,dishes.,+
904,Paul,did,break,these,concealed,quotes.,-
905,A,lot,of,adults,bike,to,these,hard,cafes.,+
906,A,lot,of,adults,bike,to,these,hard,branches.,-
907,Karla,was,passing,those,big,movie,theaters.,+
908,Karla,was,passing,those,big,movie,repositories.,-
909,Most,companies,could,listen,to,those,popular,girls.,+
910,Most,companies,could,listen,to,those,popular,soldiers.,-
911,All,children,insult,these,exposed,grocery,stores.,+
912,All,bombs,insult,these,exposed,grocery,stores.,-
913,Many,teenagers,buy,these,bad,scarves.,+
914,Many,sooners,buy,these,bad,scarves.,-
915,Most,pedestrians,return,to,that,cheap,art,gallery.,+
916,Most,pedestrians,return,to,that,cheap,art,kidney.,-
917,Dennis,hadn't,discussed,those,upset,customers.,+
918,Dennis,hadn't,discussed,those,upset,settlements.,-
919,Current,events,annoy,these,popular,organizations.,+
920,Current,events,annoy,these,popular,engineering.,-
921,Nancy,hasn't,revealed,these,out,in,the,open,dogs.,+
922,Nancy,hasn't,revealed,these,out,in,the,open,mobiles.,-
923,Many,ladies,hug,this,important,girl.,+
924,Many,simpsons,hug,this,important,girl.,-
925,Children,research,that,out,in,the,open,grocery,store.,+
926,Children,research,that,out,in,the,open,grocery,flag.,-
927,Matt,hadn't,revealed,these,popular,reports.,+
928,Matt,hadn't,revealed,these,popular,westerns.,-
929,Russell,hasn't,concealed,these,confident,actresses.,+
930,Russell,hasn't,concealed,these,confident,harm.,-
931,Scott,would,scan,those,rough,reports.,+
932,Scott,would,scan,those,rough,innocents.,-
933,Jacqueline,hadn't,hidden,those,hopeful,doctors.,+
934,Jacqueline,hadn't,hidden,those,hopeful,deposits.,-
935,Most,patients,disagree,with,this,important,commentary.,+
936,Most,patients,disagree,with,this,important,fingerprint.,-
937,These,waiters,fix,those,blue,chairs.,+
938,These,nerds,fix,those,blue,chairs.,-
939,Every,association,isn't,selling,that,gray,high,school.,+
940,Every,bullshit,isn't,selling,that,gray,high,school.,-
941,Ellen,wasn't,attacking,that,smart,guy.,+
942,Ellen,wasn't,attacking,that,smart,travel.,-
943,Walter,should,take,that,gray,art,gallery.,+
944,Walter,should,take,that,gray,art,vienna.,-
945,Some,slope,has,annoyed,these,clever,ladies.,+
946,Some,asylum,has,annoyed,these,clever,ladies.,-
947,Natalie,might,pass,this,green,mall.,+
948,Natalie,might,pass,this,green,torture.,-
949,Men,break,those,gray,plates.,+
950,Men,break,those,gray,des.,-
951,The,museums,might,praise,those,bad,plays.,+
952,The,platforms,might,praise,those,bad,plays.,-
953,Jason,passed,that,green,bank.,+
954,Jason,passed,that,green,phone.,-
955,Jill,drove,to,that,white,art,gallery.,+
956,Jill,drove,to,that,white,art,citrus.,-
957,The,blouse,stuns,this,important,library.,+
958,The,cantor,stuns,this,important,library.,-
959,The,Borgias,were,examining,that,black,newspaper,article.,+
960,The,Borgias,were,examining,that,black,newspaper,storm.,-
961,That,waiter,exits,these,big,schools.,+
962,That,sidekick,exits,these,big,schools.,-
963,These,people,heal,this,lost,cat.,+
964,These,shootings,heal,this,lost,cat.,-
965,Regina,had,lifted,these,green,shoes.,+
966,Regina,had,lifted,these,green,rulers.,-
967,These,women,see,these,concealed,libraries.,+
968,These,genes,see,these,concealed,libraries.,-
969,Katherine,had,arrived,at,these,dirty,libraries.,+
970,Katherine,had,arrived,at,these,dirty,paragraphs.,-
971,That,nose,disturbed,this,determined,boy.,+
972,That,roots,disturbed,this,determined,boy.,-
973,Florence,helped,those,good,actresses.,+
974,Florence,helped,those,good,dantes.,-
975,Those,hospitals,respect,these,smart,waiters.,+
976,Those,acceptances,respect,these,smart,waiters.,-
977,That,school,upsets,that,bad,patient.,+
978,That,effort,upsets,that,bad,patient.,-
979,These,actors,drop,by,these,bad,public,parks.,+
980,These,grinds,drop,by,these,bad,public,parks.,-
981,Guys,can,kiss,this,clever,boy.,+
982,Guys,can,kiss,this,clever,dvd.,-
983,Carol,won't,clean,that,smooth,rug.,+
984,Carol,won't,clean,that,smooth,papua.,-
985,A,waitress,explored,those,small,cafes.,+
986,a,burlap,explored,those,small,cafes.,-
987,Many,snakes,weren't,bothering,these,bad,universities.,+
988,Many,tombs,weren't,bothering,these,bad,universities.,-
989,Thomas,isn't,hugging,those,scared,teenagers.,+
990,Thomas,isn't,hugging,those,scared,monopolies.,-
991,Sarah,drops,by,this,red,art,gallery.,+
992,Sarah,drops,by,this,red,art,following.,-
993,Matt,won't,hurt,this,serious,lady.,+
994,Matt,won't,hurt,this,serious,colours.,-
995,All,patients,approach,this,standing,waiter.,+
996,All,softwares,approach,this,standing,waiter.,-
997,The,women,reveal,these,bad,dresses.,+
998,The,kisses,reveal,these,bad,dresses.,-
999,Carrie,remembered,those,ill,drivers.,+
1000,Carrie,remembered,those,ill,fans.,-
1001,Maria,hasn't,insulted,this,important,commentary.,+
1002,Maria,hasn't,insulted,this,important,basketball.,-
1003,Victoria,drove,to,those,blue,grocery,stores.,+
1004,Victoria,drove,to,those,blue,grocery,romances.,-
1005,Denise,fled,from,those,small,drivers.,+
1006,Denise,fled,from,those,small,spencers.,-
1007,These,muffins,haven't,bored,those,standing,guys.,+
1008,These,comanches,haven't,bored,those,standing,guys.,-
1009,Many,girls,hadn't,talked,to,that,troubled,patient.,+
1010,Many,someones,hadn't,talked,to,that,troubled,patient.,-
1011,A,lot,of,bicycles,didn't,annoy,this,bad,museum.,+
1012,A,lot,of,bicycles,didn't,annoy,this,bad,dispatch.,-
1013,Amy,had,left,these,hard,public,parks.,+
1014,Amy,had,left,these,hard,public,intents.,-
1015,Theodore,helped,this,bad,patient.,+
1016,Theodore,helped,this,bad,goodbye.,-
1017,Those,teenagers,break,those,cheap,couches.,+
1018,Those,updates,break,those,cheap,couches.,-
1019,Alicia,likes,those,orange,coats.,+
1020,Alicia,likes,those,orange,tips.,-
1021,Ruth,shouldn't,embarrass,those,out,in,the,open,cashiers.,+
1022,Ruth,shouldn't,embarrass,those,out,in,the,open,demolitions.,-
1023,Many,people,kiss,these,displeased,patients.,+
1024,Many,combats,kiss,these,displeased,patients.,-
1025,Sally,boasted,about,these,ill,cashiers.,+
1026,Sally,boasted,about,these,ill,cashmere.,-
1027,Many,boys,explore,those,cheap,schools.,+
1028,Many,borders,explore,those,cheap,schools.,-
1029,Joel,is,cleaning,those,messy,schools.,+
1030,Joel,is,cleaning,those,messy,bodies.,-
1031,A,lot,of,guests,hadn't,gone,to,these,green,grocery,stores.,+
1032,A,lot,of,guests,hadn't,gone,to,these,green,grocery,teaches.,-
1033,Jason,exits,that,purple,college,campus.,+
1034,Jason,exits,that,purple,college,painting.,-
1035,Nina,visits,this,rough,bank.,+
1036,Nina,visits,this,rough,anime.,-
1037,That,organization,was,buying,that,hard,glove.,+
1038,That,pretending,was,buying,that,hard,glove.,-
1039,Lawrence,isn't,approaching,those,serious,boys.,+
1040,Lawrence,isn't,approaching,those,serious,steals.,-
1041,These,patients,will,research,this,important,drawing.,+
1042,These,appearances,will,research,this,important,drawing.,-
1043,Mitchell,might,resemble,these,orange,pictures.,+
1044,Mitchell,might,resemble,these,orange,chemistries.,-
1045,The,Great,Lakes,scare,those,young,senators.,+
1046,The,Great,Lakes,scare,those,young,koreas.,-
1047,Kristen,has,those,blue,plates.,+
1048,Kristen,has,those,blue,mock.,-
1049,Matt,remembered,that,upset,guest.,+
1050,Matt,remembered,that,upset,drama.,-
1051,Cynthia,hasn't,found,this,good,drawing.,+
1052,Cynthia,hasn't,found,this,good,am.,-
1053,These,teenagers,weren't,revealing,this,black,public,park.,+
1054,These,fascism,weren't,revealing,this,black,public,park.,-
1055,Most,senators,concealed,those,young,guys.,+
1056,Most,senators,concealed,those,young,pas.,-
1057,Those,teenagers,kissed,that,unconvinced,cashier.,+
1058,Those,tumbles,kissed,that,unconvinced,cashier.,-
1059,Daniel,should,talk,to,this,delighted,boy.,+
1060,Daniel,should,talk,to,this,delighted,path.,-
1061,The,people,cleaned,that,gray,movie,theater.,+
1062,The,hate,cleaned,that,gray,movie,theater.,-
1063,The,adults,approach,those,lost,teenagers.,+
1064,The,exposures,approach,those,lost,teenagers.,-
1065,Christine,is,dropping,by,these,cheap,grocery,stores.,+
1066,Christine,is,dropping,by,these,cheap,grocery,spreads.,-
1067,A,student,approaches,that,delighted,lady.,+
1068,an,albert,approaches,that,delighted,lady.,-
1069,The,Clintons,see,those,good,guests.,+
1070,The,Clintons,see,those,good,exchanges.,-
1071,Most,drawings,look,like,those,smart,patients.,+
1072,Most,drawings,look,like,those,smart,jungles.,-
1073,Martin,wasn't,confusing,that,important,committee.,+
1074,Martin,wasn't,confusing,that,important,disabled.,-
1075,All,trucks,look,like,this,big,picture.,+
1076,All,patrons,look,like,this,big,picture.,-
1077,All,governments,hire,those,exposed,actors.,+
1078,All,backgrounds,hire,those,exposed,actors.,-
1079,This,hospital,will,reference,those,out,in,the,open,doctors.,+
1080,This,import,will,reference,those,out,in,the,open,doctors.,-
1081,That,rug,stuns,this,good,committee.,+
1082,That,corset,stuns,this,good,committee.,-
1083,Pamela,could,return,to,these,orange,grocery,stores.,+
1084,Pamela,could,return,to,these,orange,grocery,slips.,-
1085,Tanya,talked,to,those,uncertain,waiters.,+
1086,Tanya,talked,to,those,uncertain,sacks.,-
1087,Most,drawings,look,like,this,green,print.,+
1088,Most,drawings,look,like,this,green,academy.,-
1089,Some,waitresses,admire,this,concealed,newspaper,article.,+
1090,Some,lanterns,admire,this,concealed,newspaper,article.,-
1091,This,adult,hadn't,sold,that,soft,jacket.,+
1092,This,cemetery,hadn't,sold,that,soft,jacket.,-
1093,Some,shoe,confuses,this,yellow,bank.,+
1094,Some,trigger,confuses,this,yellow,bank.,-
1095,These,women,drop,by,this,orange,school.,+
1096,These,limits,drop,by,this,orange,school.,-
1097,These,patients,approach,these,smart,girls.,+
1098,These,clarks,approach,these,smart,girls.,-
1099,That,sketch,hadn't,looked,like,those,out,in,the,open,malls.,+
1100,That,violation,hadn't,looked,like,those,out,in,the,open,malls.,-
1101,Alicia,hadn't,shocked,these,unemployed,cashiers.,+
1102,Alicia,hadn't,shocked,these,unemployed,conduction.,-
1103,The,Impressionists,drop,by,this,gray,mall.,+
1104,The,adjudicators,drop,by,this,gray,mall.,-
1105,Aaron,loved,that,brown,newspaper,article.,+
1106,Aaron,loved,that,brown,newspaper,dairy.,-
1107,Jane,examined,this,bad,play.,+
1108,Jane,examined,this,bad,africa.,-
1109,All,guys,could,bore,this,unemployed,dancer.,+
1110,All,evens,could,bore,this,unemployed,dancer.,-
1111,The,library,should,like,this,troubled,cashier.,+
1112,The,drawing,should,like,this,troubled,cashier.,-
1113,A,lot,of,trucks,bore,those,confident,children.,+
1114,A,lot,of,trucks,bore,those,confident,keys.,-
1115,Those,photographs,hurt,those,hopeful,patients.,+
1116,Those,establishments,hurt,those,hopeful,patients.,-
1117,Janet,appreciated,that,scared,dancer.,+
1118,Janet,appreciated,that,scared,trickle.,-
1119,Some,teenager,forgets,those,ill,doctors.,+
1120,Some,flirting,forgets,those,ill,doctors.,-
1121,That,patient,escapes,from,those,hidden,cashiers.,+
1122,That,minimum,escapes,from,those,hidden,cashiers.,-
1123,A,person,isn't,touring,this,green,restaurant.,+
1124,a,season,isn't,touring,this,green,restaurant.,-
1125,Liam,doesn't,remember,that,fast,pedestrian.,+
1126,Liam,doesn't,remember,that,fast,canberra.,-
1127,Every,adult,broke,that,purple,plate.,+
1128,Every,isle,broke,that,purple,plate.,-
1129,Ann,thought,about,those,good,committees.,+
1130,Ann,thought,about,those,good,enforcement.,-
1131,Ruth,will,dislike,these,fast,dancers.,+
1132,Ruth,will,dislike,these,fast,herpes.,-
1133,Samantha,impressed,this,troubled,customer.,+
1134,Samantha,impressed,this,troubled,yogurt.,-
1135,Most,doors,annoyed,that,content,customer.,+
1136,Most,doors,annoyed,that,content,jenny.,-
1137,A,lot,of,cashiers,have,messed,up,that,rough,bank.,+
1138,A,lot,of,cashiers,have,messed,up,that,rough,cave.,-
1139,Lisa,alarmed,those,popular,organizations.,+
1140,Lisa,alarmed,those,popular,speculations.,-
1141,This,student,boasts,about,those,important,documentaries.,+
1142,This,ghost,boasts,about,those,important,documentaries.,-
1143,Sarah,wasn't,passing,those,messy,museums.,+
1144,Sarah,wasn't,passing,those,messy,slaps.,-
1145,Sharon,helps,that,young,guy.,+
1146,Sharon,helps,that,young,yellow.,-
1147,Those,teachers,sound,like,these,out,in,the,open,malls.,+
1148,Those,salaries,sound,like,these,out,in,the,open,malls.,-
1149,Amanda,would,admire,these,new,dresses.,+
1150,Amanda,would,admire,these,new,phds.,-
1151,Every,waitress,hadn't,gone,to,that,rough,school.,+
1152,Every,menace,hadn't,gone,to,that,rough,school.,-
1153,Many,patients,hire,these,concealed,patients.,+
1154,Many,politics,hire,these,concealed,patients.,-
1155,Todd,fired,these,ill,senators.,+
1156,Todd,fired,these,ill,chewing.,-
1157,Many,guests,fix,those,whole,cups.,+
1158,Many,lettings,fix,those,whole,cups.,-
1159,Many,senators,run,around,those,concealed,movie,theaters.,+
1160,Many,freight,run,around,those,concealed,movie,theaters.,-
1161,Tamara,wasn't,visiting,that,popular,art,gallery.,+
1162,Tamara,wasn't,visiting,that,popular,art,dialect.,-
1163,A,guest,will,fix,those,out,in,the,open,plates.,+
1164,a,quad,will,fix,those,out,in,the,open,plates.,-
1165,Some,guys,explore,those,popular,museums.,+
1166,Some,nos,explore,those,popular,museums.,-
1167,Some,sweater,stuns,this,out,in,the,open,teenager.,+
1168,Some,quid,stuns,this,out,in,the,open,teenager.,-
1169,A,lot,of,adults,describe,these,popular,guests.,+
1170,A,lot,of,adults,describe,these,popular,incidents.,-
1171,Governments,can,boast,about,those,uncertain,teachers.,+
1172,Governments,can,boast,about,those,uncertain,drivers.,-
1173,Naomi,has,revealed,those,yellow,hospitals.,+
1174,Naomi,has,revealed,those,yellow,anniversaries.,-
1175,Jesus,didn't,exit,these,white,schools.,+
1176,Jesus,didn't,exit,these,white,cases.,-
1177,Valerie,hadn't,arrived,at,these,old,museums.,+
1178,Valerie,hadn't,arrived,at,these,old,billboards.,-
1179,Holly,wouldn't,help,those,smart,waiters.,+
1180,Holly,wouldn't,help,those,smart,coals.,-
1181,All,men,escape,from,these,uncertain,actors.,+
1182,All,trials,escape,from,these,uncertain,actors.,-
1183,Some,college,campus,hasn't,scared,these,unemployed,boys.,+
1184,Some,college,freezer,hasn't,scared,these,unemployed,boys.,-
1185,The,guy,fires,those,lucky,pedestrians.,+
1186,The,total,fires,those,lucky,pedestrians.,-
1187,Students,listen,to,that,happy,patient.,+
1188,Students,listen,to,that,happy,history.,-
1189,Eva,will,cure,these,bad,dogs.,+
1190,Eva,will,cure,these,bad,guides.,-
1191,Alicia,didn't,take,those,red,eyes.,+
1192,Alicia,didn't,take,those,red,toes.,-
1193,This,vase,had,disgusted,these,standing,customers.,+
1194,This,mojave,had,disgusted,these,standing,customers.,-
1195,Allison,boycotts,these,good,legislatures.,+
1196,Allison,boycotts,these,good,fraternities.,-
1197,Jennifer,can,return,to,these,important,children.,+
1198,Jennifer,can,return,to,these,important,knocks.,-
1199,Some,bananas,embarrass,these,important,banks.,+
1200,Some,ordeals,embarrass,these,important,banks.,-
1201,The,waitress,has,that,important,hamster.,+
1202,The,stein,has,that,important,hamster.,-
1203,Derek,healed,this,hopeful,student.,+
1204,Derek,healed,this,hopeful,dealer.,-
1205,Douglas,escapes,from,those,upset,teenagers.,+
1206,Douglas,escapes,from,those,upset,retreats.,-
1207,Donna,returned,to,these,small,guests.,+
1208,Don,na,returned,to,these,small,newborns.,-
1209,Brian,is,investigating,those,bad,adults.,+
1210,Brian,is,investigating,those,bad,triumphs.,-
1211,Ellen,could,go,to,those,popular,schools.,+
1212,Ellen,could,go,to,those,popular,totals.,-
1213,Men,investigate,those,good,museums.,+
1214,Men,investigate,those,good,canadians.,-
1215,Samantha,stunned,this,bad,hospital.,+
1216,Samantha,stunned,this,bad,stage.,-
1217,Travel,hasn't,astounded,these,uncertain,ladies.,+
1218,Travel,hasn't,astounded,these,uncertain,extents.,-
1219,Kristin,should,conceal,these,sick,teachers.,+
1220,Kristin,should,conceal,these,sick,graduates.,-
1221,Sally,sounded,like,these,dirty,museums.,+
1222,Sally,sounded,like,these,dirty,debts.,-
1223,Rodney,hasn't,arrived,at,this,good,school.,+
1224,Rodney,hasn't,arrived,at,this,good,general.,-
1225,George,could,examine,those,important,newspaper,articles.,+
1226,George,could,examine,those,important,newspaper,rushes.,-
1227,Many,dancers,disagree,with,these,displeased,dancers.,+
1228,Many,longings,disagree,with,these,displeased,dancers.,-
1229,Elaine,has,upset,those,scared,students.,+
1230,Elaine,has,upset,those,scared,goats.,-
1231,The,icicles,alarm,that,good,company.,+
1232,The,hyacinths,alarm,that,good,company.,-
1233,Most,legislatures,loved,this,unemployed,teenager.,+
1234,Most,legislatures,loved,this,unemployed,silva.,-
1235,Politics,was,shocking,these,scared,teachers.,+
1236,Politics,was,shocking,these,scared,quarters.,-
1237,Todd,should,lift,those,out,in,the,open,shoes.,+
1238,Todd,should,lift,those,out,in,the,open,vacuums.,-
1239,Kevin,has,biked,to,that,cheap,bank.,+
1240,Kevin,has,biked,to,that,cheap,former.,-
1241,Some,mouth,does,stun,that,unlucky,waiter.,+
1242,Some,ring,does,stun,that,unlucky,waiter.,-
1243,Nancy,has,argued,about,this,serious,patient.,+
1244,Nancy,has,argued,about,this,serious,shooting.,-
1245,Chad,boycotted,these,blue,schools.,+
1246,Chad,boycotted,these,blue,feet.,-
1247,The,public,parks,haven't,bothered,these,popular,governments.,+
1248,The,public,aids,haven't,bothered,these,popular,governments.,-
1249,These,dancers,aren't,embarrassing,that,sick,senator.,+
1250,These,pistols,aren't,embarrassing,that,sick,senator.,-
1251,Those,people,think,about,those,black,hats.,+
1252,Those,flats,think,about,those,black,hats.,-
1253,Science,had,disturbed,these,standing,guys.,+
1254,Science,had,disturbed,these,standing,lefts.,-
1255,Elizabeth,hadn't,arrived,at,this,popular,cafe.,+
1256,Elizabeth,hadn't,arrived,at,this,popular,pie.,-
1257,Liam,boycotted,these,important,universities.,+
1258,Liam,boycotted,these,important,contexts.,-
1259,Russell,wasn't,criticizing,this,young,doctor.,+
1260,Russell,wasn't,criticizing,this,young,capacity.,-
1261,Those,teachers,heal,that,sick,hamster.,+
1262,Those,josephs,heal,that,sick,hamster.,-
1263,Most,waitresses,revealed,this,yellow,coat.,+
1264,Most,waitresses,revealed,this,yellow,hold.,-
1265,Omar,can't,attack,these,unconvinced,teachers.,+
1266,Omar,can't,attack,these,unconvinced,princesses.,-
1267,Every,guest,fixes,that,purple,glass.,+
1268,Every,tease,fixes,that,purple,glass.,-
1269,Richard,should,pass,these,dirty,grocery,stores.,+
1270,Richard,should,pass,these,dirty,grocery,carries.,-
1271,Chad,hasn't,forgotten,this,troubled,doctor.,+
1272,Chad,hasn't,forgotten,this,troubled,beard.,-
1273,Those,waiters,watch,those,small,girls.,+
1274,Those,bounties,watch,those,small,girls.,-
1275,Some,fish,haven't,resembled,this,white,drawing.,+
1276,Some,coups,haven't,resembled,this,white,drawing.,-
1277,The,Lutherans,could,praise,those,nice,boys.,+
1278,The,Lutherans,could,praise,those,nice,children.,-
1279,The,woman,visited,that,old,high,school.,+
1280,The,la,visited,that,old,high,school.,-
1281,Eva,did,heal,that,brown,turtle.,+
1282,Eva,did,heal,that,brown,byron.,-
1283,These,people,help,these,clever,waitresses.,+
1284,These,networks,help,these,clever,waitresses.,-
1285,Many,waiters,buy,those,exposed,prints.,+
1286,Many,lashes,buy,those,exposed,prints.,-
1287,Laurie,hadn't,returned,to,this,serious,driver.,+
1288,Laurie,hadn't,returned,to,this,serious,dylan.,-
1289,Sandra,scanned,these,small,reports.,+
1290,Sandra,scanned,these,small,servings.,-
1291,A,lot,of,guests,appreciate,that,happy,teenager.,+
1292,A,lot,of,guests,appreciate,that,happy,traverse.,-
1293,These,teenagers,drop,by,this,white,public,park.,+
1294,These,sawyers,drop,by,this,white,public,park.,-
1295,Kirsten,is,discovering,this,long,play.,+
1296,Kirsten,is,discovering,this,long,senior.,-
1297,Stacy,has,criticized,those,dirty,cafes.,+
1298,Stacy,has,criticized,those,dirty,canyons.,-
1299,Kimberley,breaks,this,blue,cup.,+
1300,Kimberley,breaks,this,blue,lied.,-
1301,Those,waitresses,hadn't,visited,these,delighted,dancers.,+
1302,Those,corrals,hadn't,visited,these,delighted,dancers.,-
1303,This,cashier,reveals,this,small,restaurant.,+
1304,This,takeaway,reveals,this,small,restaurant.,-
1305,The,women,attack,these,uncertain,boys.,+
1306,The,docs,attack,these,uncertain,boys.,-
1307,The,glacier,confuses,these,popular,legislatures.,+
1308,The,mossad,confuses,these,popular,legislatures.,-
1309,Carrie,saw,that,cheap,shawl.,+
1310,Carrie,saw,that,cheap,monogram.,-
1311,Maria,hasn't,loved,those,excited,boys.,+
1312,Maria,hasn't,loved,those,excited,eighths.,-
1313,Some,women,weren't,talking,to,that,unconvinced,dancer.,+
1314,Some,assaults,weren't,talking,to,that,unconvinced,dancer.,-
1315,Janet,isn't,arriving,at,this,purple,restaurant.,+
1316,Janet,isn't,arriving,at,this,purple,corporation.,-
1317,Bruce,had,fired,this,troubled,adult.,+
1318,Bruce,had,fired,this,troubled,glory.,-
1319,Rose,hadn't,scared,this,important,government.,+
1320,Rose,hadn't,scared,this,important,culture.,-
1321,Every,association,was,insulting,those,out,in,the,open,brochures.,+
1322,Every,education,was,insulting,those,out,in,the,open,brochures.,-
1323,Jill,doesn't,drive,to,those,orange,movie,theaters.,+
1324,Jill,doesn't,drive,to,those,orange,movie,prophets.,-
1325,Stephen,had,messed,up,this,bad,glass.,+
1326,Stephen,had,messed,up,this,bad,annual.,-
1327,Dawn,was,boring,those,young,teachers.,+
1328,Dawn,was,boring,those,young,solids.,-
1329,Sonia,should,tour,these,cheap,restaurants.,+
1330,Sonia,should,tour,these,cheap,terrains.,-
1331,Gina,talks,about,those,long,plays.,+
1332,Gina,talks,about,those,long,agencies.,-
1333,Adam,researched,this,popular,government.,+
1334,Adam,researched,this,popular,territory.,-
1335,Tina,insults,that,smart,senator.,+
1336,Tina,insults,that,smart,grind.,-
1337,Steve,didn't,boast,about,those,old,teachers.,+
1338,Steve,didn't,boast,about,those,old,glows.,-
1339,Patrick,was,concealing,this,brown,fork.,+
1340,Patrick,was,concealing,this,brown,gallows.,-
1341,Marie,couldn't,clean,this,old,jacket.,+
1342,Marie,couldn't,clean,this,old,paterson.,-
1343,Jesus,had,this,gray,bank.,+
1344,Jesus,had,this,gray,pot.,-
1345,Daniel,examines,this,good,essay.,+
1346,Daniel,examines,this,good,grave.,-
1347,Paula,does,break,this,yellow,cup.,+
1348,Paula,does,break,this,yellow,bobby.,-
1349,Homer,boycotted,that,good,university.,+
1350,Homer,boycotted,that,good,italian.,-
1351,Dana,escaped,from,those,hopeful,waitresses.,+
1352,Dana,escaped,from,those,hopeful,pasties.,-
1353,The,children,have,complained,about,that,long,essay.,+
1354,The,someones,have,complained,about,that,long,essay.,-
1355,Elizabeth,loves,those,important,drivers.,+
1356,Elizabeth,loves,those,important,vendors.,-
1357,Susan,hadn't,passed,those,out,in,the,open,libraries.,+
1358,Susan,hadn't,passed,those,out,in,the,open,illusions.,-
1359,Patricia,is,breaking,this,gray,chair.,+
1360,Patricia,is,breaking,this,gray,waters.,-
1361,Some,men,admire,these,concealed,pamphlets.,+
1362,Some,mines,admire,these,concealed,pamphlets.,-
1363,Tanya,isn't,wearing,that,popular,hat.,+
1364,Tanya,isn't,wearing,that,popular,steele.,-
1365,Melanie,cared,for,this,smart,waitress.,+
1366,Melanie,cared,for,this,smart,engraving.,-
1367,Many,dancers,hire,that,lucky,adult.,+
1368,Many,drapers,hire,that,lucky,adult.,-
1369,Keith,didn't,disgust,those,bad,universities.,+
1370,Keith,didn't,disgust,those,bad,internationals.,-
1371,Angela,cared,for,this,determined,student.,+
1372,Angela,cared,for,this,determined,parks.,-
1373,Most,waitresses,aren't,wearing,that,good,sock.,+
1374,Most,waitresses,aren't,wearing,that,good,turkic.,-
1375,Those,students,bike,to,that,out,in,the,open,movie,theater.,+
1376,Those,circles,bike,to,that,out,in,the,open,movie,theater.,-
1377,Those,women,reveal,that,old,student.,+
1378,Those,mornings,reveal,that,old,student.,-
1379,Some,senator,hadn't,passed,these,white,malls.,+
1380,Some,senator,hadn't,passed,these,white,salutes.,-
1381,Florence,does,skate,around,this,red,public,park.,+
1382,Florence,does,skate,around,this,red,public,staff.,-
1383,Steven,hasn't,loved,these,old,drivers.,+
1384,Steven,hasn't,loved,these,old,defeats.,-
1385,All,adults,break,this,lost,plate.,+
1386,All,throats,break,this,lost,plate.,-
1387,Carrie,wasn't,insulting,these,content,senators.,+
1388,Carrie,wasn't,insulting,these,content,debts.,-
1389,Sheila,sees,that,brown,photograph.,+
1390,Sheila,sees,that,brown,furnace.,-
1391,Every,person,wasn't,researching,these,red,books.,+
1392,Every,personal,wasn't,researching,these,red,books.,-
1393,Lissa,cured,those,uncertain,adults.,+
1394,Lissa,cured,those,uncertain,fairs.,-
1395,Gerald,was,visiting,these,fast,waitresses.,+
1396,Gerald,was,visiting,these,fast,convertibles.,-
1397,Ruth,has,fled,from,these,dirty,restaurants.,+
1398,Ruth,has,fled,from,these,dirty,fortresses.,-
1399,Many,companies,haven't,concealed,this,brown,brochure.,+
1400,Many,primes,haven't,concealed,this,brown,brochure.,-
1401,A,sketch,couldn't,look,like,this,unsure,dancer.,+
1402,a,peabody,couldn't,look,like,this,unsure,dancer.,-
1403,Larry,didn't,bike,to,these,cheap,banks.,+
1404,Larry,didn't,bike,to,these,cheap,assets.,-
1405,Sheila,had,noticed,this,bad,legislature.,+
1406,Sheila,had,noticed,this,bad,depressive.,-
1407,Carmen,isn't,concealing,this,good,turtle.,+
1408,Carmen,isn't,concealing,this,good,wisdom.,-
1409,Bradley,has,walked,through,those,rough,libraries.,+
1410,Bradley,has,walked,through,those,rough,advantages.,-
1411,Many,doctors,pass,those,hard,college,campuses.,+
1412,Many,locations,pass,those,hard,college,campuses.,-
1413,Frank,isn't,listening,to,these,scared,adults.,+
1414,Frank,isn't,listening,to,these,scared,swings.,-
1415,Leslie,doesn't,talk,about,this,out,in,the,open,book.,+
1416,Leslie,doesn't,talk,about,this,out,in,the,open,purpose.,-
1417,An,essay,was,disagreeing,with,this,sick,guest.,+
1418,an,activism,was,disagreeing,with,this,sick,guest.,-
1419,The,governments,remember,these,popular,museums.,+
1420,The,circumstances,remember,these,popular,museums.,-
1421,Many,libraries,work,with,that,clever,actor.,+
1422,Many,beatings,work,with,that,clever,actor.,-
1423,Companies,disgust,this,lucky,lady.,+
1424,Companies,disgust,this,lucky,cia.,-
1425,Cynthia,wouldn't,drop,by,those,yellow,banks.,+
1426,Cynthia,wouldn't,drop,by,those,yellow,primaries.,-
1427,Sherry,had,insulted,that,gray,mall.,+
1428,Sherry,had,insulted,that,gray,pep.,-
1429,Boys,are,driving,to,that,clean,art,gallery.,+
1430,Boys,are,driving,to,that,clean,art,southeast.,-
1431,Patricia,boasted,about,that,determined,adult.,+
1432,Patricia,boasted,about,that,determined,resume.,-
1433,Every,teenager,approached,that,concealed,dancer.,+
1434,Every,separatist,approached,that,concealed,dancer.,-
1435,Christopher,was,healing,that,important,lady.,+
1436,Christopher,was,healing,that,important,mud.,-
1437,Sandra,scanned,that,important,essay.,+
1438,Sandra,scanned,that,important,maneuver.,-
1439,Most,reports,haven't,sounded,like,those,lucky,waiters.,+
1440,Most,reports,haven't,sounded,like,those,lucky,tubes.,-
1441,The,Clintons,distract,that,red,hospital.,+
1442,The,Clintons,distract,that,red,memorial.,-
1443,Some,tomato,worries,those,small,teachers.,+
1444,Some,reply,worries,those,small,teachers.,-
1445,Sara,noticed,these,white,hospitals.,+
1446,Sara,noticed,these,white,spares.,-
1447,Melanie,was,looking,like,this,green,print.,+
1448,Melanie,was,looking,like,this,green,waiter.,-
1449,Some,student,is,praising,these,popular,movies.,+
1450,Some,mystery,is,praising,these,popular,movies.,-
1451,Judy,would,scare,that,standing,pedestrian.,+
1452,Judy,would,scare,that,standing,holotype.,-
1453,Sheila,couldn't,love,this,fast,driver.,+
1454,Sheila,couldn't,love,this,fast,expansion.,-
1455,Irene,had,those,bad,turtles.,+
1456,Irene,had,those,bad,polygons.,-
1457,Timothy,hadn't,described,this,popular,restaurant.,+
1458,Timothy,hadn't,described,this,popular,chapman.,-
1459,Omar,questioned,those,fast,teachers.,+
1460,Omar,questioned,those,fast,sensations.,-
1461,A,dog,scared,those,old,girls.,+
1462,a,brave,scared,those,old,girls.,-
1463,Many,senators,scan,these,black,newspaper,articles.,+
1464,Many,christmases,scan,these,black,newspaper,articles.,-
1465,Ellen,has,hired,that,small,teenager.,+
1466,Ellen,has,hired,that,small,impetus.,-
1467,Cheryl,reveals,these,orange,brochures.,+
1468,Cheryl,reveals,these,orange,attaches.,-
1469,Katherine,might,attack,these,unemployed,waitresses.,+
1470,Katherine,might,attack,these,unemployed,comebacks.,-
1471,Every,icicle,could,embarrass,these,good,universities.,+
1472,Every,stallion,could,embarrass,these,good,universities.,-
1473,This,girl,cures,that,content,actor.,+
1474,This,aspect,cures,that,content,actor.,-
1475,Grace,hasn't,noticed,those,purple,snakes.,+
1476,Grace,hasn't,noticed,those,purple,golds.,-
1477,Janice,is,listening,to,this,confident,student.,+
1478,Janice,is,listening,to,this,confident,poll.,-
1479,These,people,might,talk,about,those,serious,waitresses.,+
1480,These,sites,might,talk,about,those,serious,waitresses.,-
1481,Dennis,is,hiding,those,hopeful,guys.,+
1482,Dennis,is,hiding,those,hopeful,wear.,-
1483,The,ice,cream,resembles,that,important,print.,+
1484,The,ice,sb,resembles,that,important,print.,-
1485,Rachelle,doesn't,break,that,hard,chair.,+
1486,Rachelle,doesn't,break,that,hard,flip.,-
1487,Amy,did,dislike,that,cheap,mall.,+
1488,Amy,did,dislike,that,cheap,lennon.,-
1489,Many,rabbits,have,embarrassed,these,uncertain,senators.,+
1490,Many,ears,have,embarrassed,these,uncertain,senators.,-
1491,Most,ladies,appreciate,that,popular,story.,+
1492,Most,ladies,appreciate,that,popular,ii.,-
1493,Melinda,can,appreciate,that,unsure,guy.,+
1494,Melinda,can,appreciate,that,unsure,diet.,-
1495,David,had,cleaned,those,rough,hamsters.,+
1496,David,had,cleaned,those,rough,helmets.,-
1497,Melissa,would,know,those,unsure,children.,+
1498,Melissa,would,know,those,unsure,minutes.,-
1499,These,ladies,hire,this,serious,boy.,+
1500,These,shame,hire,this,serious,boy.,-
1501,This,bread,astounded,these,concealed,customers.,+
1502,This,doom,astounded,these,concealed,customers.,-
1503,The,man,should,insult,these,sick,students.,+
1504,The,night,should,insult,these,sick,students.,-
1505,This,actor,might,examine,this,important,documentary.,+
1506,This,warsaw,might,examine,this,important,documentary.,-
1507,Katherine,had,explored,these,green,restaurants.,+
1508,Katherine,had,explored,these,green,printings.,-
1509,These,women,leave,these,smooth,public,parks.,+
1510,These,viruses,leave,these,smooth,public,parks.,-
1511,Margaret,didn't,find,these,purple,plates.,+
1512,Margaret,didn't,find,these,purple,fates.,-
1513,That,nose,aggravates,these,exposed,teachers.,+
1514,That,bug,aggravates,these,exposed,teachers.,-
1515,Some,muffin,aggravates,that,good,government.,+
1516,Some,waft,aggravates,that,good,government.,-
1517,That,spotlight,distracts,those,good,universities.,+
1518,That,graham,distracts,those,good,universities.,-
1519,Some,drawings,look,like,this,out,in,the,open,rug.,+
1520,Some,musicals,look,like,this,out,in,the,open,rug.,-
1521,This,museum,bothers,this,fast,senator.,+
1522,This,behaviour,bothers,this,fast,senator.,-
1523,All,girls,wouldn't,like,these,red,books.,+
1524,All,founders,wouldn't,like,these,red,books.,-
1525,Elizabeth,attacked,these,popular,guests.,+
1526,Elizabeth,attacked,these,popular,sweeps.,-
1527,Galileo,hasn't,fixed,those,hard,forks.,+
1528,Galileo,hasn't,fixed,those,hard,galaxies.,-
1529,Julie,leaves,that,smooth,grocery,store.,+
1530,Julie,leaves,that,smooth,grocery,ford.,-
1531,A,lady,has,helped,these,nice,girls.,+
1532,a,merger,has,helped,these,nice,girls.,-
1533,The,customers,walk,through,these,important,museums.,+
1534,The,bachelors,walk,through,these,important,museums.,-
1535,These,waitresses,forget,this,clever,teacher.,+
1536,These,trotters,forget,this,clever,teacher.,-
1537,A,horse,would,irritate,these,hopeful,actresses.,+
1538,a,ha,would,irritate,these,hopeful,actresses.,-
1539,Alan,bikes,to,those,messy,high,schools.,+
1540,Alan,bikes,to,those,messy,high,cash.,-
1541,Most,doctors,escape,from,those,important,malls.,+
1542,Most,doctors,escape,from,those,important,empties.,-
1543,Bill,didn't,look,like,those,yellow,paintings.,+
1544,Bill,didn't,look,like,those,yellow,geniuses.,-
1545,Ella,lifts,these,gray,birds.,+
1546,Ella,lifts,these,gray,esteem.,-
1547,Those,actors,boycott,those,new,libraries.,+
1548,Those,buildings,boycott,those,new,libraries.,-
1549,These,guys,hadn't,passed,those,popular,schools.,+
1550,These,moves,hadn't,passed,those,popular,schools.,-
1551,Wendy,does,know,these,good,customers.,+
1552,Wendy,does,know,these,good,metros.,-
1553,Some,icicle,astounds,that,bad,university.,+
1554,Some,campion,astounds,that,bad,university.,-
1555,The,lady,had,concealed,this,exposed,mall.,+
1556,The,bike,had,concealed,this,exposed,mall.,-
1557,Jerry,leaves,these,determined,waiters.,+
1558,Jerry,leaves,these,determined,oreos.,-
1559,Many,teachers,buy,these,rough,hats.,+
1560,Many,illnesses,buy,these,rough,hats.,-
1561,Alexander,messes,up,this,gray,movie,theater.,+
1562,Alexander,messes,up,this,gray,movie,nasal.,-
1563,The,Borgias,bike,to,these,concealed,cafes.,+
1564,The,Borgias,dj,to,these,concealed,cafes.,-
1565,This,organization,had,hated,those,scared,customers.,+
1566,This,authority,had,hated,those,scared,customers.,-
1567,Some,companies,insult,these,concealed,books.,+
1568,Some,saves,insult,these,concealed,books.,-
1569,Margaret,hasn't,irritated,those,important,legislatures.,+
1570,Margaret,hasn't,irritated,those,important,curriculums.,-
1571,Every,library,dislikes,that,happy,actor.,+
1572,Every,momentum,dislikes,that,happy,actor.,-
1573,Suzanne,had,scanned,these,white,brochures.,+
1574,Suzanne,had,scanned,these,white,chromosomes.,-
1575,Peter,hadn't,forgotten,those,troubled,teenagers.,+
1576,Peter,hadn't,forgotten,those,troubled,blackberries.,-
1577,Anne,won't,drive,to,this,small,museum.,+
1578,Anne,won't,drive,to,this,small,calvin.,-
1579,Sweaters,bore,those,upset,waiters.,+
1580,Sweaters,bore,those,upset,gymnasts.,-
1581,Larry,shouldn't,confuse,that,important,company.,+
1582,Larry,shouldn't,confuse,that,important,planet.,-
1583,Cashiers,will,disturb,this,delighted,boy.,+
1584,Cashiers,will,disturb,this,delighted,cole.,-
1585,Samuel,hadn't,biked,to,those,cheap,art,galleries.,+
1586,Samuel,hadn't,biked,to,those,cheap,art,thieves.,-
1587,Those,dancers,admire,those,concealed,photographs.,+
1588,Those,stead,admire,those,concealed,photographs.,-
1589,Some,adults,run,around,that,black,high,school.,+
1590,Some,currencies,run,around,that,black,high,school.,-
1591,Mark,cared,for,those,clever,ladies.,+
1592,Mark,cared,for,those,clever,failures.,-
1593,A,blouse,irritates,those,out,in,the,open,pedestrians.,+
1594,a,mona,irritates,those,out,in,the,open,pedestrians.,-
1595,Those,waitresses,discuss,these,good,public,parks.,+
1596,Those,sentinels,discuss,these,good,public,parks.,-
1597,Emily,cleans,this,small,glass.,+
1598,Emily,cleans,this,small,clothing.,-
1599,A,screen,worries,that,fast,waiter.,+
1600,a,street,worries,that,fast,waiter.,-
1601,Those,cars,annoyed,these,exposed,libraries.,+
1602,Those,mouths,annoyed,these,exposed,libraries.,-
1603,Teenagers,escape,from,those,yellow,libraries.,+
1604,Teenagers,escape,from,those,yellow,newspapers.,-
1605,Some,patient,was,hiring,those,hidden,senators.,+
1606,Some,wind,was,hiring,those,hidden,senators.,-
1607,Kirsten,visited,these,yellow,grocery,stores.,+
1608,Kirsten,visited,these,yellow,grocery,knees.,-
1609,Michael,brought,this,orange,coat.,+
1610,Michael,brought,this,orange,lease.,-
1611,Most,adults,hurts,that,popular,teenager.,+
1612,Most,adults,hurts,that,popular,chihuahua.,-
1613,The,sweater,bothered,this,important,association.,+
1614,The,looting,bothered,this,important,association.,-
1615,A,lot,of,customers,embarrasses,those,unsure,senators.,+
1616,A,lot,of,customers,embarrasses,those,unsure,resonances.,-
1617,A,closet,impresses,that,delighted,waiter.,+
1618,a,chaplin,impresses,that,delighted,waiter.,-
1619,The,Clintons,flee,from,that,uncertain,student.,+
1620,The,Clintons,flee,from,that,uncertain,biology.,-
1621,Galileo,had,described,those,smooth,books.,+
1622,Galileo,had,described,those,smooth,hearts.,-
1623,The,hamsters,shock,those,bad,committees.,+
1624,The,turpentine,shock,those,bad,committees.,-
1625,All,guys,astound,that,standing,girl.,+
1626,All,acting,astound,that,standing,girl.,-
1627,Deanna,wasn't,worrying,this,important,waiter.,+
1628,Deanna,wasn't,worrying,this,important,evolution.,-
1629,All,senators,praise,that,determined,dancer.,+
1630,All,seminars,praise,that,determined,dancer.,-
1631,Laura,is,investigating,these,determined,students.,+
1632,Laura,is,investigating,these,determined,exposures.,-
1633,This,sketch,distracted,that,good,organization.,+
1634,This,brutus,distracted,that,good,organization.,-
1635,Kristen,disagrees,with,this,good,doctor.,+
1636,Kristen,disagrees,with,this,good,opinion.,-
1637,Emily,doesn't,research,this,small,college,campus.,+
1638,Emily,doesn't,research,this,small,college,student.,-
1639,Diane,wasn't,cleaning,that,out,in,the,open,plate.,+
1640,Diane,wasn't,cleaning,that,out,in,the,open,lunch.,-
1641,Danielle,boasts,about,those,smart,children.,+
1642,Danielle,boasts,about,those,smart,poverty.,-
1643,That,rug,isn't,worrying,these,bad,organizations.,+
1644,That,tramp,isn't,worrying,these,bad,organizations.,-
1645,Many,senators,didn't,visit,that,rough,hospital.,+
1646,Many,typing,didn't,visit,that,rough,hospital.,-
1647,Donald,isn't,attacking,these,excited,waitresses.,+
1648,Donald,isn't,attacking,these,excited,ligatures.,-
1649,Many,apples,will,aggravate,those,big,hospitals.,+
1650,Many,bears,will,aggravate,those,big,hospitals.,-
1651,Most,girls,have,bothered,these,ill,senators.,+
1652,Most,girls,have,bothered,these,ill,dice.,-
1653,Sherry,messed,up,that,bad,museum.,+
1654,Sherry,messed,up,that,bad,son.,-
1655,Rhonda,criticizes,those,serious,adults.,+
1656,Rhonda,criticizes,those,serious,shelves.,-
1657,Vanessa,isn't,boasting,about,those,unlucky,actresses.,+
1658,Vanessa,isn't,boasting,about,those,unlucky,distances.,-
1659,Rebecca,sounds,like,these,uncertain,students.,+
1660,Rebecca,sounds,like,these,uncertain,governors.,-
1661,Samantha,is,lifting,that,hard,painting.,+
1662,Samantha,is,lifting,that,hard,warren.,-
1663,These,guys,wore,this,white,glove.,+
1664,These,suits,wore,this,white,glove.,-
1665,Deborah,criticizes,this,bad,cafe.,+
1666,Deborah,criticizes,this,bad,hanging.,-
1667,Jerry,noticed,these,black,forks.,+
1668,Jerry,noticed,these,black,catalans.,-
1669,Carolyn,has,upset,this,popular,waitress.,+
1670,Carolyn,has,upset,this,popular,nobel.,-
1671,Stephanie,lifted,those,black,rugs.,+
1672,Stephanie,lifted,those,black,nbs.,-
1673,Allison,had,scanned,that,long,documentary.,+
1674,Allison,had,scanned,that,long,confession.,-
1675,The,senator,saw,this,brown,turtle.,+
1676,The,senator,saw,this,brown,frost.,-
1677,Lawrence,hadn't,disturbed,this,old,boy.,+
1678,Lawrence,hadn't,disturbed,this,old,lift.,-
1679,The,apple,aggravates,this,hidden,library.,+
1680,The,hole,aggravates,this,hidden,library.,-
1681,Omar,should,lift,this,bad,report.,+
1682,Omar,should,lift,this,bad,fleet.,-
1683,The,Borgias,hadn't,hidden,these,smooth,eyes.,+
1684,The,Borgias,hadn't,hidden,these,smooth,aids.,-
1685,Nicole,explores,that,bad,art,gallery.,+
1686,Nicole,explores,that,bad,art,strand.,-
1687,A,lot,of,cashiers,are,complaining,about,this,good,documentary.,+
1688,A,lot,of,cashiers,are,complaining,about,this,good,winchester.,-
1689,Ronald,might,flee,from,that,small,school.,+
1690,Ronald,might,flee,from,that,small,feature.,-
1691,This,organization,is,impressing,that,unsure,actress.,+
1692,This,installation,is,impressing,that,unsure,actress.,-
1693,Anna,should,sell,those,purple,hospitals.,+
1694,Anna,should,sell,those,purple,conventions.,-
1695,Theresa,had,loved,that,out,in,the,open,patient.,+
1696,Theresa,had,loved,that,out,in,the,open,scream.,-
1697,Lucille,hadn't,listened,to,those,clever,actresses.,+
1698,Lucille,hadn't,listened,to,those,clever,fights.,-
1699,Timothy,runs,around,those,out,in,the,open,public,parks.,+
1700,Timothy,runs,around,those,out,in,the,open,public,mars.,-
1701,Mary,hadn't,revealed,this,black,shirt.,+
1702,Mary,hadn't,revealed,this,black,irish.,-
1703,Many,students,kiss,this,happy,doctor.,+
1704,Many,fouls,kiss,this,happy,doctor.,-
1705,All,committees,help,this,hidden,driver.,+
1706,All,unfortunates,help,this,hidden,driver.,-
1707,These,newspaper,articles,can't,worry,those,hopeful,ladies.,+
1708,These,newspaper,thunders,can't,worry,those,hopeful,ladies.,-
1709,These,children,boast,about,that,exposed,boy.,+
1710,These,removals,boast,about,that,exposed,boy.,-
1711,Lissa,hadn't,disgusted,these,sick,senators.,+
1712,Lissa,hadn't,disgusted,these,sick,factors.,-
1713,Carl,was,talking,about,those,red,cafes.,+
1714,Carl,was,talking,about,those,red,circles.,-
1715,The,art,gallery,shocks,those,important,governments.,+
1716,The,art,income,shocks,those,important,governments.,-
1717,Janice,left,these,young,waiters.,+
1718,Janice,left,these,young,lumber.,-
1719,All,actors,talk,to,these,standing,waiters.,+
1720,All,printers,talk,to,these,standing,waiters.,-
1721,Kirsten,isn't,fixing,this,messy,plate.,+
1722,Kirsten,isn't,fixing,this,messy,basement.,-
1723,Maria,wasn't,escaping,from,those,unconvinced,guests.,+
1724,Maria,wasn't,escaping,from,those,unconvinced,surrounds.,-
1725,A,lot,of,girls,visit,these,gray,cafes.,+
1726,A,lot,of,girls,visit,these,gray,cloning.,-
1727,Vanessa,biked,to,these,red,high,schools.,+
1728,Vanessa,biked,to,these,red,high,welcomes.,-
1729,Some,universities,disturb,this,sick,actor.,+
1730,Some,companies,disturb,this,sick,actor.,-
1731,Anna,can,observe,these,popular,pedestrians.,+
1732,Anna,can,observe,these,popular,genitals.,-
1733,All,drivers,should,love,these,ill,cashiers.,+
1734,All,owls,should,love,these,ill,cashiers.,-
1735,Kenneth,has,known,this,young,doctor.,+
1736,Kenneth,has,known,this,young,cooper.,-
1737,Some,teenagers,fire,these,delighted,girls.,+
1738,Some,signatures,fire,these,delighted,girls.,-
1739,Those,companies,annoy,those,delighted,waiters.,+
1740,Those,masters,annoy,those,delighted,waiters.,-
1741,Julia,was,returning,to,these,good,actors.,+
1742,Julia,was,returning,to,these,good,hate.,-
1743,Nicole,is,cleaning,those,green,couches.,+
1744,Nicole,is,cleaning,those,green,versions.,-
1745,The,Clintons,toured,that,red,high,school.,+
1746,The,Clintons,toured,that,red,high,longer.,-
1747,The,waitresses,have,these,hard,movie,theaters.,+
1748,The,developers,have,these,hard,movie,theaters.,-
1749,Those,actors,return,to,these,bad,art,galleries.,+
1750,Those,rust,return,to,these,bad,art,galleries.,-
1751,All,drawings,look,like,these,small,skirts.,+
1752,All,africans,look,like,these,small,skirts.,-
1753,The,Impressionists,visit,this,rough,bank.,+
1754,The,terminations,visit,this,rough,bank.,-
1755,Those,waitresses,weren't,cleaning,those,bad,grocery,stores.,+
1756,Those,commoners,weren't,cleaning,those,bad,grocery,stores.,-
1757,Lissa,alarmed,these,nice,adults.,+
1758,Lissa,alarmed,these,nice,mistakes.,-
1759,The,Lutherans,sell,those,white,paintings.,+
1760,The,Lutherans,sell,those,white,bulgarians.,-
1761,Organizations,described,this,small,movie,theater.,+
1762,Organizations,described,this,small,movie,salisbury.,-
1763,Some,teenagers,talk,about,these,smart,girls.,+
1764,Some,artworks,talk,about,these,smart,girls.,-
1765,Heidi,didn't,kiss,that,nice,teenager.,+
1766,Heidi,didn't,kiss,that,nice,toaster.,-
1767,A,school,insults,those,good,art,galleries.,+
1768,a,clothes,insults,those,good,art,galleries.,-
1769,Sandra,boasts,about,this,excited,teacher.,+
1770,Sandra,boasts,about,this,excited,deep.,-
1771,Michelle,can't,argue,about,those,sick,children.,+
1772,Michelle,can't,argue,about,those,sick,funds.,-
1773,Robert,isn't,disturbing,these,cheap,hospitals.,+
1774,Robert,isn't,disturbing,these,cheap,conspiracies.,-
1775,Martha,didn't,take,that,red,movie,theater.,+
1776,Martha,didn't,take,that,red,movie,living.,-
1777,Randolf,wasn't,leaving,this,black,school.,+
1778,Randolf,wasn't,leaving,this,black,europe.,-
1779,The,Borgias,investigate,these,happy,cashiers.,+
1780,The,Borgias,investigate,these,happy,mammals.,-
1781,Cheryl,brought,these,important,shawls.,+
1782,Cheryl,brought,these,important,pulsars.,-
