stim1,stim2,stim3,stim4,stim5,stim6,stim7,stim8,stim9,stim10,stim11,stim12,stim13,stim14
1,Those,radii,have,scared,that,teenager.,+
2,Those,radii,have,scared,that,leftover.,-
3,This,goose,isn't,bothering,Edward.,+
4,This,dj,isn't,bothering,Edward.,-
5,The,axes,haven't,stunned,that,teenager.,+
6,The,oses,haven't,stunned,that,teenager.,-
7,The,radius,is,boring,Carla.,+
8,The,pursuit,is,boring,Carla.,-
9,That,woman,isn't,irritating,Dennis.,+
10,That,squad,isn't,irritating,Dennis.,-
11,An,alumnus,doubts,every,sweater,flattens.,+
12,an,amhara,doubts,every,sweater,flattens.,-
13,The,people,weren't,boycotting,those,mountains.,+
14,The,mails,weren't,boycotting,those,mountains.,-
15,All,radii,weren't,upsetting,every,bank.,+
16,All,radii,weren't,upsetting,every,network.,-
17,Some,parentheses,scare,these,adults.,+
18,Some,parentheses,scare,these,juices.,-
19,Some,analyses,weren't,astounding,this,actress.,+
20,Some,favors,weren't,astounding,this,actress.,-
21,Many,people,have,hidden,away.,+
22,Many,sixes,have,hidden,away.,-
23,Mice,are,hurting,a,waiter.,+
24,Mice,are,hurting,an,istanbul.,-
25,Hypotheses,haven't,astounded,this,hospital.,+
26,Hypotheses,haven't,astounded,this,variation.,-
27,A,diagnosis,isn't,worrying,Frank.,+
28,a,therapy,isn't,worrying,Frank.,-
29,An,ox,isn't,climbing,up,those,steps.,+
30,a,pas,isn't,climbing,up,those,steps.,-
31,Most,women,are,hiding,the,shirts.,+
32,Most,women,are,hiding,the,darkness.,-
33,This,woman,hasn't,dropped,by,the,glacier.,+
34,This,theory,hasn't,dropped,by,the,glacier.,-
35,This,diagnosis,alarms,a,lot,of,governments.,+
36,This,goodness,alarms,a,lot,of,governments.,-
37,The,alumni,aren't,finding,many,bikes.,+
38,The,conveyors,aren't,finding,many,bikes.,-
39,Some,crises,aren't,astounding,Michelle.,+
40,Some,congresses,aren't,astounding,Michelle.,-
41,Those,mice,haven't,vanished.,+
42,Those,oxides,haven't,vanished.,-
43,Those,crises,annoy,Holly.,+
44,Those,offences,annoy,Holly.,-
45,All,children,haven't,insulted,Suzanne.,+
46,All,coals,haven't,insulted,Suzanne.,-
47,The,ox,hasn't,distracted,Dan.,+
48,The,sudan,hasn't,distracted,Dan.,-
49,A,parenthesis,annoys,Clyde.,+
50,a,courtroom,annoys,Clyde.,-
51,Some,analysis,is,failing,to,hide,some,pants.,+
52,Some,tobacco,is,failing,to,hide,some,pants.,-
53,This,hypothesis,confuses,Florence.,+
54,This,heroine,confuses,Florence.,-
55,Every,ox,aggravates,Carlos.,+
56,Every,ufa,aggravates,Carlos.,-
57,This,goose,disappears.,+
58,This,exorcist,disappears.,-
59,The,hypothesis,has,shocked,Margaret.,+
60,The,reversible,has,shocked,Margaret.,-
61,Every,cactus,has,fallen.,+
62,Every,quitter,has,fallen.,-
63,A,paralysis,has,annoyed,Raymond.,+
64,a,patrolman,has,annoyed,Raymond.,-
65,Many,teeth,were,confusing,Sabrina.,+
66,Many,phonies,were,confusing,Sabrina.,-
67,Every,crisis,wasn't,distracting,Omar.,+
68,Every,travel,wasn't,distracting,Omar.,-
69,Many,phenomena,weren't,scaring,Ann.,+
70,Many,chairmen,weren't,scaring,Ann.,-
71,This,person,prevents,Kimberley,from,stunning,Emily.,+
72,This,general,prevents,Kimberley,from,stunning,Emily.,-
73,These,oxen,descend,this,hill.,+
74,These,choirs,descend,this,hill.,-
75,Every,tooth,shatters.,+
76,Every,graphics,shatters.,-
77,The,fungi,exist.,+
78,The,was,exist.,-
79,The,stimuli,distract,Jill.,+
80,The,inpatients,distract,Jill.,-
81,This,man,disappears.,+
82,This,here,disappears.,-
83,All,oxen,aren't,falling,asleep.,+
84,All,cvs,aren't,falling,asleep.,-
85,This,louse,hasn't,shocked,Catherine.,+
86,This,gasworks,hasn't,shocked,Catherine.,-
87,Those,oxen,aren't,boring,Cheryl.,+
88,Those,madder,aren't,boring,Cheryl.,-
89,These,crises,haven't,alarmed,Sandra.,+
90,These,morgan,haven't,alarmed,Sandra.,-
91,Some,octopus,hasn't,climbed,up,most,stairs.,+
92,Some,motherland,hasn't,climbed,up,most,stairs.,-
93,Those,fungi,are,scaring,Naomi.,+
94,Those,visitors,are,scaring,Naomi.,-
95,Many,phenomena,are,boring,those,students.,+
96,Many,preserves,are,boring,those,students.,-
97,Those,cacti,were,aggravating,the,library.,+
98,Those,cacti,were,aggravating,the,floor.,-
99,An,alumnus,isn't,swallowing.,+
100,an,aramaic,isn't,swallowing.,-
101,The,paralysis,shocks,Rachel.,+
102,The,odyssey,shocks,Rachel.,-
103,The,synthesis,astounds,Tiffany.,+
104,The,estonia,astounds,Tiffany.,-
105,Some,synthesis,isn't,aggravating,Robert.,+
106,Some,talisman,isn't,aggravating,Robert.,-
107,That,oasis,bothers,some,association.,+
108,That,latter,bothers,some,association.,-
109,This,woman,is,embarrassing,Benjamin.,+
110,This,special,is,embarrassing,Benjamin.,-
111,Many,people,hug,Nina.,+
112,Many,miles,hug,Nina.,-
113,All,synopses,are,preferring,some,blouses,to,unfold.,+
114,All,synopses,are,preferring,some,etudes,to,unfold.,-
115,The,ellipsis,was,astounding,Diane.,+
116,The,swish,was,astounding,Diane.,-
117,A,foot,has,worried,Brett.,+
118,an,alfred,has,worried,Brett.,-
119,Some,phenomena,are,aggravating,Derek.,+
120,Some,incarnations,are,aggravating,Derek.,-
121,This,stimulus,appears.,+
122,This,freestyle,appears.,-
123,These,men,have,stretched.,+
124,These,holds,have,stretched.,-
125,Some,oxen,have,alarmed,these,boys.,+
126,Some,suds,have,alarmed,these,boys.,-
127,The,ellipses,aren't,upsetting,an,association.,+
128,The,horseback,aren't,upsetting,an,association.,-
129,Every,paralysis,wasn't,confusing,Stacey.,+
130,Every,heritage,wasn't,confusing,Stacey.,-
131,Every,phenomenon,confuses,Grace.,+
132,Every,distortion,confuses,Grace.,-
133,Every,crisis,hasn't,irritated,Alan.,+
134,Every,necessity,hasn't,irritated,Alan.,-
135,Some,child,writes.,+
136,Some,dean,writes.,-
137,Every,fungus,wasn't,confusing,Harvard,University.,+
138,Every,crowbar,wasn't,confusing,Harvard,University.,-
139,An,ox,has,distracted,some,company.,+
140,an,idiom,has,distracted,some,company.,-
141,This,axis,isn't,astounding,Walter.,+
142,This,lactose,isn't,astounding,Walter.,-
143,Teeth,are,bothering,that,museum.,+
144,Teeth,are,bothering,that,sunset.,-
145,This,ellipsis,embarrasses,Alexander.,+
146,This,hemolysis,embarrasses,Alexander.,-
147,Every,child,hasn't,biked,to,this,hill.,+
148,Every,courage,hasn't,biked,to,this,hill.,-
149,Many,stimuli,stun,Frank.,+
150,Many,autopsies,stun,Frank.,-
151,The,ellipsis,has,embarrassed,many,women.,+
152,The,stenosis,has,embarrassed,many,women.,-
153,An,analysis,insults,Guy.,+
154,a,fault,insults,Guy.,-
155,The,person,hasn't,compromised.,+
156,The,couple,hasn't,compromised.,-
157,Most,stimuli,were,confusing,the,teachers.,+
158,Most,stimuli,were,confusing,the,drivers.,-
159,Some,phenomena,weren't,aggravating,Diana.,+
160,Some,humanity,weren't,aggravating,Diana.,-
161,That,mouse,hasn't,distracted,a,patient.,+
162,That,docking,hasn't,distracted,a,patient.,-
163,This,synthesis,wasn't,embarrassing,Theresa.,+
164,This,module,wasn't,embarrassing,Theresa.,-
165,Some,radius,aggravates,Brad.,+
166,Some,deepening,aggravates,Brad.,-
167,Every,synopsis,wasn't,shocking,Laurie.,+
168,Every,starship,wasn't,shocking,Laurie.,-
169,This,alumnus,isn't,refusing,to,question,Clyde.,+
170,This,hess,isn't,refusing,to,question,Clyde.,-
171,This,fungus,hurts,Katherine.,+
172,This,violin,hurts,Katherine.,-
173,Every,ox,wasn't,climbing,down,a,lot,of,ladders.,+
174,Every,spare,wasn't,climbing,down,a,lot,of,ladders.,-
175,The,people,practice.,+
176,The,trainings,practice.,-
177,Every,alumnus,paints.,+
178,Every,overrun,paints.,-
179,Some,women,ascertain,the,boy,to,learn.,+
180,Some,residents,ascertain,the,boy,to,learn.,-
181,That,man,was,exiting,a,hill.,+
182,That,blue,was,exiting,a,hill.,-
183,Some,phenomenon,disturbs,Nina.,+
184,Some,planting,disturbs,Nina.,-
185,This,louse,was,confusing,the,universities.,+
186,This,gyp,was,confusing,the,universities.,-
187,Every,radius,disturbs,Jeffrey.,+
188,Every,doctorate,disturbs,Jeffrey.,-
189,The,phenomenon,has,impressed,Kayla.,+
190,The,anonymity,has,impressed,Kayla.,-
191,Many,hypotheses,embarrass,that,guy.,+
192,Many,hypotheses,embarrass,that,june.,-
193,Every,stimulus,wasn't,looking,like,photographs.,+
194,Every,sludge,wasn't,looking,like,photographs.,-
195,Every,alumnus,hasn't,sneezed.,+
196,Every,amnesty,hasn't,sneezed.,-
197,That,diagnosis,hasn't,bored,Colleen.,+
198,That,leaping,hasn't,bored,Colleen.,-
199,That,nucleus,isn't,disappearing.,+
200,That,relation,isn't,disappearing.,-
201,A,hypothesis,hasn't,shocked,Beth.,+
202,a,descent,hasn't,shocked,Beth.,-
203,The,crisis,was,shocking,Katherine.,+
204,The,defining,was,shocking,Katherine.,-
205,Some,radius,embarrasses,Angela.,+
206,Some,shankar,embarrasses,Angela.,-
207,Some,louse,has,aggravated,these,teenagers.,+
208,Some,nanaimo,has,aggravated,these,teenagers.,-
209,These,syntheses,haven't,disgusted,Theodore.,+
210,These,magistrates,haven't,disgusted,Theodore.,-
211,This,diagnosis,isn't,irritating,Caroline.,+
212,This,receipt,isn't,irritating,Caroline.,-
213,Every,axis,hasn't,looked,like,most,prints.,+
214,Every,snuggle,hasn't,looked,like,most,prints.,-
215,That,basis,confuses,Renee.,+
216,That,decrease,confuses,Renee.,-
217,The,alumni,have,spun,around.,+
218,The,clippings,have,spun,around.,-
219,Those,men,oblige,every,bank,to,cooperate.,+
220,Those,teams,oblige,every,bank,to,cooperate.,-
221,Every,child,has,fallen,asleep.,+
222,Every,star,has,fallen,asleep.,-
223,A,diagnosis,upsets,Susan.,+
224,a,letter,upsets,Susan.,-
225,Some,person,hasn't,talked,about,a,high,school.,+
226,Some,shame,hasn't,talked,about,a,high,school.,-
227,A,lot,of,geese,descend,the,hill.,+
228,A,lot,of,geese,descend,the,sleeve.,-
229,This,cactus,bores,Debra.,+
230,This,regiment,bores,Debra.,-
231,That,octopus,stuns,every,association.,+
232,That,folk,stuns,every,association.,-
233,The,children,have,moved.,+
234,The,debts,have,moved.,-
235,Every,child,has,gone,to,this,closet.,+
236,Every,stop,has,gone,to,this,closet.,-
237,These,octopi,are,climbing,up,this,ladder.,+
238,These,octopi,are,climbing,up,this,skate.,-
239,Many,parentheses,have,embarrassed,this,woman.,+
240,Many,parentheses,have,embarrassed,this,mirror.,-
241,A,child,considers,a,lot,of,associations,to,communicate.,+
242,a,guitar,considers,a,lot,of,associations,to,communicate.,-
243,Every,thesis,wasn't,predicting,Jeffrey,to,hide,Sharon.,+
244,Every,aussie,wasn't,predicting,Jeffrey,to,hide,Sharon.,-
245,The,crises,aren't,scaring,many,committees.,+
246,The,cheeses,aren't,scaring,many,committees.,-
247,A,paralysis,distracts,all,teenagers.,+
248,an,antigen,distracts,all,teenagers.,-
249,That,child,references,Nicole.,+
250,That,tool,references,Nicole.,-
251,Feet,are,confusing,every,guy.,+
252,Feet,are,confusing,every,assets.,-
253,Many,fungi,disappear.,+
254,Many,commoners,disappear.,-
255,These,axes,weren't,distracting,Suzanne.,+
256,These,bongs,weren't,distracting,Suzanne.,-
257,Analyses,persuade,this,cousin,of,Brad,to,exercise.,+
258,Analyses,persuade,this,given,of,Brad,to,exercise.,-
259,Some,radius,wasn't,astounding,April.,+
260,Some,glasses,wasn't,astounding,April.,-
261,That,woman,wasn't,performing.,+
262,That,spanish,wasn't,performing.,-
263,A,basis,annoys,Sandra.,+
264,a,part,annoys,Sandra.,-
265,Every,phenomenon,hasn't,scared,Homer.,+
266,Every,lancashire,hasn't,scared,Homer.,-
267,Most,lice,resemble,many,prints.,+
268,Most,lice,resemble,many,paras.,-
269,Those,syntheses,have,bored,the,senator.,+
270,Those,midweek,have,bored,the,senator.,-
271,The,hypothesis,astounds,Gerald.,+
272,The,pinpoint,astounds,Gerald.,-
273,This,ox,hasn't,worried,John.,+
274,This,dough,hasn't,worried,John.,-
275,These,mice,annoy,some,person.,+
276,These,doctors,annoy,some,person.,-
277,Every,phenomenon,bores,many,drivers.,+
278,Every,resource,bores,many,drivers.,-
279,A,cactus,was,alarming,Karen.,+
280,a,receipt,was,alarming,Karen.,-
281,A,crisis,hasn't,stunned,Ellen.,+
282,a,scanning,hasn't,stunned,Ellen.,-
283,Some,man,has,tempted,Beth's,oncologist,to,sound,like,this,child.,+
284,Some,as,has,tempted,Beth's,oncologist,to,sound,like,this,child.,-
285,Fungi,weren't,astounding,the,dancers.,+
286,Fungi,weren't,astounding,the,bites.,-
287,Every,alumnus,is,forgetting,what,had,clashed.,+
288,Every,greene,is,forgetting,what,had,clashed.,-
289,A,child,wasn't,climbing,up,some,ladders.,+
290,an,angel,wasn't,climbing,up,some,ladders.,-
291,Every,basis,upsets,Sara.,+
292,Every,patent,upsets,Sara.,-
293,Many,teeth,have,fallen,apart.,+
294,Many,dialects,have,fallen,apart.,-
295,An,oasis,wastes,away.,+
296,a,cork,wastes,away.,-
297,That,radius,wasn't,disturbing,Victoria.,+
298,That,mince,wasn't,disturbing,Victoria.,-
299,That,axis,stuns,some,universities.,+
300,That,edison,stuns,some,universities.,-
301,Every,synthesis,has,annoyed,that,government.,+
302,Every,oatmeal,has,annoyed,that,government.,-
303,That,ox,has,upset,Elaine.,+
304,That,spike,has,upset,Elaine.,-
305,Those,women,weren't,declaring,Spain,to,work,hard.,+
306,Those,sticks,weren't,declaring,Spain,to,work,hard.,-
307,Every,mouse,isn't,alarming,Eric.,+
308,Every,prince,isn't,alarming,Eric.,-
309,Every,axis,hasn't,astounded,those,ladies.,+
310,Every,sick,hasn't,astounded,those,ladies.,-
311,The,octopus,wasn't,upsetting,Liam.,+
312,The,hydration,wasn't,upsetting,Liam.,-
313,This,basis,hasn't,bored,Irene.,+
314,This,yea,hasn't,bored,Irene.,-
315,The,paralysis,hasn't,impressed,Liam.,+
316,The,hurdle,hasn't,impressed,Liam.,-
317,Many,crises,scare,Omar.,+
318,Many,souls,scare,Omar.,-
319,Some,phenomena,haven't,astounded,most,boys.,+
320,Some,uprights,haven't,astounded,most,boys.,-
321,Every,cactus,is,worrying,Lucille.,+
322,Every,stead,is,worrying,Lucille.,-
323,This,alumnus,hasn't,littered.,+
324,This,entropy,hasn't,littered.,-
325,Every,cactus,wasn't,irritating,Samuel.,+
326,Every,curtis,wasn't,irritating,Samuel.,-
327,Every,basis,is,hurting,Becky.,+
328,Every,dude,is,hurting,Becky.,-
329,Some,man,was,lying.,+
330,Some,stand,was,lying.,-
331,All,women,are,imploring,every,pedestrian's,oncologist,to,question,Charles.,+
332,All,females,are,imploring,every,pedestrian's,oncologist,to,question,Charles.,-
333,Every,crisis,has,shocked,Sally.,+
334,Every,alt,has,shocked,Sally.,-
335,This,mouse,has,confused,Victoria.,+
336,This,yen,has,confused,Victoria.,-
337,Some,people,weren't,helping,Marla.,+
338,Some,reserves,weren't,helping,Marla.,-
339,These,bases,haven't,embarrassed,Becky.,+
340,These,styles,haven't,embarrassed,Becky.,-
341,These,feet,exist.,+
342,These,thieves,exist.,-
343,Those,bases,have,stunned,Cindy.,+
344,Those,integrals,have,stunned,Cindy.,-
345,Every,person,wasn't,failing,to,cope.,+
346,Every,surprise,wasn't,failing,to,cope.,-
347,An,octopus,is,alarming,Gerald.,+
348,a,tappan,is,alarming,Gerald.,-
349,Many,crises,are,hurting,Christina.,+
350,Many,spans,are,hurting,Christina.,-
351,This,analysis,forces,many,waiters,to,blink.,+
352,This,heart,forces,many,waiters,to,blink.,-
353,The,thesis,is,prompting,the,Borgias,to,ascend,most,hills.,+
354,The,rioting,is,prompting,the,Borgias,to,ascend,most,hills.,-
355,Most,nuclei,were,shocking,every,guy.,+
356,Most,nuclei,were,shocking,every,army.,-
357,Some,synthesis,isn't,impressing,Elaine.,+
358,Some,platte,isn't,impressing,Elaine.,-
359,This,medium,distracts,some,student.,+
360,This,sending,distracts,some,student.,-
361,The,radius,has,bored,that,customer.,+
362,The,holland,has,bored,that,customer.,-
363,A,radius,bores,Gregory.,+
364,an,encore,bores,Gregory.,-
365,Those,media,haven't,disturbed,many,girls.,+
366,Those,media,haven't,disturbed,many,eights.,-
367,Some,woman,proves,to,perform.,+
368,Some,scott,proves,to,perform.,-
369,Some,hypothesis,worries,Winston,Churchill.,+
370,Some,perspective,worries,Winston,Churchill.,-
371,Those,geese,descend,this,ladder.,+
372,Those,geese,descend,this,trembling.,-
373,Those,analyses,plan,to,correspond.,+
374,Those,outlets,plan,to,correspond.,-
375,An,analysis,entreats,Kenneth,to,bother,Sabrina.,+
376,a,social,entreats,Kenneth,to,bother,Sabrina.,-
377,A,child,wasn't,driving,to,that,movie,theater.,+
378,a,stress,wasn't,driving,to,that,movie,theater.,-
379,The,goose,annoys,Stephanie.,+
380,The,chen,annoys,Stephanie.,-
381,Every,oasis,hasn't,vanished.,+
382,Every,motel,hasn't,vanished.,-
383,Some,oxen,weren't,ascending,the,stairs.,+
384,Some,ies,weren't,ascending,the,stairs.,-
385,The,parenthesis,hasn't,worried,some,committees.,+
386,The,expedient,hasn't,worried,some,committees.,-
387,This,child,has,disliked,Dan.,+
388,This,shadow,has,disliked,Dan.,-
389,An,ox,breaks,the,carriages.,+
390,a,java,breaks,the,carriages.,-
391,Every,louse,descends,the,steps.,+
392,Every,landfall,descends,the,steps.,-
393,This,alumnus,forfeits.,+
394,This,ethanol,forfeits.,-
395,The,ox,has,bored,Carolyn.,+
396,The,jewry,has,bored,Carolyn.,-
397,Some,synthesis,isn't,worrying,Dan.,+
398,Some,passive,isn't,worrying,Dan.,-
399,Those,lice,were,disgusting,the,association.,+
400,Those,lice,were,disgusting,the,progress.,-
401,Every,hypothesis,was,distracting,Leslie.,+
402,Every,confinement,was,distracting,Leslie.,-
403,An,oasis,was,bothering,Laurie.,+
404,a,gopher,was,bothering,Laurie.,-
405,Some,bases,are,aggravating,Beverly.,+
406,Some,binaries,are,aggravating,Beverly.,-
407,Those,women,discover,a,lot,of,dresses.,+
408,Those,hunts,discover,a,lot,of,dresses.,-
409,The,women,haven't,interacted.,+
410,The,options,haven't,interacted.,-
411,The,man,dares,a,customer,to,climb,down,some,hill.,+
412,The,war,dares,a,customer,to,climb,down,some,hill.,-
413,Every,axis,was,distracting,a,student.,+
414,Every,bid,was,distracting,a,student.,-
415,Every,thesis,hasn't,attempted,to,nod.,+
416,Every,albany,hasn't,attempted,to,nod.,-
417,Some,phenomenon,is,alarming,Phillip.,+
418,Some,spaceship,is,alarming,Phillip.,-
419,Some,analysis,upsets,Grace.,+
420,Some,final,upsets,Grace.,-
421,This,person,hasn't,found,that,dancer,to,wash.,+
422,This,june,hasn't,found,that,dancer,to,wash.,-
423,A,diagnosis,annoys,Amelia.,+
424,an,ovation,annoys,Amelia.,-
425,The,axes,were,appearing.,+
426,The,stubs,were,appearing.,-
427,Some,nucleus,disturbs,Carmen.,+
428,Some,gigabit,disturbs,Carmen.,-
429,Some,woman,wasn't,forcing,the,universities,to,reference,Kendra.,+
430,Some,window,wasn't,forcing,the,universities,to,reference,Kendra.,-
431,Some,crisis,has,impressed,some,legislature.,+
432,Some,epic,has,impressed,some,legislature.,-
433,These,syntheses,worry,Walter.,+
434,These,affections,worry,Walter.,-
435,Every,nucleus,alarms,some,drivers.,+
436,Every,stanhope,alarms,some,drivers.,-
437,That,crisis,has,bothered,Guy.,+
438,That,aurora,has,bothered,Guy.,-
439,This,oasis,was,disturbing,the,dancer.,+
440,This,tinsel,was,disturbing,the,dancer.,-
441,The,medium,isn't,scaring,Rebecca.,+
442,The,vii,isn't,scaring,Rebecca.,-
443,Some,louse,has,fallen.,+
444,Some,peduncle,has,fallen.,-
445,The,syntheses,aren't,astounding,some,waiter.,+
446,The,cellphones,aren't,astounding,some,waiter.,-
447,A,synopsis,wasn't,stunning,all,museums.,+
448,a,recliner,wasn't,stunning,all,museums.,-
449,Many,oxen,haven't,existed.,+
450,Many,dats,haven't,existed.,-
451,Every,hypothesis,impresses,Barbara.,+
452,Every,maharashtra,impresses,Barbara.,-
453,These,mice,haven't,resembled,all,pictures.,+
454,These,insects,haven't,resembled,all,pictures.,-
455,Many,syntheses,stun,every,dancer.,+
456,Many,testers,stun,every,dancer.,-
457,That,foot,isn't,embarrassing,Donna.,+
458,That,issue,isn't,embarrassing,Donna.,-
459,A,louse,is,climbing,up,some,steps.,+
460,a,codex,is,climbing,up,some,steps.,-
461,These,crises,have,aggravated,Beverly.,+
462,These,consumers,have,aggravated,Beverly.,-
463,Some,children,prompt,Kenneth,to,go,to,most,lakes.,+
464,Some,debts,prompt,Kenneth,to,go,to,most,lakes.,-
465,Some,stimulus,is,falling.,+
466,Some,pacing,is,falling.,-
467,These,media,scare,those,companies.,+
468,These,media,scare,those,dealing.,-
469,Every,mouse,has,alarmed,those,guys.,+
470,Every,heading,has,alarmed,those,guys.,-
471,Those,theses,have,resembled,that,drawing.,+
472,Those,theses,have,resembled,that,using.,-
473,These,men,have,worked,with,an,actor.,+
474,These,roberts,have,worked,with,an,actor.,-
475,Every,axis,impresses,Denise.,+
476,Every,shoot,impresses,Denise.,-
477,Every,medium,hasn't,bored,Carrie.,+
478,Every,gauge,hasn't,bored,Carrie.,-
479,The,crises,impress,Todd.,+
480,The,creatures,impress,Todd.,-
481,This,cactus,wasn't,irritating,Marie.,+
482,This,juror,wasn't,irritating,Marie.,-
483,Those,diagnoses,aren't,shocking,these,schools.,+
484,Those,diagnoses,aren't,shocking,these,begins.,-
485,That,paralysis,is,embarrassing,that,cashier.,+
486,That,christie,is,embarrassing,that,cashier.,-
487,This,phenomenon,annoys,Thomas.,+
488,This,seventies,annoys,Thomas.,-
489,A,diagnosis,annoys,a,lot,of,customers.,+
490,a,telegraph,annoys,a,lot,of,customers.,-
491,Some,hypothesis,alarms,Stephanie.,+
492,Some,syllabus,alarms,Stephanie.,-
493,Every,parenthesis,is,distracting,Gregory.,+
494,Every,cheerleader,is,distracting,Gregory.,-
495,Some,ellipsis,wasn't,scaring,Michael.,+
496,Some,carob,wasn't,scaring,Michael.,-
497,That,analysis,isn't,irritating,Winston,Churchill.,+
498,That,jewelry,isn't,irritating,Winston,Churchill.,-
499,Some,goose,hasn't,woken,up.,+
500,Some,welles,hasn't,woken,up.,-
501,Every,child,is,descending,some,hill.,+
502,Every,attempt,is,descending,some,hill.,-
503,All,stimuli,embarrass,Stephanie.,+
504,All,doggies,embarrass,Stephanie.,-
505,A,person,has,tried,to,find,most,people.,+
506,a,christian,has,tried,to,find,most,people.,-
507,The,synopsis,wasn't,daring,Sara,to,stretch.,+
508,The,brunette,wasn't,daring,Sara,to,stretch.,-
509,Every,nucleus,hurts,Monica.,+
510,Every,bickering,hurts,Monica.,-
511,Some,axes,aren't,hurting,Alicia.,+
512,Some,specks,aren't,hurting,Alicia.,-
513,Some,child,has,wept.,+
514,Some,angel,has,wept.,-
515,These,people,have,read.,+
516,These,goals,have,read.,-
517,This,medium,upsets,some,school.,+
518,This,van,upsets,some,school.,-
519,Every,tooth,has,aggravated,Denise.,+
520,Every,ensemble,has,aggravated,Denise.,-
521,The,analysis,was,scaring,Peter.,+
522,The,management,was,scaring,Peter.,-
523,Every,stimulus,isn't,annoying,that,bank.,+
524,Every,veneer,isn't,annoying,that,bank.,-
525,This,diagnosis,distracts,all,guests.,+
526,This,ripple,distracts,all,guests.,-
527,That,ox,isn't,distracting,hospitals.,+
528,That,lap,isn't,distracting,hospitals.,-
529,All,phenomena,aren't,scaring,every,school.,+
530,All,spaghetti,aren't,scaring,every,school.,-
531,That,goose,stuns,Keith.,+
532,That,granny,stuns,Keith.,-
533,The,parenthesis,annoys,this,customer.,+
534,The,jobcentre,annoys,this,customer.,-
535,All,teeth,have,distracted,Derek.,+
536,All,cokes,have,distracted,Derek.,-
537,All,men,are,returning,to,the,Clintons.,+
538,All,saws,are,returning,to,the,Clintons.,-
539,This,analysis,dares,Deborah,to,observe,Rachel.,+
540,This,worry,dares,Deborah,to,observe,Rachel.,-
541,These,ellipses,stun,Florence.,+
542,These,droppings,stun,Florence.,-
543,Every,tooth,was,hurting,Martin.,+
544,Every,sg,was,hurting,Martin.,-
545,Many,stimuli,have,disgusted,Julia.,+
546,Many,consoles,have,disgusted,Julia.,-
547,Some,louse,isn't,coming,here.,+
548,Some,diddly,isn't,coming,here.,-
549,A,goose,has,confused,that,adult.,+
550,a,grammar,has,confused,that,adult.,-
551,An,ellipsis,has,bored,Laurie.,+
552,a,kinfolk,has,bored,Laurie.,-
553,These,syntheses,are,bothering,Sarah.,+
554,These,samples,are,bothering,Sarah.,-
555,This,phenomenon,hasn't,disturbed,Susan.,+
556,This,grandson,hasn't,disturbed,Susan.,-
557,The,diagnosis,has,astounded,Sandra.,+
558,The,avocado,has,astounded,Sandra.,-
559,These,analyses,manage,to,communicate.,+
560,These,chilies,manage,to,communicate.,-
561,All,oases,haven't,upset,every,doctor.,+
562,All,oases,haven't,upset,every,aerial.,-
563,All,ellipses,weren't,worrying,all,teachers.,+
564,All,nostrils,weren't,worrying,all,teachers.,-
565,Every,nucleus,was,aggravating,Theodore.,+
566,Every,papa,was,aggravating,Theodore.,-
567,A,lot,of,paralyses,were,boring,many,senators.,+
568,A,lot,of,paralyses,were,boring,many,waynes.,-
569,The,hypothesis,has,irritated,Rose.,+
570,The,barbershop,has,irritated,Rose.,-
571,This,phenomenon,shocks,Teresa.,+
572,This,colombian,shocks,Teresa.,-
573,A,paralysis,isn't,embarrassing,Kirsten.,+
574,a,triple,isn't,embarrassing,Kirsten.,-
575,This,man,predicts,most,cashiers,to,disagree.,+
576,This,have,predicts,most,cashiers,to,disagree.,-
577,Every,alumnus,falls.,+
578,Every,mollie,falls.,-
579,Those,people,were,hunting.,+
580,Those,kings,were,hunting.,-
581,The,stimulus,was,confusing,David.,+
582,The,pickett,was,confusing,David.,-
583,Every,radius,has,confused,Dawn.,+
584,Every,expo,has,confused,Dawn.,-
585,A,child,heals,a,fish.,+
586,a,knee,heals,a,fish.,-
587,A,woman,has,left,glaciers.,+
588,a,period,has,left,glaciers.,-
589,Those,people,seem,to,yawn.,+
590,Those,federals,seem,to,yawn.,-
591,Every,tooth,chips.,+
592,Every,tooth,mono.,-
593,Some,person,wasn't,happening,to,discuss,Connie.,+
594,Some,heaven,wasn't,happening,to,discuss,Connie.,-
595,That,person,chuckles.,+
596,That,episode,chuckles.,-
597,Many,stimuli,haven't,upset,some,actor.,+
598,Many,carbide,haven't,upset,some,actor.,-
599,The,men,aren't,pressing,all,children,to,pass,Spain.,+
600,The,tours,aren't,pressing,all,children,to,pass,Spain.,-
601,A,parenthesis,upsets,Heidi.,+
602,a,caroling,upsets,Heidi.,-
603,Some,fungi,appear.,+
604,Some,fireflies,appear.,-
605,Some,cactus,has,upset,that,customer.,+
606,Some,dingle,has,upset,that,customer.,-
607,Some,woman,reveals,Jacqueline.,+
608,Some,fire,reveals,Jacqueline.,-
609,Those,feet,were,chipping.,+
610,Those,cheeses,were,chipping.,-
611,This,tooth,hasn't,shocked,Karla.,+
612,This,hook,hasn't,shocked,Karla.,-
613,Some,analyses,haven't,convinced,Chad's,sisters,to,struggle.,+
614,Some,auctions,haven't,convinced,Chad's,sisters,to,struggle.,-
615,Some,basis,aggravates,Erin.,+
616,Some,melt,aggravates,Erin.,-
617,Every,woman,wasn't,standing,up.,+
618,Every,presence,wasn't,standing,up.,-
619,An,oasis,has,resembled,most,photographs.,+
620,a,whimper,has,resembled,most,photographs.,-
621,The,nucleus,isn't,boring,Paula.,+
622,The,mongolian,isn't,boring,Paula.,-
623,Every,crisis,has,aggravated,an,organization.,+
624,Every,machine,has,aggravated,an,organization.,-
625,Many,alumni,have,stood,up.,+
626,Many,geraniums,have,stood,up.,-
627,Some,octopus,has,alarmed,Theodore.,+
628,Some,trimester,has,alarmed,Theodore.,-
629,The,tooth,annoys,Wayne.,+
630,The,venice,annoys,Wayne.,-
631,This,basis,alarms,Homer.,+
632,This,lie,alarms,Homer.,-
633,The,octopus,shocks,Andrea.,+
634,The,agnostic,shocks,Andrea.,-
635,Some,axis,has,confused,Gerald.,+
636,Some,feast,has,confused,Gerald.,-
637,These,phenomena,stun,Ruth.,+
638,These,spartans,stun,Ruth.,-
639,That,alumnus,is,remembering,what,has,slipped.,+
640,That,decanter,is,remembering,what,has,slipped.,-
641,Some,fungus,hasn't,stunned,Richard.,+
642,Some,scuba,hasn't,stunned,Richard.,-
643,Every,mouse,is,astounding,universities.,+
644,Every,realty,is,astounding,universities.,-
645,An,ellipsis,hasn't,confused,that,government.,+
646,a,diarrhoea,hasn't,confused,that,government.,-
647,Those,women,were,persuading,Kathleen,to,flee,from,Amy.,+
648,Those,fun,were,persuading,Kathleen,to,flee,from,Amy.,-
649,That,child,writes.,+
650,That,feeling,writes.,-
651,Children,aren't,commissioning,this,niece,of,Edward,to,approach,Lisa.,+
652,Children,aren't,commissioning,this,defender,of,Edward,to,approach,Lisa.,-
653,Some,people,aggravate,Nicole.,+
654,Some,parts,aggravate,Nicole.,-
655,The,fungi,haven't,impressed,Marie.,+
656,The,fillings,haven't,impressed,Marie.,-
657,This,crisis,disgusts,Claire.,+
658,This,feeling,disgusts,Claire.,-
659,The,man,hasn't,insulted,Valerie.,+
660,The,date,hasn't,insulted,Valerie.,-
661,Every,octopus,hasn't,found,sweaters.,+
662,Every,symbol,hasn't,found,sweaters.,-
663,Many,oxen,have,embarrassed,Dana.,+
664,Many,shrinks,have,embarrassed,Dana.,-
665,Some,axes,aren't,distracting,every,driver.,+
666,Some,churns,aren't,distracting,every,driver.,-
667,These,radii,haven't,upset,these,adults.,+
668,These,radii,haven't,upset,these,comics.,-
669,The,ox,wakes,up.,+
670,The,hf,wakes,up.,-
671,The,paralyses,are,disturbing,a,child.,+
672,The,paralyses,are,disturbing,a,question.,-
673,Many,analyses,aren't,planning,to,drink.,+
674,Many,crafts,aren't,planning,to,drink.,-
675,Every,man,was,believing,George,to,kiss,Mark.,+
676,Every,bus,was,believing,George,to,kiss,Mark.,-
677,Some,child,hasn't,obliged,this,girl's,senators,to,nod.,+
678,Some,fuck,hasn't,obliged,this,girl's,senators,to,nod.,-
679,The,nucleus,disturbs,Renee.,+
680,The,refining,disturbs,Renee.,-
681,That,foot,hasn't,slipped.,+
682,That,mansion,hasn't,slipped.,-
683,That,ellipsis,wasn't,astounding,some,girls.,+
684,That,dormitory,wasn't,astounding,some,girls.,-
685,That,alumnus,compromises.,+
686,That,jackrabbit,compromises.,-
687,A,woman,hasn't,fled,from,Randolf.,+
688,a,grade,hasn't,fled,from,Randolf.,-
689,Many,geese,ascend,some,steps.,+
690,Many,geese,ascend,some,sexes.,-
691,The,ellipses,haven't,aggravated,some,boy.,+
692,The,publicans,haven't,aggravated,some,boy.,-
693,Some,radius,has,hurt,Laura.,+
694,Some,suitor,has,hurt,Laura.,-
695,Those,feet,scare,Cindy.,+
696,Those,slams,scare,Cindy.,-
697,The,analysis,is,talking,about,Lawrence.,+
698,The,energy,is,talking,about,Lawrence.,-
699,A,lot,of,people,aren't,climbing,up,every,ladder.,+
700,A,lot,of,people,aren't,climbing,up,every,saxon.,-
701,These,women,weren't,hugging.,+
702,These,ghosts,weren't,hugging.,-
703,This,synthesis,isn't,stunning,Bradley.,+
704,This,interpreting,isn't,stunning,Bradley.,-
705,Some,octopi,climb,down,many,steps.,+
706,Some,octopi,climb,down,many,forts.,-
707,A,phenomenon,is,distracting,the,actress.,+
708,a,bookstore,is,distracting,the,actress.,-
709,Some,diagnosis,annoys,every,person.,+
710,Some,sniper,annoys,every,person.,-
711,This,parenthesis,has,upset,Charles.,+
712,This,hypodermic,has,upset,Charles.,-
713,That,stimulus,wastes,away.,+
714,That,barrow,wastes,away.,-
715,This,synopsis,was,commissioning,Mitchell,to,talk,about,Sharon.,+
716,This,undergrad,was,commissioning,Mitchell,to,talk,about,Sharon.,-
717,The,louse,has,broken,a,unicycle.,+
718,The,detour,has,broken,a,unicycle.,-
719,The,synthesis,embarrasses,Tanya.,+
720,The,subsystem,embarrasses,Tanya.,-
721,Some,parenthesis,has,bored,Frank.,+
722,Some,castilla,has,bored,Frank.,-
723,Some,men,haven't,seemed,to,correspond.,+
724,Some,greats,haven't,seemed,to,correspond.,-
725,Some,stimulus,wasn't,impressing,Liam.,+
726,Some,childhood,wasn't,impressing,Liam.,-
727,Some,woman,was,compromising.,+
728,Some,football,was,compromising.,-
729,The,radius,alarms,Edward.,+
730,The,simeon,alarms,Edward.,-
731,The,feet,have,fallen,apart.,+
732,The,bolts,have,fallen,apart.,-
733,That,woman,bikes,to,some,closets.,+
734,That,trial,bikes,to,some,closets.,-
735,Every,cactus,isn't,disturbing,some,senator.,+
736,Every,clapping,isn't,disturbing,some,senator.,-
737,The,child,is,returning,to,Beth.,+
738,The,double,is,returning,to,Beth.,-
739,This,analysis,has,appeared,to,alarm,Steve.,+
740,This,server,has,appeared,to,alarm,Steve.,-
741,That,octopus,isn't,impressing,Amy.,+
742,That,adder,isn't,impressing,Amy.,-
743,The,mouse,hasn't,resembled,many,sketches.,+
744,The,pow,hasn't,resembled,many,sketches.,-
745,The,woman,wasn't,imploring,Todd,to,dislike,Deborah.,+
746,The,june,wasn't,imploring,Todd,to,dislike,Deborah.,-
747,That,thesis,wins.,+
748,That,pinky,wins.,-
749,Some,medium,has,embarrassed,Jeffrey.,+
750,Some,names,has,embarrassed,Jeffrey.,-
751,This,analysis,looks,to,correspond.,+
752,This,device,looks,to,correspond.,-
753,The,woman,proposes,to,break,a,vase.,+
754,The,contrast,proposes,to,break,a,vase.,-
755,Some,women,have,explained,everything.,+
756,Some,assemblies,have,explained,everything.,-
757,Many,oxen,break,a,screen.,+
758,Many,snippets,break,a,screen.,-
759,Some,bases,haven't,stunned,Travis.,+
760,Some,evenings,haven't,stunned,Travis.,-
761,The,bases,worry,Bradley.,+
762,The,hawks,worry,Bradley.,-
763,Every,louse,hasn't,hidden.,+
764,Every,std,hasn't,hidden.,-
765,The,phenomenon,upsets,John.,+
766,The,section,upsets,John.,-
767,Some,child,isn't,firing,Margaret.,+
768,Some,occasion,isn't,firing,Margaret.,-
769,Many,radii,haven't,irritated,the,driver.,+
770,Many,radii,haven't,irritated,the,victory.,-
771,Some,paralysis,hasn't,bothered,William.,+
772,Some,disrepair,hasn't,bothered,William.,-
773,Every,louse,was,annoying,Nina.,+
774,Every,charcoal,was,annoying,Nina.,-
775,Some,radius,was,distracting,Travis.,+
776,Some,wipe,was,distracting,Travis.,-
777,All,crises,haven't,embarrassed,Claire.,+
778,All,alleys,haven't,embarrassed,Claire.,-
779,Some,geese,were,looking,like,that,painting.,+
780,Some,geese,were,looking,like,that,performer.,-
781,This,analysis,threatens,to,hunt.,+
782,This,elizabeth,threatens,to,hunt.,-
783,Every,person,remembers,what,aren't,rolling.,+
784,Every,coast,remembers,what,aren't,rolling.,-
785,These,alumni,weren't,finding,out,who,sang.,+
786,These,hydrates,weren't,finding,out,who,sang.,-
787,All,stimuli,bore,that,teacher.,+
788,All,suppressors,bore,that,teacher.,-
789,That,axis,wasn't,aggravating,Christine.,+
790,That,cedar,wasn't,aggravating,Christine.,-
791,The,woman,hasn't,explained,everything.,+
792,The,jr,hasn't,explained,everything.,-
793,Some,ellipses,are,annoying,Meredith.,+
794,Some,spoofs,are,annoying,Meredith.,-
795,The,crises,haven't,irritated,Russell.,+
796,The,gratitude,haven't,irritated,Russell.,-
797,The,tooth,irritates,Jodi.,+
798,The,analysis,irritates,Jodi.,-
799,All,stimuli,waste,away.,+
800,All,communists,waste,away.,-
801,The,woman,was,looking,to,descend,this,mountain.,+
802,The,wing,was,looking,to,descend,this,mountain.,-
803,The,paralysis,shocks,Candice.,+
804,The,andorra,shocks,Candice.,-
805,The,radius,is,disgusting,a,lot,of,doctors.,+
806,The,hamper,is,disgusting,a,lot,of,doctors.,-
807,These,lice,climb,up,some,hill.,+
808,These,lice,climb,up,some,burns.,-
809,Every,person,wasn't,forgetting,what,find,Jacqueline.,+
810,Every,net,wasn't,forgetting,what,find,Jacqueline.,-
811,All,syntheses,were,shocking,Caroline.,+
812,All,medians,were,shocking,Caroline.,-
813,Every,phenomenon,hurts,Veronica.,+
814,Every,pervert,hurts,Veronica.,-
815,Every,diagnosis,was,disturbing,the,lady.,+
816,Every,beirut,was,disturbing,the,lady.,-
817,All,oxen,exist.,+
818,All,grumbles,exist.,-
819,This,basis,worries,Amelia.,+
820,This,morgan,worries,Amelia.,-
821,These,children,regret,an,actor,isn't,preferring,some,truck,to,turn.,+
822,These,arthurs,regret,an,actor,isn't,preferring,some,truck,to,turn.,-
823,Every,synopsis,isn't,trying,to,embarrass,Carl.,+
824,Every,garbage,isn't,trying,to,embarrass,Carl.,-
825,This,cactus,has,embarrassed,Beth.,+
826,This,wale,has,embarrassed,Beth.,-
827,That,woman,visits,the,dancers.,+
828,That,soccer,visits,the,dancers.,-
829,That,medium,hasn't,confused,that,dancer.,+
830,That,collapse,hasn't,confused,that,dancer.,-
831,The,alumnus,has,concealed,what,brighten.,+
832,The,mips,has,concealed,what,brighten.,-
833,All,stimuli,have,scared,Martin.,+
834,All,kittens,have,scared,Martin.,-
835,Many,men,have,revealed,some,gate.,+
836,Many,cash,have,revealed,some,gate.,-
837,Many,fungi,aren't,upsetting,Carla.,+
838,Many,mice,aren't,upsetting,Carla.,-
839,That,woman,conceals,who,could,expect,Kristen,to,approach,Colleen.,+
840,That,grace,conceals,who,could,expect,Kristen,to,approach,Colleen.,-
841,Axes,haven't,scared,this,student.,+
842,Axes,haven't,scared,this,sooner.,-
843,This,crisis,has,distracted,Janet.,+
844,This,directory,has,distracted,Janet.,-
845,Some,fungus,embarrasses,all,teenagers.,+
846,Some,pendant,embarrasses,all,teenagers.,-
847,Many,men,haven't,known,all,pedestrians.,+
848,Many,ways,haven't,known,all,pedestrians.,-
849,That,basis,wasn't,disgusting,Carrie.,+
850,That,guidance,wasn't,disgusting,Carrie.,-
851,Some,oasis,falls.,+
852,Some,mindanao,falls.,-
853,Some,fungus,disappears.,+
854,Some,fed,disappears.,-
855,Some,medium,has,bored,Danielle.,+
856,Some,nigerian,has,bored,Danielle.,-
857,Every,synthesis,wasn't,annoying,the,lady.,+
858,Every,limitation,wasn't,annoying,the,lady.,-
859,Every,analysis,wasn't,planning,to,swallow.,+
860,Every,frank,wasn't,planning,to,swallow.,-
861,A,child,has,begged,the,girl's,doctor,to,flee,from,the,person.,+
862,a,november,has,begged,the,girl's,doctor,to,flee,from,the,person.,-
863,These,syntheses,aren't,boring,Stephanie.,+
864,These,lineages,aren't,boring,Stephanie.,-
865,This,phenomenon,stuns,Irene.,+
866,This,attending,stuns,Irene.,-
867,Every,child,has,studied.,+
868,Every,kiss,has,studied.,-
869,Some,medium,shocks,Elizabeth.,+
870,Some,medium,fillings,Elizabeth.,-
871,Those,oxen,astound,Elizabeth.,+
872,Those,foodies,astound,Elizabeth.,-
873,That,alumnus,waves.,+
874,That,snub,waves.,-
875,This,synopsis,wins.,+
876,This,jackpot,wins.,-
877,Every,goose,wasn't,impressing,Anna.,+
878,Every,lambert,wasn't,impressing,Anna.,-
879,Some,teeth,drop.,+
880,Some,prints,drop.,-
881,Some,ox,hasn't,found,a,lot,of,blouses.,+
882,Some,jaunt,hasn't,found,a,lot,of,blouses.,-
883,That,goose,has,upset,Spain.,+
884,That,frontage,has,upset,Spain.,-
885,The,radius,wasn't,alarming,a,lot,of,universities.,+
886,The,guessing,wasn't,alarming,a,lot,of,universities.,-
887,The,thesis,attempts,to,exercise.,+
888,The,odessa,attempts,to,exercise.,-
889,Those,stimuli,were,worrying,Ruth.,+
890,Those,shades,were,worrying,Ruth.,-
891,Some,person,has,answered.,+
892,Some,care,has,answered.,-
893,Some,alumni,haven't,believed,a,lot,of,women,to,hire,Elizabeth.,+
894,Some,glue,haven't,believed,a,lot,of,women,to,hire,Elizabeth.,-
895,Every,child,hasn't,exited,some,public,park.,+
896,Every,economy,hasn't,exited,some,public,park.,-
897,The,tooth,wasn't,boring,some,driver.,+
898,The,nairobi,wasn't,boring,some,driver.,-
899,The,synopsis,conceals,Cindy.,+
900,The,exclaiming,conceals,Cindy.,-
901,Some,axes,haven't,wasted,away.,+
902,Some,cooks,haven't,wasted,away.,-
903,Some,diagnosis,scares,the,pedestrians.,+
904,Some,eisenhower,scares,the,pedestrians.,-
905,That,thesis,hasn't,insulted,Lissa.,+
906,That,reader,hasn't,insulted,Lissa.,-
907,The,synthesis,wasn't,boring,Alicia.,+
908,The,incompetence,wasn't,boring,Alicia.,-
909,Some,syntheses,were,bothering,William.,+
910,Some,forests,were,bothering,William.,-
911,Every,child,hasn't,found,out,what,shrinks.,+
912,Every,matter,hasn't,found,out,what,shrinks.,-
913,A,fungus,embarrasses,Lisa.,+
914,a,thimble,embarrasses,Lisa.,-
915,Every,basis,is,boring,a,woman.,+
916,Every,effects,is,boring,a,woman.,-
917,Some,nucleus,resembles,every,photograph.,+
918,Some,maryland,resembles,every,photograph.,-
919,All,analyses,insult,some,women.,+
920,All,provisions,insult,some,women.,-
921,This,man,hasn't,disliked,Beth.,+
922,This,gold,hasn't,disliked,Beth.,-
923,The,man,mutters.,+
924,The,stay,mutters.,-
925,Many,geese,haven't,worried,these,schools.,+
926,Many,geese,haven't,worried,these,classics.,-
927,That,medium,was,bothering,Edward.,+
928,That,freezer,was,bothering,Edward.,-
929,A,tooth,hasn't,aggravated,Thomas.,+
930,a,kissing,hasn't,aggravated,Thomas.,-
931,The,cactus,hurts,Becky.,+
932,The,barring,hurts,Becky.,-
933,The,cactus,disturbs,some,women.,+
934,The,glide,disturbs,some,women.,-
935,This,person,has,hidden,away.,+
936,This,form,has,hidden,away.,-
937,Some,ellipsis,has,irritated,Veronica.,+
938,Some,thump,has,irritated,Veronica.,-
939,Some,alumni,have,climbed,down,most,steps.,+
940,Some,polytheism,have,climbed,down,most,steps.,-
941,The,axis,appears.,+
942,The,hives,appears.,-
943,The,ellipsis,isn't,scaring,Adam.,+
944,The,stockpiling,isn't,scaring,Adam.,-
945,Most,teeth,have,resembled,the,photograph.,+
946,Most,teeth,have,resembled,the,prosecutor.,-
947,Some,synopsis,hasn't,boasted.,+
948,Some,viability,hasn't,boasted.,-
949,Every,analysis,has,spurred,these,adults,to,visit,Brad.,+
950,Every,earnings,has,spurred,these,adults,to,visit,Brad.,-
951,The,alumnus,has,boycotted,Harvard,University.,+
952,The,spiel,has,boycotted,Harvard,University.,-
953,That,basis,wasn't,embarrassing,Brenda.,+
954,That,johns,wasn't,embarrassing,Brenda.,-
955,All,fungi,haven't,impressed,many,cashiers.,+
956,All,attendees,haven't,impressed,many,cashiers.,-
957,That,phenomenon,was,disturbing,Frank.,+
958,That,turmoil,was,disturbing,Frank.,-
959,A,stimulus,alarms,Jennifer.,+
960,a,rouge,alarms,Jennifer.,-
961,Every,diagnosis,hasn't,astounded,Melinda.,+
962,Every,deadline,hasn't,astounded,Melinda.,-
963,All,children,obligate,Roger's,handymen,to,hate,these,boys.,+
964,All,sticks,obligate,Roger's,handymen,to,hate,these,boys.,-
965,The,analysis,hasn't,encouraged,Heather,to,yawn.,+
966,The,catalog,hasn't,encouraged,Heather,to,yawn.,-
967,Every,cactus,has,worried,these,teenagers.,+
968,Every,onion,has,worried,these,teenagers.,-
969,Some,ellipsis,isn't,annoying,every,customer.,+
970,Some,litmus,isn't,annoying,every,customer.,-
971,The,basis,aggravates,Sonia.,+
972,The,trading,aggravates,Sonia.,-
973,Some,thesis,isn't,bothering,to,whisper.,+
974,Some,broom,isn't,bothering,to,whisper.,-
975,All,stimuli,were,impressing,Maria.,+
976,All,crackers,were,impressing,Maria.,-
977,A,lot,of,diagnoses,disturb,that,association.,+
978,A,lot,of,diagnoses,disturb,that,catherine.,-
979,The,goose,comes,here.,+
980,The,hag,comes,here.,-
981,Every,hypothesis,wasn't,confusing,a,school.,+
982,Every,bangkok,wasn't,confusing,a,school.,-
983,Some,octopus,hurts,Melinda.,+
984,Some,thunder,hurts,Melinda.,-
985,Some,man,is,firing,Caroline.,+
986,Some,cross,is,firing,Caroline.,-
987,That,octopus,has,bothered,William.,+
988,That,compiling,has,bothered,William.,-
989,This,oasis,was,stunning,Emily.,+
990,This,banyan,was,stunning,Emily.,-
991,Those,synopses,compel,Marie's,ex-wife,to,buy,those,hats.,+
992,Those,synopses,compel,Marie's,ex-wife,to,buy,those,raps.,-
993,This,man,escapes,from,Harvard,University.,+
994,This,form,escapes,from,Harvard,University.,-
995,Every,oasis,is,disappearing.,+
996,Every,etching,is,disappearing.,-
997,Some,men,irritates,the,girl.,+
998,Some,ys,irritates,the,girl.,-
999,A,medium,wasn't,astounding,Theodore.,+
1000,a,senate,wasn't,astounding,Theodore.,-
1001,Some,child,hasn't,bored,April.,+
1002,Some,throw,hasn't,bored,April.,-
1003,Every,foot,hasn't,disgusted,Sally.,+
1004,Every,nose,hasn't,disgusted,Sally.,-
1005,The,media,confuse,some,child.,+
1006,The,media,confuse,some,lab.,-
1007,The,person,hasn't,lied.,+
1008,The,source,hasn't,lied.,-
1009,The,stimulus,has,upset,all,guests.,+
1010,The,corridor,has,upset,all,guests.,-
1011,These,feet,haven't,tipped,over.,+
1012,These,suns,haven't,tipped,over.,-
1013,The,medium,wasn't,alarming,William.,+
1014,The,curve,wasn't,alarming,William.,-
1015,Some,stimuli,aren't,vanishing.,+
1016,Some,tailgates,aren't,vanishing.,-
1017,Those,theses,predict,a,university,to,struggle.,+
1018,Those,theses,predict,a,release,to,struggle.,-
1019,The,medium,is,upsetting,Claire.,+
1020,The,swan,is,upsetting,Claire.,-
1021,All,people,are,telephoning.,+
1022,All,killings,are,telephoning.,-
1023,Every,hypothesis,has,astounded,Brett.,+
1024,Every,parsons,has,astounded,Brett.,-
1025,The,teeth,were,falling.,+
1026,The,wraps,were,falling.,-
1027,Every,louse,has,left.,+
1028,Every,sherpa,has,left.,-
1029,The,louse,has,irritated,Mary.,+
1030,The,scab,has,irritated,Mary.,-
1031,These,mice,are,worrying,all,ladies.,+
1032,These,myriads,are,worrying,all,ladies.,-
1033,Those,bases,have,bothered,Rebecca.,+
1034,Those,pictures,have,bothered,Rebecca.,-
1035,Every,diagnosis,hasn't,bothered,Timothy.,+
1036,Every,updating,hasn't,bothered,Timothy.,-
1037,Some,thesis,prompts,Charles,to,explore,many,libraries.,+
1038,Some,buddy,prompts,Charles,to,explore,many,libraries.,-
1039,Every,medium,disgusts,Craig.,+
1040,Every,clash,disgusts,Craig.,-
1041,A,medium,has,astounded,Emily.,+
1042,a,clyde,has,astounded,Emily.,-
1043,That,paralysis,hurts,Jennifer.,+
1044,That,canonization,hurts,Jennifer.,-
1045,Synopses,aren't,predicting,some,planes,to,rust.,+
1046,Synopses,aren't,predicting,some,thos,to,rust.,-
1047,Some,cactus,has,appeared.,+
1048,Some,ricin,has,appeared.,-
1049,These,fungi,haven't,upset,the,museums.,+
1050,These,pioneers,haven't,upset,the,museums.,-
1051,These,children,haven't,gone,to,this,bank.,+
1052,These,divisions,haven't,gone,to,this,bank.,-
1053,That,goose,has,embarrassed,those,dancers.,+
1054,That,nelson,has,embarrassed,those,dancers.,-
1055,An,oasis,isn't,disappearing.,+
1056,a,vicar,isn't,disappearing.,-
1057,The,axis,is,worrying,Julia.,+
1058,The,ajax,is,worrying,Julia.,-
1059,Many,men,clean,this,box.,+
1060,Many,chances,clean,this,box.,-
1061,Every,person,copes.,+
1062,Every,situation,copes.,-
1063,All,syntheses,haven't,aggravated,Michael.,+
1064,All,headlights,haven't,aggravated,Michael.,-
1065,These,parentheses,aren't,stunning,some,cashiers.,+
1066,These,parentheses,aren't,stunning,some,apertures.,-
1067,Those,syntheses,have,distracted,Robert.,+
1068,Those,examiners,have,distracted,Robert.,-
1069,Some,teeth,weren't,vanishing.,+
1070,Some,das,weren't,vanishing.,-
1071,The,synthesis,embarrasses,Stacey.,+
1072,The,offside,embarrasses,Stacey.,-
1073,Some,crises,worry,every,adult.,+
1074,Some,railroads,worry,every,adult.,-
1075,Many,children,weren't,investigating,Timothy.,+
1076,Many,recalls,weren't,investigating,Timothy.,-
1077,All,crises,embarrass,a,lot,of,pedestrians.,+
1078,All,contents,embarrass,a,lot,of,pedestrians.,-
1079,Some,ellipsis,upsets,Heidi.,+
1080,Some,depletion,upsets,Heidi.,-
1081,That,ox,isn't,aggravating,those,patients.,+
1082,That,hq,isn't,aggravating,those,patients.,-
1083,A,child,drinks.,+
1084,A,child,jacks.,-
1085,The,hypothesis,embarrasses,some,schools.,+
1086,The,ephemeral,embarrasses,some,schools.,-
1087,Many,axes,have,resembled,these,pictures.,+
1088,Many,juries,have,resembled,these,pictures.,-
1089,All,people,have,seen.,+
1090,All,minimums,have,seen.,-
1091,A,lot,of,diagnoses,haven't,shocked,this,guy.,+
1092,A,lot,of,diagnoses,haven't,shocked,this,rest.,-
1093,A,man,prods,Jacqueline,to,cure,that,student.,+
1094,a,yes,prods,Jacqueline,to,cure,that,student.,-
1095,A,stimulus,wasn't,annoying,Daniel.,+
1096,a,curing,wasn't,annoying,Daniel.,-
1097,Some,oxen,have,upset,girls.,+
1098,Some,pecks,have,upset,girls.,-
1099,The,mice,have,alarmed,Carrie.,+
1100,The,daggers,have,alarmed,Carrie.,-
1101,These,octopi,find,the,rug.,+
1102,These,octopi,find,the,porno.,-
1103,A,synopsis,shocks,Chad.,+
1104,a,lacrosse,shocks,Chad.,-
1105,Most,radii,scare,some,boy.,+
1106,Most,radii,scare,some,paris.,-
1107,Those,people,have,collaborated.,+
1108,Those,lows,have,collaborated.,-
1109,A,medium,stuns,Chad.,+
1110,a,quebec,stuns,Chad.,-
1111,Every,foot,isn't,cracking.,+
1112,Every,image,isn't,cracking.,-
1113,This,medium,was,boring,Sharon.,+
1114,This,massacre,was,boring,Sharon.,-
1115,Some,oasis,alarms,Brett.,+
1116,Some,barf,alarms,Brett.,-
1117,A,fungus,worries,men.,+
1118,a,pen,worries,men.,-
1119,The,woman,was,criticizing,Bruce.,+
1120,The,constant,was,criticizing,Bruce.,-
1121,That,axis,has,confused,Homer.,+
1122,That,billion,has,confused,Homer.,-
1123,That,nucleus,has,appeared.,+
1124,That,scarlet,has,appeared.,-
1125,Many,theses,aren't,spurring,that,customer,to,answer.,+
1126,Many,theses,aren't,spurring,that,efficiency,to,answer.,-
1127,The,people,aren't,crying.,+
1128,The,canadas,aren't,crying.,-
1129,The,oxen,have,come,here.,+
1130,The,boaters,have,come,here.,-
1131,These,analyses,have,induced,the,senator,to,joke,around.,+
1132,These,adults,have,induced,the,senator,to,joke,around.,-
1133,A,man,was,pressuring,Laura,to,scan,this,story.,+
1134,a,g,was,pressuring,Laura,to,scan,this,story.,-
1135,Every,radius,hasn't,disturbed,Derek.,+
1136,Every,dickey,hasn't,disturbed,Derek.,-
1137,The,ellipses,are,distracting,Sharon.,+
1138,The,smuts,are,distracting,Sharon.,-
1139,The,man,is,boasting,about,Alan.,+
1140,The,open,is,boasting,about,Alan.,-
1141,That,parenthesis,has,confused,every,actress.,+
1142,That,sayonara,has,confused,every,actress.,-
1143,Those,radii,have,bothered,every,man.,+
1144,Those,radii,have,bothered,every,fourth.,-
1145,Some,medium,has,distracted,Jerry.,+
1146,Some,lent,has,distracted,Jerry.,-
1147,Every,parenthesis,wasn't,bothering,Scott.,+
1148,Every,oblivion,wasn't,bothering,Scott.,-
1149,These,phenomena,have,aggravated,Heather.,+
1150,These,rankings,have,aggravated,Heather.,-
1151,That,ellipsis,hasn't,confused,Clyde.,+
1152,That,wonton,hasn't,confused,Clyde.,-
1153,The,cactus,was,alarming,Pamela.,+
1154,The,rumor,was,alarming,Pamela.,-
1155,Every,axis,has,scared,some,adult.,+
1156,Every,fema,has,scared,some,adult.,-
1157,That,hypothesis,isn't,shocking,some,girls.,+
1158,That,smashing,isn't,shocking,some,girls.,-
1159,These,crises,were,distracting,Pamela.,+
1160,These,assistants,were,distracting,Pamela.,-
1161,Some,hypothesis,hasn't,distracted,Rodney.,+
1162,Some,teammate,hasn't,distracted,Rodney.,-
1163,The,syntheses,shock,the,companies.,+
1164,The,selfishness,shock,the,companies.,-
1165,The,woman,has,continued,to,blink.,+
1166,The,rain,has,continued,to,blink.,-
1167,Those,alumni,weren't,falling,asleep.,+
1168,Those,theosophy,weren't,falling,asleep.,-
1169,These,phenomena,scare,Patricia.,+
1170,These,corruptions,scare,Patricia.,-
1171,Many,phenomena,have,hurt,Rhonda.,+
1172,Many,usefulness,have,hurt,Rhonda.,-
1173,These,synopses,haven't,tried,to,run,around,all,libraries.,+
1174,These,synopses,haven't,tried,to,run,around,all,catholics.,-
1175,All,fungi,have,wasted,away.,+
1176,All,bowmen,have,wasted,away.,-
1177,That,tooth,hasn't,disappeared.,+
1178,That,cia,hasn't,disappeared.,-
1179,Every,diagnosis,has,stunned,that,student.,+
1180,Every,peoples,has,stunned,that,student.,-
1181,This,man,has,disgusted,Claire.,+
1182,This,middle,has,disgusted,Claire.,-
1183,An,ox,has,looked,like,some,print.,+
1184,a,gamut,has,looked,like,some,print.,-
1185,This,synopsis,hasn't,looked,to,shock,Kirsten.,+
1186,This,sandpaper,hasn't,looked,to,shock,Kirsten.,-
1187,That,paralysis,irritates,that,guy.,+
1188,That,caring,irritates,that,guy.,-
1189,This,goose,was,alarming,Alice.,+
1190,This,colt,was,alarming,Alice.,-
1191,These,people,have,concealed,Carmen.,+
1192,These,wines,have,concealed,Carmen.,-
1193,Some,cactus,wasn't,astounding,Donald.,+
1194,Some,peking,wasn't,astounding,Donald.,-
1195,A,lot,of,alumni,bothers,some,hospital.,+
1196,A,lot,of,alumni,bothers,some,middle.,-
1197,Many,people,have,watched,Elaine.,+
1198,Many,planes,have,watched,Elaine.,-
1199,All,analyses,plan,to,bike,to,some,public,parks.,+
1200,All,posters,plan,to,bike,to,some,public,parks.,-
1201,Those,feet,shatter.,+
1202,Those,textures,shatter.,-
1203,The,synopsis,spurs,Jessica,to,confuse,James.,+
1204,The,stalinism,spurs,Jessica,to,confuse,James.,-
1205,Syntheses,have,confused,every,boy.,+
1206,Syntheses,have,confused,every,butt.,-
1207,Many,fungi,haven't,stunned,Nina.,+
1208,Many,homelands,haven't,stunned,Nina.,-
1209,A,diagnosis,disturbs,Laurie.,+
1210,a,catching,disturbs,Laurie.,-
1211,Some,analysis,is,insulting,Alan.,+
1212,Some,roller,is,insulting,Alan.,-
1213,Every,paralysis,irritates,governments.,+
1214,Every,snorting,irritates,governments.,-
1215,A,man,orders,an,actor,to,leave.,+
1216,a,charge,orders,an,actor,to,leave.,-
1217,All,bases,astound,Tanya.,+
1218,All,spellings,astound,Tanya.,-
1219,Every,medium,has,distracted,Richard.,+
1220,Every,apartment,has,distracted,Richard.,-
1221,The,ox,hasn't,ascended,the,ladder.,+
1222,The,acne,hasn't,ascended,the,ladder.,-
1223,These,men,have,attacked,Chad.,+
1224,These,styles,have,attacked,Chad.,-
1225,Every,medium,isn't,aggravating,Omar.,+
1226,Every,montreal,isn't,aggravating,Omar.,-
1227,Some,paralysis,embarrasses,a,lot,of,drivers.,+
1228,Some,hotbed,embarrasses,a,lot,of,drivers.,-
1229,All,women,have,brought,this,skateboard.,+
1230,All,exits,have,brought,this,skateboard.,-
1231,That,louse,isn't,leaving.,+
1232,That,adrenal,isn't,leaving.,-
1233,The,synthesis,isn't,annoying,Mary.,+
1234,The,paradigm,isn't,annoying,Mary.,-
1235,Some,alumnus,mutters.,+
1236,Some,liman,mutters.,-
1237,That,diagnosis,hasn't,scared,Diane.,+
1238,That,methyl,hasn't,scared,Diane.,-
1239,Some,crisis,is,hurting,Donald.,+
1240,Some,infantry,is,hurting,Donald.,-
1241,Some,child,remembers,who,would,push,Laura,to,cheer.,+
1242,Some,joy,remembers,who,would,push,Laura,to,cheer.,-
1243,All,fungi,disturb,Angela.,+
1244,All,fondness,disturb,Angela.,-
1245,Those,men,have,spurred,James,to,shout.,+
1246,Those,lives,have,spurred,James,to,shout.,-
1247,All,axes,have,shocked,waitresses.,+
1248,All,slants,have,shocked,waitresses.,-
1249,That,man,wasn't,managing,to,hunt.,+
1250,That,team,wasn't,managing,to,hunt.,-
1251,A,foot,vanishes.,+
1252,a,thus,vanishes.,-
1253,Some,parenthesis,hasn't,astounded,Bill.,+
1254,Some,annihilation,hasn't,astounded,Bill.,-
1255,All,stimuli,annoy,the,ladies.,+
1256,All,shipments,annoy,the,ladies.,-
1257,Some,people,anticipate,Rachel,to,suffer.,+
1258,Some,oceans,anticipate,Rachel,to,suffer.,-
1259,A,goose,was,upsetting,Judy.,+
1260,a,hush,was,upsetting,Judy.,-
1261,Some,woman,hasn't,sat,down.,+
1262,Some,relief,hasn't,sat,down.,-
1263,The,cactus,isn't,appearing.,+
1264,The,hexagon,isn't,appearing.,-
1265,Every,man,bikes,to,every,college,campus.,+
1266,Every,man,worship,to,every,college,campus.,-
1267,The,mouse,has,distracted,Scott.,+
1268,The,helena,has,distracted,Scott.,-
1269,Every,diagnosis,has,alarmed,this,waiter.,+
1270,Every,samurai,has,alarmed,this,waiter.,-
1271,Every,goose,isn't,waking,up.,+
1272,Every,mileage,isn't,waking,up.,-
1273,Every,hypothesis,upsets,Mark.,+
1274,Every,calamity,upsets,Mark.,-
1275,Some,synthesis,annoys,Rachel.,+
1276,Some,discipline,annoys,Rachel.,-
1277,Many,men,write.,+
1278,Many,studies,write.,-
1279,A,phenomenon,hasn't,disgusted,Guy.,+
1280,a,glasses,hasn't,disgusted,Guy.,-
1281,The,axis,stuns,Jerry.,+
1282,The,farm,stuns,Jerry.,-
1283,These,crises,haven't,worried,Sonia.,+
1284,These,restraints,haven't,worried,Sonia.,-
1285,Every,louse,isn't,existing.,+
1286,Every,menelaus,isn't,existing.,-
1287,Paralyses,disturb,the,school.,+
1288,Paralyses,disturb,the,comment.,-
1289,Every,man,isn't,remembering,what,hadn't,shut.,+
1290,Every,t,isn't,remembering,what,hadn't,shut.,-
1291,The,theses,haven't,ascertained,those,drivers,to,testify.,+
1292,The,theses,haven't,ascertained,those,rhetoric,to,testify.,-
1293,Every,oasis,astounds,Donald.,+
1294,Every,inertia,astounds,Donald.,-
1295,Every,person,hasn't,slumped,over.,+
1296,Every,drive,hasn't,slumped,over.,-
1297,All,men,haven't,forced,Lucille,to,work,with,Guy.,+
1298,All,funnies,haven't,forced,Lucille,to,work,with,Guy.,-
1299,This,synthesis,astounds,Christine.,+
1300,This,readiness,astounds,Christine.,-
1301,This,synopsis,isn't,moving.,+
1302,This,nettle,isn't,moving.,-
1303,Many,nuclei,haven't,irritated,those,girls.,+
1304,Many,nuclei,haven't,irritated,those,defenses.,-
1305,The,synopsis,convinces,an,organization,to,benefit.,+
1306,The,occupier,convinces,an,organization,to,benefit.,-
1307,Every,child,was,managing,to,shock,some,cashier.,+
1308,Every,january,was,managing,to,shock,some,cashier.,-
1309,An,octopus,bores,Matt.,+
1310,a,pillow,bores,Matt.,-
1311,Every,louse,hasn't,embarrassed,Phillip.,+
1312,Every,sharpie,hasn't,embarrassed,Phillip.,-
1313,Every,basis,wasn't,astounding,Daniel.,+
1314,Every,filter,wasn't,astounding,Daniel.,-
1315,The,oases,haven't,aggravated,the,committee.,+
1316,The,oases,haven't,aggravated,the,champion.,-
1317,Some,louse,disturbs,Tonya.,+
1318,Some,shebang,disturbs,Tonya.,-
1319,Some,bases,aren't,disgusting,a,lot,of,pedestrians.,+
1320,Some,asides,aren't,disgusting,a,lot,of,pedestrians.,-
1321,These,phenomena,weren't,annoying,pedestrians.,+
1322,These,cherokees,weren't,annoying,pedestrians.,-
1323,Those,oxen,haven't,hurt,Judy.,+
1324,Those,daws,haven't,hurt,Judy.,-
1325,Many,women,weren't,hoping,to,shock,some,organization.,+
1326,Many,bears,weren't,hoping,to,shock,some,organization.,-
1327,A,lot,of,hypotheses,have,scared,those,universities.,+
1328,A,lot,of,hypotheses,have,scared,those,comparisons.,-
1329,A,radius,isn't,upsetting,the,school.,+
1330,a,fifth,isn't,upsetting,the,school.,-
1331,Some,stimuli,are,hurting,Jeffrey.,+
1332,Some,aquariums,are,hurting,Jeffrey.,-
1333,The,synopsis,hasn't,discovered,a,lot,of,doctors,to,marry.,+
1334,The,clamour,hasn't,discovered,a,lot,of,doctors,to,marry.,-
1335,Those,stimuli,weren't,wasting,away.,+
1336,Those,standpoints,weren't,wasting,away.,-
1337,This,medium,has,confused,Candice.,+
1338,This,green,has,confused,Candice.,-
1339,These,cacti,haven't,disturbed,many,teenagers.,+
1340,These,cacti,haven't,disturbed,many,dealers.,-
1341,Every,crisis,hasn't,scared,David.,+
1342,Every,watching,hasn't,scared,David.,-
1343,A,man,is,seeing.,+
1344,a,test,is,seeing.,-
1345,Many,teeth,weren't,impressing,many,women.,+
1346,Many,batons,weren't,impressing,many,women.,-
1347,Some,phenomenon,has,confused,Janice.,+
1348,Some,planner,has,confused,Janice.,-
1349,That,goose,was,looking,like,every,picture.,+
1350,That,lawmaker,was,looking,like,every,picture.,-
1351,A,lot,of,media,worry,some,guys.,+
1352,A,lot,of,media,worry,some,nines.,-
1353,These,men,aren't,leaving,Alexander.,+
1354,These,fires,aren't,leaving,Alexander.,-
1355,The,fungus,bores,Bethany.,+
1356,The,winding,bores,Bethany.,-
1357,The,men,haven't,discovered,that,candle.,+
1358,The,models,haven't,discovered,that,candle.,-
1359,Most,phenomena,haven't,astounded,a,company.,+
1360,Most,phenomena,haven't,astounded,a,standard.,-
1361,Many,syntheses,astound,Vincent.,+
1362,Many,shrouds,astound,Vincent.,-
1363,Some,parentheses,are,impressing,some,university.,+
1364,Some,parentheses,are,impressing,some,democracy.,-
1365,The,ox,wasn't,coming,here.,+
1366,The,cyrus,wasn't,coming,here.,-
1367,The,diagnosis,was,disgusting,Nancy.,+
1368,The,server,was,disgusting,Nancy.,-
1369,The,syntheses,have,astounded,Gerald.,+
1370,The,motorists,have,astounded,Gerald.,-
1371,A,paralysis,hasn't,bored,Amanda.,+
1372,a,backstage,hasn't,bored,Amanda.,-
1373,That,child,has,scratched.,+
1374,That,found,has,scratched.,-
1375,Some,hypothesis,wasn't,confusing,Bethany.,+
1376,Some,exercising,wasn't,confusing,Bethany.,-
1377,That,woman,was,descending,some,hills.,+
1378,That,eggs,was,descending,some,hills.,-
1379,Many,men,bake.,+
1380,Many,pluses,bake.,-
1381,Those,crises,haven't,bothered,Kristen.,+
1382,Those,fuss,haven't,bothered,Kristen.,-
1383,This,man,isn't,impressing,Dawn.,+
1384,This,p,isn't,impressing,Dawn.,-
1385,All,axes,haven't,alarmed,Jessica.,+
1386,All,inputs,haven't,alarmed,Jessica.,-
1387,Some,louse,is,stunning,a,company.,+
1388,Some,islet,is,stunning,a,company.,-
1389,An,ox,wasn't,upsetting,Peter.,+
1390,a,hydra,wasn't,upsetting,Peter.,-
1391,Every,crisis,wasn't,stunning,Janice.,+
1392,Every,romania,wasn't,stunning,Janice.,-
1393,All,teeth,are,impressing,Julia.,+
1394,All,poop,are,impressing,Julia.,-
1395,The,person,isn't,hugging,this,adult.,+
1396,The,hands,isn't,hugging,this,adult.,-
1397,That,synthesis,annoys,the,customer.,+
1398,That,transition,annoys,the,customer.,-
1399,The,nucleus,upsets,this,company.,+
1400,The,liar,upsets,this,company.,-
1401,That,diagnosis,bothers,Ann.,+
1402,That,elevation,bothers,Ann.,-
1403,Most,octopi,have,ascended,those,steps.,+
1404,Most,octopi,have,ascended,those,was.,-
1405,This,crisis,wasn't,upsetting,Alice.,+
1406,This,college,wasn't,upsetting,Alice.,-
1407,The,paralysis,bothers,Kristen.,+
1408,The,mauritius,bothers,Kristen.,-
1409,Some,person,grins.,+
1410,Some,person,spinach.,-
1411,Those,syntheses,alarm,Naomi.,+
1412,Those,semantics,alarm,Naomi.,-
1413,That,medium,hasn't,impressed,those,guys.,+
1414,That,nowhere,hasn't,impressed,those,guys.,-
1415,That,tooth,isn't,vanishing.,+
1416,That,backbone,isn't,vanishing.,-
1417,A,paralysis,disgusts,the,Clintons.,+
1418,a,barring,disgusts,the,Clintons.,-
1419,This,synthesis,is,boring,Martin.,+
1420,This,underground,is,boring,Martin.,-
1421,Some,synthesis,hasn't,upset,Samuel.,+
1422,Some,ramadan,hasn't,upset,Samuel.,-
1423,An,octopus,hasn't,ascended,that,hill.,+
1424,a,disconnect,hasn't,ascended,that,hill.,-
1425,Some,syntheses,are,stunning,Rachel.,+
1426,Some,complainants,are,stunning,Rachel.,-
1427,A,hypothesis,wasn't,worrying,a,teenager.,+
1428,a,looting,wasn't,worrying,a,teenager.,-
1429,Many,synopses,want,to,talk,to,the,customer.,+
1430,Many,synopses,want,to,talk,to,the,witness.,-
1431,These,men,were,commanding,Lissa,to,murmur.,+
1432,These,skins,were,commanding,Lissa,to,murmur.,-
1433,Those,lice,haven't,looked,like,some,painting.,+
1434,Those,lice,haven't,looked,like,some,listing.,-
1435,The,woman,was,judging,Amy,to,notice,a,convertible.,+
1436,The,da,was,judging,Amy,to,notice,a,convertible.,-
1437,That,crisis,has,upset,some,teenager.,+
1438,That,helena,has,upset,some,teenager.,-
1439,Those,children,haven't,existed.,+
1440,Those,outsides,haven't,existed.,-
1441,Every,foot,has,disappeared.,+
1442,Every,toll,has,disappeared.,-
1443,All,men,have,admired,these,convertibles.,+
1444,All,spots,have,admired,these,convertibles.,-
1445,All,men,aren't,hurting,Galileo.,+
1446,All,sounds,aren't,hurting,Galileo.,-
1447,The,teeth,are,slipping.,+
1448,The,outcasts,are,slipping.,-
1449,Many,phenomena,scare,that,organization.,+
1450,Many,cascades,scare,that,organization.,-
1451,Every,stimulus,disgusts,Janet.,+
1452,Every,jaffa,disgusts,Janet.,-
1453,This,woman,hasn't,anticipated,most,pants,to,tighten.,+
1454,This,housing,hasn't,anticipated,most,pants,to,tighten.,-
1455,Some,basis,was,confusing,Matt.,+
1456,Some,dome,was,confusing,Matt.,-
1457,The,analysis,dares,Raymond's,mentors,to,correspond.,+
1458,The,synthetic,dares,Raymond's,mentors,to,correspond.,-
1459,The,man,has,believed,some,waitress,to,go,to,the,schools.,+
1460,The,pull,has,believed,some,waitress,to,go,to,the,schools.,-
1461,The,person,was,criticizing,Lisa.,+
1462,The,george,was,criticizing,Lisa.,-
1463,This,ox,impresses,many,companies.,+
1464,This,whirl,impresses,many,companies.,-
1465,An,alumnus,is,winning.,+
1466,a,zionist,is,winning.,-
1467,The,fungus,isn't,stunning,Kathleen.,+
1468,The,loser,isn't,stunning,Kathleen.,-
1469,All,people,weren't,compelling,Marie,to,talk,about,Alan.,+
1470,All,taylors,weren't,compelling,Marie,to,talk,about,Alan.,-
1471,The,thesis,wasn't,inducing,Florence's,electrician,to,scare,Alice.,+
1472,The,bulgaria,wasn't,inducing,Florence's,electrician,to,scare,Alice.,-
1473,A,stimulus,hasn't,disappeared.,+
1474,an,extinction,hasn't,disappeared.,-
1475,The,goose,wasn't,wasting,away.,+
1476,The,macro,wasn't,wasting,away.,-
1477,These,teeth,astound,Amy.,+
1478,These,graces,astound,Amy.,-
1479,This,analysis,wasn't,intending,to,read.,+
1480,This,lover,wasn't,intending,to,read.,-
1481,An,analysis,hasn't,encouraged,Donna's,partner,to,laugh.,+
1482,an,arkansas,hasn't,encouraged,Donna's,partner,to,laugh.,-
1483,Many,ellipses,haven't,upset,this,bank.,+
1484,Many,woodpeckers,haven't,upset,this,bank.,-
1485,That,mouse,has,hurt,Meredith.,+
1486,That,zone,has,hurt,Meredith.,-
1487,That,ellipsis,impresses,Spain.,+
1488,That,latvian,impresses,Spain.,-
1489,That,louse,impresses,Brad.,+
1490,That,rajput,impresses,Brad.,-
1491,A,goose,isn't,leaving.,+
1492,a,steamer,isn't,leaving.,-
1493,A,lot,of,theses,weren't,threatening,to,observe,these,waitresses.,+
1494,A,lot,of,theses,weren't,threatening,to,observe,these,parachutes.,-
1495,This,medium,isn't,stunning,most,actresses.,+
1496,This,consent,isn't,stunning,most,actresses.,-
1497,Every,hypothesis,bores,Marla.,+
1498,Every,symmetry,bores,Marla.,-
1499,An,axis,hasn't,annoyed,Laura.,+
1500,a,quiet,hasn't,annoyed,Laura.,-
1501,The,mouse,impresses,actors.,+
1502,The,recent,impresses,actors.,-
1503,That,child,has,forgotten,Edward.,+
1504,That,charles,has,forgotten,Edward.,-
1505,The,ellipsis,astounds,Derek.,+
1506,The,uriah,astounds,Derek.,-
1507,That,synopsis,was,neglecting,to,disturb,Kenneth.,+
1508,That,sobbing,was,neglecting,to,disturb,Kenneth.,-
1509,The,feet,tip,over.,+
1510,The,beams,tip,over.,-
1511,A,paralysis,wasn't,distracting,Nancy.,+
1512,a,concealing,wasn't,distracting,Nancy.,-
1513,These,fungi,haven't,annoyed,all,actresses.,+
1514,These,furies,haven't,annoyed,all,actresses.,-
1515,The,child,cures,this,person.,+
1516,The,kentucky,cures,this,person.,-
1517,Those,men,haven't,loved,an,actress.,+
1518,Those,notes,haven't,loved,an,actress.,-
1519,Many,bases,annoy,Deanna.,+
1520,Many,footballs,annoy,Deanna.,-
1521,Feet,have,bothered,every,doctor.,+
1522,Feet,have,bothered,every,hole.,-
1523,Every,cactus,stuns,Linda.,+
1524,Every,lexicon,stuns,Linda.,-
1525,This,nucleus,hasn't,embarrassed,Gina.,+
1526,This,pediatrics,hasn't,embarrassed,Gina.,-
1527,Some,phenomenon,distracts,Donald.,+
1528,Some,disregard,distracts,Donald.,-
1529,This,medium,hasn't,disturbed,the,cashiers.,+
1530,This,weapon,hasn't,disturbed,the,cashiers.,-
1531,A,radius,was,distracting,Suzanne.,+
1532,a,telepathy,was,distracting,Suzanne.,-
1533,The,analysis,was,predicting,the,convertibles,to,maneuver.,+
1534,The,auction,was,predicting,the,convertibles,to,maneuver.,-
1535,Many,bases,aren't,aggravating,Amy.,+
1536,Many,spans,aren't,aggravating,Amy.,-
1537,These,feet,have,shocked,Sharon.,+
1538,These,memories,have,shocked,Sharon.,-
1539,This,mouse,wasn't,vanishing.,+
1540,This,mesa,wasn't,vanishing.,-
