stim1,stim2,stim3,stim4,stim5,stim6,stim7,stim8,stim9,stim10,stim11,stim12,stim13,stim14,stim15,stim16,stim17,stim18,stim19,stim20,stim21,stim22,stim23,stim24,stim25,stim26,stim27,stim28,stim29,stim30,stim31,stim32,stim33,stim34,stim35,stim36,stim37,stim38,stim39,stim40,stim41,stim42,stim43,stim44,stim45,stim46,stim47,stim48,stim49,stim50,stim51
1,Adugodoge,ere,arigaodoge,ebito,+
2,Adugodoge,ere,arigaodoge,bito,-
3,eimejeramode,apoe,ebito,+
4,eimejeramode,apoe,bito,-
5,Pedro,utyre,tuwo,kare,ewido,+
6,Pedro,utyre,tuwo,kare,bito,-
7,Mare,imi,imearydae,itabo,itaidyre,ia,tuguwo,",",awy,brae,ero,oino,dyji,",",brae,egoino,dyji,uwo,iwie,boe,remawy,ji,",",uwo,iorydywado,boe,remawy,ji,oinore,ioga,akore,.,+
8,Mare,imi,imearydae,itabo,itaidyre,ia,tuguwo,",",awy,brae,ero,oino,dyji,",",brae,akoe,dyji,uwo,iwie,boe,remawy,ji,",",uwo,iorydywado,boe,remawy,ji,oinore,ioga,akore,.,-
9,Ipare,ero,oino,",",marido,tawujedomode,kodi,+
10,Ipare,ro,oino,",",marido,tawujedomode,kodi,-
11,Egore,:,pajemage,etaregody,kuiada,tabo,.,Pajemage,etaregody,kuiada,tabo,+
12,Egore,:,pajemage,aregody,kuiada,tabo,.,Pajemage,etaregody,kuiada,tabo,-
13,negekygyre,erudyre,pudyi,pobo,to,+
14,negekygyre,iorudyre,pudyi,pobo,to,-
15,Aroe,etaregodymode,dykeje,",",boekuru,bytymode,bai,to,+
16,Aroe,akaregodymode,dykeje,",",boekuru,bytymode,bai,to,-
17,Icare,nowy,boe,etore,kugure,egore,:,inoba,ure,?,+
18,Icare,nowy,boe,etore,kugure,akoe,:,inoba,ure,?,-
19,Metage,etaiwonure,ty,ji,ty,+
20,Metage,taiwore,ty,ji,ty,-
21,Dykeje,icare,ityre,.,ityre,woje,bakowuboe,to,",",ora,kae,",",ioga,apo,",",imuga,apo,.,Ikodure,apowuge,emegaguragare,.,Boe,ekodo,jii,toro,",",boe,etaredodure,Kiwabo,to,.,Kiwabo,piji,Boe,eture,toro,Tuguribo,to,",",dypijire,cedyre,Tuborebo,to,",",dypijire,cedyre,Bakurebo,to,+
22,Dykeje,icare,ityre,.,ityre,woje,bakowuboe,to,",",ora,kae,",",ioga,apo,",",imuga,apo,.,Ikodure,apowuge,emegaguragare,.,Boe,kodo,jii,toro,",",boe,etaredodure,Kiwabo,to,.,Kiwabo,piji,Boe,eture,toro,Tuguribo,to,",",dypijire,cedyre,Tuborebo,to,",",dypijire,cedyre,Bakurebo,to,-
23,negekygyre,erudyre,pudyi,pobo,to,+
24,negekygyre,cerydyre,pudyi,pobo,to,-
25,Mare,imi,imearydae,itabo,itaidyre,ia,tuguwo,",",awy,brae,ero,oino,dyji,",",brae,egoino,dyji,uwo,iwie,boe,remawy,ji,",",uwo,iorydywado,boe,remawy,ji,oinore,ioga,akore,.,+
26,Mare,imi,imearydae,itabo,itaidyre,ia,tuguwo,",",awy,brae,ero,oino,dyji,",",brae,akore,dyji,uwo,iwie,boe,remawy,ji,",",uwo,iorydywado,boe,remawy,ji,oinore,ioga,akore,.,-
27,Aroe,etaregodymode,dykeje,",",boekuru,bytymode,bai,to,+
28,Aroe,aregody,dykeje,",",boekuru,bytymode,bai,to,-
29,Metage,etaiwonure,ty,ji,ty,+
30,Metage,aiwore,ty,ji,ty,-
31,Boe,emagore,jiboe,",",boe,egore,jiboe,",",kuricigo,",",makaguragare,+
32,Boe,mako,jiboe,",",boe,egore,jiboe,",",kuricigo,",",makaguragare,-
33,Awy,Aroroere,emagere,erydyre,ca,nowy,arigaodoge,ewurea,ji,+
34,Awy,Aroroere,emagere,cerydyre,ca,nowy,arigaodoge,ewurea,ji,-
35,Metage,etaiwonure,ty,ji,ty,+
36,Metage,taiwo,ty,ji,ty,-
37,Awy,Aroroere,emagere,erydyre,ca,nowy,arigaodoge,ewurea,ji,+
38,Awy,Aroroere,emagere,iorudyre,ca,nowy,arigaodoge,ewurea,ji,-
39,Icare,nowy,boe,etore,kugure,egore,:,inoba,ure,?,+
40,Icare,nowy,boe,etore,kugure,akore,:,inoba,ure,?,-
41,Icare,etyre,marido,oro,kae,.,Ipare,etyre,kaidaga,kae,+
42,Icare,etyre,marido,oro,kae,.,Ipare,tugoduwo,kaidaga,kae,-
43,Uw,!,Icare,Boe,eture,pugeje,.,Boe,ekodo,pugeje,jii,...,Boe,etaregodure,Aodorodoge,Emerao,maridoguru,to,pugeje,+
44,Uw,!,Icare,Boe,eture,pugeje,.,Boe,kodo,pugeje,jii,...,Boe,etaregodure,Aodorodoge,Emerao,maridoguru,to,pugeje,-
45,Kocare,pajemage,egore,kuiada,koduie,mai,.,Icare,pejemage,etyre,kuiada,kae,",",kuiada,kae,.,Inoba,ure,?,+
46,Kocare,pajemage,egore,kuiada,koduie,mai,.,Icare,pejemage,tudyre,kuiada,kae,",",kuiada,kae,.,Inoba,ure,?,-
47,Kocare,pajemage,egore,kuiada,koduie,mai,.,Icare,pejemage,etyre,kuiada,kae,",",kuiada,kae,.,Inoba,ure,?,+
48,Kocare,pajemage,egore,kuiada,koduie,mai,.,Icare,pejemage,utyre,kuiada,kae,",",kuiada,kae,.,Inoba,ure,?,-
49,Icare,nowy,boe,etore,kugure,egore,:,inoba,ure,?,+
50,Icare,nowy,boe,etore,kugure,ako,:,inoba,ure,?,-
51,Uw,!,Icare,Boe,erore,taci,",",cai,tugodure,kodi,.,Enoiogwarire,",",ekudure,",",tuiegare,tabo,.,Wo,",",cai,tudure,dyji,!,Erore,toro,ta,...,Cerore,woje,ta,...,Kejari,kae,+
52,Uw,!,Icare,Boe,ro,taci,",",cai,tugodure,kodi,.,Enoiogwarire,",",ekudure,",",tuiegare,tabo,.,Wo,",",cai,tudure,dyji,!,Erore,toro,ta,...,Cerore,woje,ta,...,Kejari,kae,-
53,Mare,imi,imearydae,itabo,itaidyre,ia,tuguwo,",",awy,brae,ero,oino,dyji,",",brae,egoino,dyji,uwo,iwie,boe,remawy,ji,",",uwo,iorydywado,boe,remawy,ji,oinore,ioga,akore,.,+
54,Mare,imi,imearydae,itabo,itaidyre,ia,tuguwo,",",awy,brae,ro,oino,dyji,",",brae,egoino,dyji,uwo,iwie,boe,remawy,ji,",",uwo,iorydywado,boe,remawy,ji,oinore,ioga,akore,.,-
55,Uw,!,Icare,Boe,erore,taci,",",cai,tugodure,kodi,.,Enoiogwarire,",",ekudure,",",tuiegare,tabo,.,Wo,",",cai,tudure,dyji,!,Erore,toro,ta,...,Cerore,woje,ta,...,Kejari,kae,+
56,Uw,!,Icare,Boe,rore,taci,",",cai,tugodure,kodi,.,Enoiogwarire,",",ekudure,",",tuiegare,tabo,.,Wo,",",cai,tudure,dyji,!,Erore,toro,ta,...,Cerore,woje,ta,...,Kejari,kae,-
57,Kuiada,kaere,areme,etyre,.,Etyre,toro,kuiada,kae,+
58,Kuiada,kaere,areme,utyre,.,Etyre,toro,kuiada,kae,-
59,Aroe,etaregodymode,dykeje,",",boekuru,bytymode,bai,to,+
60,Aroe,aregodyre,dykeje,",",boekuru,bytymode,bai,to,-
61,Kocare,pajemage,egore,kuiada,koduie,mai,.,Icare,pejemage,etyre,kuiada,kae,",",kuiada,kae,.,Inoba,ure,?,+
62,Kocare,pajemage,egore,kuiada,koduie,mai,.,Icare,pejemage,tudyie,kuiada,kae,",",kuiada,kae,.,Inoba,ure,?,-
63,Kuiada,kaere,areme,etyre,.,Etyre,toro,kuiada,kae,+
64,Kuiada,kaere,areme,tudyre,.,Etyre,toro,kuiada,kae,-
65,Kuiada,kaere,areme,etyre,+
66,Kuiada,kaere,areme,tudyre,-
67,Boe,egore,:,cewy,ceraedure,rore,oino,ji,+
68,Boe,akore,:,cewy,ceraedure,rore,oino,ji,-
69,Kuiada,kaere,areme,etyre,+
70,Kuiada,kaere,areme,tudyie,-
71,Kuiada,kaere,areme,etyre,+
72,Kuiada,kaere,areme,utyre,-
73,Mare,imi,imearydae,itabo,itaidyre,ia,tuguwo,",",awy,brae,ero,oino,dyji,",",brae,egoino,dyji,uwo,iwie,boe,remawy,ji,",",uwo,iorydywado,boe,remawy,ji,oinore,ioga,akore,.,+
74,Mare,imi,imearydae,itabo,itaidyre,ia,tuguwo,",",awy,brae,ero,oino,dyji,",",brae,ako,dyji,uwo,iwie,boe,remawy,ji,",",uwo,iorydywado,boe,remawy,ji,oinore,ioga,akore,.,-
75,Kuiada,kaere,areme,etyre,.,Etyre,toro,kuiada,kae,+
76,Kuiada,kaere,areme,tudyie,.,Etyre,toro,kuiada,kae,-
77,Boe,egore,:,Pawo,aroe,ereru,parudo,.,Oino,+
78,Boe,ako,:,Pawo,aroe,ereru,parudo,.,Oino,-
79,Areme,egore,:,padywo,kuiada,kae,",",padywo,kuiada,kae,+
80,Areme,akore,:,padywo,kuiada,kae,",",padywo,kuiada,kae,-
81,Boe,etaregodyre,barae,eiato,+
82,Boe,aregody,barae,eiato,-
83,Areme,egore,:,padywo,kuiada,kae,",",padywo,kuiada,kae,+
84,Areme,akoe,:,padywo,kuiada,kae,",",padywo,kuiada,kae,-
85,Boe,egore,arigao,akore,kui,",",kui,",",kui,;,je,padyre,moto,kajeje,rugadu,+
86,Boe,akore,arigao,akore,kui,",",kui,",",kui,;,je,padyre,moto,kajeje,rugadu,-
87,Areme,egore,:,padywo,kuiada,kae,",",padywo,kuiada,kae,+
88,Areme,ako,:,padywo,kuiada,kae,",",padywo,kuiada,kae,-
89,Boe,egore,Iwagududoge,tugodyie,boe,Arigao,Bororo,kae,",",dytaboie,icare,Iwagududoge,ere,Arigao,Bororo,akudo,baragara,tabo,+
90,Boe,akoe,Iwagududoge,tugodyie,boe,Arigao,Bororo,kae,",",dytaboie,icare,Iwagududoge,ere,Arigao,Bororo,akudo,baragara,tabo,-
91,Boe,etaregodyre,barae,eiato,+
92,Boe,aregodyre,barae,eiato,-
93,Ca,",",nowy,piji,icare,Boe,etaregodyre,",",tumode,tugado,puiatowy,kae,.,Koroia,kaewyge,ekodure,woje,",",pagana,koborewy,jaogwai,.,Kejari,kaewyge,woje,pagana,pemegarewy,jaogwai,+
94,Ca,",",nowy,piji,icare,Boe,aregodyre,",",tumode,tugado,puiatowy,kae,.,Koroia,kaewyge,ekodure,woje,",",pagana,koborewy,jaogwai,.,Kejari,kaewyge,woje,pagana,pemegarewy,jaogwai,-
95,Ca,",",nowy,piji,icare,Boe,etaregodyre,",",tumode,tugado,puiatowy,kae,.,Koroia,kaewyge,ekodure,woje,",",pagana,koborewy,jaogwai,.,Kejari,kaewyge,woje,pagana,pemegarewy,jaogwai,+
96,Ca,",",nowy,piji,icare,Boe,aregody,",",tumode,tugado,puiatowy,kae,.,Koroia,kaewyge,ekodure,woje,",",pagana,koborewy,jaogwai,.,Kejari,kaewyge,woje,pagana,pemegarewy,jaogwai,-
97,Dytabo,Boe,egore,dytaboie,icare,arigaodogere,tumaedo,oino,Iwagududoge,eiogi,+
98,Dytabo,Boe,akoe,dytaboie,icare,arigaodogere,tumaedo,oino,Iwagududoge,eiogi,-
99,Boe,egore,Iwagududoge,tugodyie,boe,Arigao,Bororo,kae,",",dytaboie,icare,Iwagududoge,ere,Arigao,Bororo,akudo,baragara,tabo,+
100,Boe,akore,Iwagududoge,tugodyie,boe,Arigao,Bororo,kae,",",dytaboie,icare,Iwagududoge,ere,Arigao,Bororo,akudo,baragara,tabo,-
101,Boe,egore,:,cewy,ceraedure,rore,oino,ji,+
102,Boe,akoe,:,cewy,ceraedure,rore,oino,ji,-
103,Boe,egore,Iwagududoge,tugodyie,boe,Arigao,Bororo,kae,",",dytaboie,icare,Iwagududoge,ere,Arigao,Bororo,akudo,baragara,tabo,+
104,Boe,ako,Iwagududoge,tugodyie,boe,Arigao,Bororo,kae,",",dytaboie,icare,Iwagududoge,ere,Arigao,Bororo,akudo,baragara,tabo,-
105,Boe,egore,arigao,akore,kui,",",kui,",",kui,;,je,padyre,moto,kajeje,rugadu,+
106,Boe,ako,arigao,akore,kui,",",kui,",",kui,;,je,padyre,moto,kajeje,rugadu,-
107,Boe,egore,:,Pawo,aroe,ereru,parudo,.,Oino,+
108,Boe,akoe,:,Pawo,aroe,ereru,parudo,.,Oino,-
109,Oinore,Boe,egore,arigaodoge,co,pega,pegarewyge,;,kigadu,pega,pegarewyge,icare,ere,tumaedo,",",oino,",",Iwagududoge,eiogi,+
110,Oinore,Boe,ako,arigaodoge,co,pega,pegarewyge,;,kigadu,pega,pegarewyge,icare,ere,tumaedo,",",oino,",",Iwagududoge,eiogi,-
111,Oinore,Boe,egore,arigaodoge,co,pega,pegarewyge,;,kigadu,pega,pegarewyge,icare,ere,tumaedo,",",oino,",",Iwagududoge,eiogi,+
112,Oinore,Boe,akore,arigaodoge,co,pega,pegarewyge,;,kigadu,pega,pegarewyge,icare,ere,tumaedo,",",oino,",",Iwagududoge,eiogi,-
113,Dytabo,Boe,egore,dytaboie,icare,arigaodogere,tumaedo,oino,Iwagududoge,eiogi,+
114,Dytabo,Boe,ako,dytaboie,icare,arigaodogere,tumaedo,oino,Iwagududoge,eiogi,-
115,Oinore,Boe,egore,arigaodoge,co,pega,pegarewyge,;,kigadu,pega,pegarewyge,icare,ere,tumaedo,",",oino,",",Iwagududoge,eiogi,+
116,Oinore,Boe,akoe,arigaodoge,co,pega,pegarewyge,;,kigadu,pega,pegarewyge,icare,ere,tumaedo,",",oino,",",Iwagududoge,eiogi,-
117,Boe,egore,arigao,akore,kui,",",kui,",",kui,;,je,padyre,moto,kajeje,rugadu,+
118,Boe,akoe,arigao,akore,kui,",",kui,",",kui,;,je,padyre,moto,kajeje,rugadu,-
119,Boe,egore,:,cewy,ceraedure,rore,oino,ji,+
120,Boe,ako,:,cewy,ceraedure,rore,oino,ji,-
121,Boe,egore,:,Pawo,aroe,ereru,parudo,.,Oino,+
122,Boe,akore,:,Pawo,aroe,ereru,parudo,.,Oino,-
123,Dytabo,Boe,egore,dytaboie,icare,arigaodogere,tumaedo,oino,Iwagududoge,eiogi,+
124,Dytabo,Boe,akore,dytaboie,icare,arigaodogere,tumaedo,oino,Iwagududoge,eiogi,-
125,Ia,aregodyre,arigao,pugeje,;,akore,kui,",",kui,",",kui,;,je,padyre,moto,kajeje,",",icare,ure,toiado,bai,kuri,tuku,Butore,Agadu,bure,paru,to,+
126,Ia,etaregodyre,arigao,pugeje,;,akore,kui,",",kui,",",kui,;,je,padyre,moto,kajeje,",",icare,ure,toiado,bai,kuri,tuku,Butore,Agadu,bure,paru,to,-
127,Ia,aregodyre,arigao,pugeje,;,akore,kui,",",kui,",",kui,;,je,padyre,moto,kajeje,",",icare,ure,toiado,bai,kuri,tuku,Butore,Agadu,bure,paru,to,+
128,Ia,etaregody,arigao,pugeje,;,akore,kui,",",kui,",",kui,;,je,padyre,moto,kajeje,",",icare,ure,toiado,bai,kuri,tuku,Butore,Agadu,bure,paru,to,-
129,Bybyty,aregody,",",ma,icare,kuiada,tugudodykare,roga,+
130,Bybyty,etaregody,",",ma,icare,kuiada,tugudodykare,roga,-
131,Ia,imedynure,tudyiagu,turagoja,kare,ei,kejewy,kae,",",icare,onaregedyre,tugoduiagu,tuo,apo,",",mare,uo,kiarire,uo,aidykare,kodywo,pudabo,+
132,Ia,imedynure,tudyiagu,turagoja,kare,ei,kejewy,kae,",",icare,onaregedyre,tugoduiagu,tuo,apo,",",mare,uo,kiarire,uo,etaidykare,kodywo,pudabo,-
133,Awara,kodymode,itura,aokajeje,+
134,Awara,ekodymode,itura,aokajeje,-
135,Ia,imedy,uwogure,+
136,Ia,imedy,ewogure,-
137,Dykeje,icare,meru,aregodyre,dykodi,icare,uore,ecewy,meru,bito,+
138,Dykeje,icare,meru,aregodyre,dykodi,icare,uore,ecewy,meru,ewido,-
139,dy,taboba,boere,bito,",",boere,karo,bito,",",boere,kiogo,bito,tugeje,",",toredyje,ukeje,",",tonaregedu,ukeje,",",kody,tabo,",",kuru,tabo,",",kaguru,tabo,+
140,dy,taboba,boere,bito,",",boere,karo,bito,",",boere,kiogo,ewido,tugeje,",",toredyje,ukeje,",",tonaregedu,ukeje,",",kody,tabo,",",kuru,tabo,",",kaguru,tabo,-
141,Ure,tumugudo,keje,akore,:,inoba,boemode,?,Tui,tumugudo,keje,+
142,Ure,tumugudo,keje,egoino,:,inoba,boemode,?,Tui,tumugudo,keje,-
143,Icare,cedaregodyre,.,Ia,boe,ewogware,",",ia,boe,ewire,Kejari,keje,",",dykae,radu,cedaregodyre,.,Boe,emagare,",",dykaere,cedaregodyre,",",ia,etumedyia,bire,dykae,+
144,Icare,cedaregodyre,.,Ia,boe,ewogware,",",ia,boe,ewire,Kejari,keje,",",dykae,radu,cedaregodyre,.,Boe,emagare,",",dykaere,cedaregodyre,",",ia,etumedyia,ewire,dykae,-
145,Icare,nowy,imedy,Meriri,Baru,akore,:,Uw,!,Aroe,ji,rade,itogeadyre,",",iorydyre,!,+
146,Icare,nowy,imedy,Meriri,Baru,egoino,:,Uw,!,Aroe,ji,rade,itogeadyre,",",iorydyre,!,-
147,Pegareure,rokare,ino,",",mearydae,bokwarewu,",",jorydae,bokwarewu,imedyre,",",rokare,ino,",",aredyre,rokare,ino,",",dyre,rokare,ino,+
148,Pegareure,rokare,ino,",",mearydae,bokwarewu,",",jorydae,bokwarewu,imedyre,",",erore,ino,",",aredyre,rokare,ino,",",dyre,rokare,ino,-
149,Imedu,aregodyre,tumaragodyrewy,piji,+
150,Imedu,cedaregodyre,tumaragodyrewy,piji,-
151,Pamode,ko,+
152,Pamode,eko,-
153,Mare,imi,imearydae,itabo,itaidyre,ia,tuguwo,",",awy,brae,ero,oino,dyji,",",brae,egoino,dyji,uwo,iwie,boe,remawy,ji,",",uwo,iorydywado,boe,remawy,ji,oinore,ioga,akore,.,+
154,Mare,imi,imearydae,itabo,itaidyre,ia,tuguwo,",",awy,brae,ero,oino,dyji,",",brae,egoino,dyji,uwo,iwie,boe,remawy,ji,",",uwo,iorydywado,boe,remawy,ji,oinore,ioga,egoino,.,-
155,Maereboe,okwagere,boe,jamedy,ji,kodi,.,Bope,okwagekare,pegare,boe,ji,.,Baere,egoe,",",boe,remawy,",",bope,rakojere,kare,baru,tada,:,moto,kajere,",",moto,kuda,rakojere,+
156,Maereboe,enogwageiagu,boe,jamedy,ji,kodi,.,Bope,okwagekare,pegare,boe,ji,.,Baere,egoe,",",boe,remawy,",",bope,rakojere,kare,baru,tada,:,moto,kajere,",",moto,kuda,rakojere,-
157,Icare,karo,akogodyre,",",akore,hm,...,hm,...,hm,",",tubadui,+
158,Icare,karo,egoino,",",akore,hm,...,hm,...,hm,",",tubadui,-
159,Icare,onaregedy,akore,tuoiagu,jorugo,tuge,boie,pudui,tuwo,ecewy,meru,kowyje,+
160,Icare,onaregedy,egoino,tuoiagu,jorugo,tuge,boie,pudui,tuwo,ecewy,meru,kowyje,-
161,Deu,aidy,rakaguragare,cowu,imedyje,",",aredyje,+
162,Deu,etaidykare,rakaguragare,cowu,imedyje,",",aredyje,-
163,Jory,binure,",",urygydo,!,+
164,Jory,ewikare,",",urygydo,!,-
165,Pegareure,rokare,ino,",",mearydae,bokwarewu,",",jorydae,bokwarewu,imedyre,",",rokare,ino,",",aredyre,rokare,ino,",",dyre,rokare,ino,+
166,Pegareure,rokare,ino,",",mearydae,bokwarewu,",",jorydae,bokwarewu,imedyre,",",ero,ino,",",aredyre,rokare,ino,",",dyre,rokare,ino,-
167,Booio,...,kocare,ca,tagagoi,oino,ii,marenaryrogunure,imi,",",itoredy,karega,",",emare,aidyre,imuguwo,apo,taidy,koia,ji,dykodi,",",oredyrogu,rugady,nowy,iwie,oredy,...,ema,...,ma,itoredy,karega,io,...,kocare,tagaidyre,iwo,ikogedy,+
168,Booio,...,kocare,ca,tagagoi,oino,ii,marenaryrogunure,imi,",",itoredy,karega,",",emare,etaidykare,imuguwo,apo,taidy,koia,ji,dykodi,",",oredyrogu,rugady,nowy,iwie,oredy,...,ema,...,ma,itoredy,karega,io,...,kocare,tagaidyre,iwo,ikogedy,-
169,Maereboe,okwagere,boe,jamedy,ji,kodi,.,Bope,okwagekare,pegare,boe,ji,.,Baere,egoe,",",boe,remawy,",",bope,rakojere,kare,baru,tada,:,moto,kajere,",",moto,kuda,rakojere,+
170,Maereboe,okwagere,boe,jamedy,ji,kodi,.,Bope,enogwageiagu,pegare,boe,ji,.,Baere,egoe,",",boe,remawy,",",bope,rakojere,kare,baru,tada,:,moto,kajere,",",moto,kuda,rakojere,-
171,Boewy,kodumode,boetoji,+
172,Boewy,ekodure,boetoji,-
173,Iaguduba,ako,oino,?,+
174,Iaguduba,egoino,oino,?,-
175,Iorudyware,imedu,makomodewy,ji,+
176,Iorudyware,imedu,pamagokare,ji,-
177,Dykeje,icare,karo,makore,pugeje,",",akore,:,Woie,",",Woie,",",Woie,!,+
178,Dykeje,icare,karo,emagore,pugeje,",",akore,:,Woie,",",Woie,",",Woie,!,-
179,Cewy,Baadojebare,rore,oino,ji,+
180,Cewy,Baadojebare,erore,oino,ji,-
181,Ia,akore,pugeje,kui,",",kui,",",kui,;,je,padyre,moto,kejeje,pugeje,",",icare,ure,toiado,bai,kuri,tuku,Okoge,Ebowy,bure,paru,kajeje,+
182,Ia,egoino,pugeje,kui,",",kui,",",kui,;,je,padyre,moto,kejeje,pugeje,",",icare,ure,toiado,bai,kuri,tuku,Okoge,Ebowy,bure,paru,kajeje,-
183,dy,taboba,boere,bito,",",boere,karo,bito,",",boere,kiogo,bito,tugeje,",",toredyje,ukeje,",",tonaregedu,ukeje,",",kody,tabo,",",kuru,tabo,",",kaguru,tabo,+
184,dy,taboba,boere,bito,",",boere,karo,ewido,",",boere,kiogo,bito,tugeje,",",toredyje,ukeje,",",tonaregedu,ukeje,",",kody,tabo,",",kuru,tabo,",",kaguru,tabo,-
185,ikadykigodykare,karo,ko,+
186,ikadykigodykare,karo,eko,-
187,akoe,boe,ere,kago,by,",",dykaie,nowy,negedyrogy,aregodyre,.,Dykodie,icare,ure,Meriri,Poro,ro,oino,+
188,akoe,boe,ere,kago,by,",",dykaie,nowy,negedyrogy,etaregody,.,Dykodie,icare,ure,Meriri,Poro,ro,oino,-
189,Boere,adygo,bito,Aroia,Kurirewy,mori,ce,+
190,Boere,adygo,ewido,Aroia,Kurirewy,mori,ce,-
191,Baru,kigady,kodyre,bace,kigady,kori,+
192,Baru,kigady,ekodymode,bace,kigady,kori,-
193,Dykeje,ecewy,nogedyrogu,makore,kuri,tuo,ae,;,akore,:,iogwa,",",pawo,ecewy,meru,tawyje,",",ike,boire,ii,+
194,Dykeje,ecewy,nogedyrogu,emagore,kuri,tuo,ae,;,akore,:,iogwa,",",pawo,ecewy,meru,tawyje,",",ike,boire,ii,-
195,Boewy,kodumode,boetoji,+
196,Boewy,ekudure,boetoji,-
197,Boetojiwy,kodumode,boe,+
198,Boetojiwy,ekudure,boe,-
199,Cewy,Baadojebare,rore,oino,ji,+
200,Cewy,Baadojebare,ero,oino,ji,-
201,Boere,adygo,bito,+
202,Boere,adygo,ewido,-
203,Boe,egore,:,cewy,ceraedure,rore,oino,ji,+
204,Boe,egore,:,cewy,ceraedure,erore,oino,ji,-
205,Ure,ki,bito,+
206,Ure,ki,ewido,-
207,Meri,kodyre,ji,...,meri,rekody,tabo,etaregodyre,pugeje,+
208,Meri,ekodymode,ji,...,meri,rekody,tabo,etaregodyre,pugeje,-
209,Aregodyre,jawujiwu,aredy,utyre,pugeje,+
210,Aregodyre,jawujiwu,aredy,ety,pugeje,-
211,Etraegodyre,boe,bokware,:,kuiada,kodo,mai,",",kuiada,kodo,mai,+
212,Etraegodyre,boe,bokware,:,kuiada,ekodo,mai,",",kuiada,kodo,mai,-
213,Uo,akore,:,kajao,kodymodykare,roga,.,Gu,+
214,Uo,egoino,:,kajao,kodymodykare,roga,.,Gu,-
215,Imi,ikodure,+
216,Imi,padyre,-
217,Jesus,makore,ewadary,jipagi,.,Akore,:,Awy,moto,kejewyge,nure,tagi,.,Imi,rema,itaregodyre,baru,piji,.,Tawydyre,woe,awy,moto,keje,.,Mare,imi,moto,kejewy,karega,nure,imi,+
218,Jesus,makore,ewadary,jipagi,.,Akore,:,Awy,moto,kejewyge,nure,tagi,.,Imi,rema,cedaregodyre,baru,piji,.,Tawydyre,woe,awy,moto,keje,.,Mare,imi,moto,kejewy,karega,nure,imi,-
219,Deu,akore,ei,akore,enogwageiagu,ji,nowy,boepa,tadawu,boe,jamedy,",",nowy,iguru,jamedy,boe,ji,",",mare,rakojere,boe,eiadadawu,ekare,eko,+
220,Deu,egoino,ei,akore,enogwageiagu,ji,nowy,boepa,tadawu,boe,jamedy,",",nowy,iguru,jamedy,boe,ji,",",mare,rakojere,boe,eiadadawu,ekare,eko,-
221,Meri,kodyre,jii,...,meri,rekody,tabo,etaregodyre,+
222,Meri,ekodymode,jii,...,meri,rekody,tabo,etaregodyre,-
223,Jory,binure,",",urygydo,!,+
224,Jory,ebire,",",urygydo,!,-
225,imi,ityre,jao,+
226,imi,cedyre,jao,-
227,Ake,rore,ikeno,to,+
228,Ake,taro,ikeno,to,-
229,Mare,adygo,akore,boroie,",",konorigie,uke,boigodumode,ji,tubiji,+
230,Mare,adygo,tagagoi,boroie,",",konorigie,uke,boigodumode,ji,tubiji,-
231,Imi,ikodure,+
232,Imi,cedu,-
233,Boe,egore,:,cewy,ceraedure,rore,oino,ji,+
234,Boe,egore,:,cewy,ceraedure,ero,oino,ji,-
235,Icare,Birimodo,",",Kaboreu,",",Manobaru,",",Tadugo,",",Aroia,Kurireu,",",Kogebowu,",",Butyregadu,",",Akaruio,Boroge,",",Apuie,Eceba,",",Kuruguga,",",Meriribaru,",",ere,tudo,pui,",",egore,:,inoba,awy,kiogorogu,akore,?,+
236,Icare,Birimodo,",",Kaboreu,",",Manobaru,",",Tadugo,",",Aroia,Kurireu,",",Kogebowu,",",Butyregadu,",",Akaruio,Boroge,",",Apuie,Eceba,",",Kuruguga,",",Meriribaru,",",ere,tudo,pui,",",egore,:,inoba,awy,kiogorogu,egoino,?,-
237,Icare,karo,akogodyre,",",akore,hm,...,hm,...,hm,",",tubadui,+
238,Icare,karo,egore,",",akore,hm,...,hm,...,hm,",",tubadui,-
239,Dykeje,icare,ecewy,akore,:,imuga,ikodywo,",",hm,",",hm,+
240,Dykeje,icare,ecewy,egoino,:,imuga,ikodywo,",",hm,",",hm,-
241,Etraegodyre,boe,bokware,:,kuiada,kodo,mai,",",kuiada,kodo,mai,+
242,Etraegodyre,boe,bokware,:,kuiada,kodo,mai,",",kuiada,ekodo,mai,-
243,imi,ityre,jao,+
244,imi,cedu,jao,-
245,dy,taboba,boere,bito,",",boere,karo,bito,",",boere,kiogo,bito,tugeje,",",toredyje,ukeje,",",tonaregedu,ukeje,",",kody,tabo,",",kuru,tabo,",",kaguru,tabo,+
246,dy,taboba,boere,ewido,",",boere,karo,bito,",",boere,kiogo,bito,tugeje,",",toredyje,ukeje,",",tonaregedu,ukeje,",",kody,tabo,",",kuru,tabo,",",kaguru,tabo,-
247,Aregodyre,jawujiwu,aredy,utyre,pugeje,+
248,Aregodyre,jawujiwu,aredy,etyre,pugeje,-
249,Konorigi,akore,tuiagu,tuge,boi,remagu,adygo,uke,boi,ji,+
250,Konorigi,egoino,tuiagu,tuge,boi,remagu,adygo,uke,boi,ji,-
251,Ure,bito,+
252,Ure,ewido,-
253,Imi,ityre,+
254,Imi,cedu,-
255,Imi,ikodure,+
256,Imi,padywo,-
257,imi,ityre,jao,+
258,imi,padyre,jao,-
259,Imi,ityre,+
260,Imi,padyre,-
261,akoe,boe,ere,kago,by,",",dykaie,nowy,negedyrogy,aregodyre,.,Dykodie,icare,ure,Meriri,Poro,ro,oino,+
262,akoe,boe,ere,kago,by,",",dykaie,nowy,negedyrogy,etaregodyre,.,Dykodie,icare,ure,Meriri,Poro,ro,oino,-
263,imedy,utyre,ibai,kae,tubaiga,bagai,+
264,imedy,etyre,ibai,kae,tubaiga,bagai,-
265,imi,ityre,jao,+
266,imi,padywo,jao,-
267,Boetojiwy,kodumode,boe,+
268,Boetojiwy,ekodure,boe,-
269,Boe,egore,arigao,akore,kui,",",kui,",",kui,;,je,padyre,moto,kajeje,rugadu,+
270,Boe,egore,arigao,egoino,kui,",",kui,",",kui,;,je,padyre,moto,kajeje,rugadu,-
271,imedy,utyre,ibai,kae,tubaiga,bagai,+
272,imedy,ety,ibai,kae,tubaiga,bagai,-
273,Mare,adygo,akore,boroie,",",konorigie,uke,boigodumode,ji,tubiji,+
274,Mare,adygo,egoino,boroie,",",konorigie,uke,boigodumode,ji,tubiji,-
275,Imi,ikodure,+
276,Imi,cedyre,-
277,Imi,ityre,+
278,Imi,cedyre,-
279,Imi,ityre,+
280,Imi,padywo,-
