stim1,stim2,stim3,stim4,stim5,stim6,stim7,stim8,stim9,stim10,stim11,stim12,stim13,stim14,stim15,stim16,stim17,stim18,stim19,stim20,stim21,stim22,stim23,stim24,stim25,stim26,stim27,stim28,stim29,stim30,stim31,stim32,stim33,stim34,stim35,stim36,stim37,stim38,stim39,stim40,stim41,stim42,stim43,stim44,stim45,stim46,stim47,stim48,stim49,stim50,stim51,stim52,stim53,stim54,stim55,stim56,stim57,stim58,stim59
1,кнѧзю,же,ст҃ославу,и,не,хотѧщю,ѥму,изверже,и,изъ,епспьи,+
2,кнѧзю,же,ст҃ославу,и,не,хотѧщема,ѥму,изверже,и,изъ,епспьи,-
3,митрополитъ,же,никиѳоръ,не,хотѧше,поставити,ѥго,зане,бѣ,на,мьздѣ,поставилъ,николу,грьчина,кнѧзю,всеволоду,не,хотѧщю,ѥго,паче,же,бг҃ви,+
4,митрополитъ,же,никиѳоръ,не,хотѧше,поставити,ѥго,зане,бѣ,на,мьздѣ,поставилъ,николу,грьчина,кнѧзю,всеволоду,не,хотѧщема,ѥго,паче,же,бг҃ви,-
5,и,понеж,младѹ,емѹ,сѹщꙋ,и,крѣп꙽кѹ,плотїю,бѧше,бо,силенъ,бывъ,тѣлом,могїи,за,два,чл҃ка,дїѧволъ,же,похотными,с꙽трелами,хотѧ,ѹꙗз꙽вити,его,+
6,и,понеж,младѹ,емѹ,сѹщꙋ,и,крѣп꙽кѹ,плотїю,бѧше,бо,силенъ,бывъ,тѣлом,могїи,за,два,чл҃ка,дїѧволъ,же,похотными,с꙽трелами,хотѧща,ѹꙗз꙽вити,его,-
7,и,понеж,младѹ,емѹ,сѹщꙋ,и,крѣп꙽кѹ,плотїю,бѧше,бо,силенъ,бывъ,тѣлом,могїи,за,два,чл҃ка,дїѧволъ,же,похотными,с꙽трелами,хотѧ,ѹꙗз꙽вити,его,+
8,и,понеж,младѹ,емѹ,сѹщꙋ,и,крѣп꙽кѹ,плотїю,бѧше,бо,силенъ,бывъ,тѣлом,могїи,за,два,чл҃ка,дїѧволъ,же,похотными,с꙽трелами,хотꙗща,ѹꙗз꙽вити,его,-
9,егда,ж,много,нѹдиша,его,братїѧ,на,игѹменьс꙽тво,ѡн,же,смиреномѹдръ,сыи,не,хотѧ,того,прїѧти,ниже,еже,из,дѣтьс꙽тва,совозрастъшее,ему,бг҃оподражанное,смиренїе,оставити,+
10,егда,ж,много,нѹдиша,его,братїѧ,на,игѹменьс꙽тво,ѡн,же,смиреномѹдръ,сыи,не,хотꙗща,того,прїѧти,ниже,еже,из,дѣтьс꙽тва,совозрастъшее,ему,бг҃оподражанное,смиренїе,оставити,-
11,оц҃ь,же,нашь,ѳеодосии,бѣ,по,вьсѧ,дн҃и,и,нощи,молѧ,б҃а,о,хо҃любьци,изиславѣ,и,ѥще,же,въ,ектении,велѧ,того,поминати,ꙗко,стольномѹ,томѹ,кнѧзю,и,старѣишю,вьсѣхъ,+
12,оц҃ь,же,нашь,ѳеодосии,бѣ,по,вьсѧ,дн҃и,и,нощи,молꙗща,б҃а,о,хо҃любьци,изиславѣ,и,ѥще,же,въ,ектении,велѧ,того,поминати,ꙗко,стольномѹ,томѹ,кнѧзю,и,старѣишю,вьсѣхъ,-
13,Сѣдѧщю,ст҃ополку,в,него,мѣсто,новѣгородѣ,сн҃у,изѧславлю,ярополку,сѣдѧщю,вышегородѣ,а,володимеру,сѣдѧщю,смолиньскѣ,приведе,ѡлегъ,и,борисъ,поганыя,на,русьскую,землю,+
14,Сѣдѧщю,ст҃ополку,в,него,мѣсто,новѣгородѣ,сн҃у,изѧславлю,ярополку,сѣдѧщема,вышегородѣ,а,володимеру,сѣдѧщю,смолиньскѣ,приведе,ѡлегъ,и,борисъ,поганыя,на,русьскую,землю,-
15,оц҃ь,же,нашь,ѳеодосии,бѣ,по,вьсѧ,дн҃и,и,нощи,молѧ,б҃а,о,хо҃любьци,изиславѣ,и,ѥще,же,въ,ектении,велѧ,того,поминати,ꙗко,стольномѹ,томѹ,кнѧзю,и,старѣишю,вьсѣхъ,+
16,оц҃ь,же,нашь,ѳеодосии,бѣ,по,вьсѧ,дн҃и,и,нощи,молѧща,б҃а,о,хо҃любьци,изиславѣ,и,ѥще,же,въ,ектении,велѧ,того,поминати,ꙗко,стольномѹ,томѹ,кнѧзю,и,старѣишю,вьсѣхъ,-
17,егда,ж,много,нѹдиша,его,братїѧ,на,игѹменьс꙽тво,ѡн,же,смиреномѹдръ,сыи,не,хотѧ,того,прїѧти,ниже,еже,из,дѣтьс꙽тва,совозрастъшее,ему,бг҃оподражанное,смиренїе,оставити,+
18,егда,ж,много,нѹдиша,его,братїѧ,на,игѹменьс꙽тво,ѡн,же,смиреномѹдръ,сыи,не,хотѧща,того,прїѧти,ниже,еже,из,дѣтьс꙽тва,совозрастъшее,ему,бг҃оподражанное,смиренїе,оставити,-
19,бл҃говѣрныи,же,ц҃рь,конʼстѧнʼтинъ,плача,горʼко,и,рече,имъ,+
20,бл҃говѣрныи,же,ц҃рь,конʼстѧнʼтинъ,плачюща,горʼко,и,рече,имъ,-
21,Кнз҃ь,же,юрьі,пришедъ,ѿ,вꙑбора,і,поіде,на,низъ,мног҃,моливъ,новгородци,а,бꙑша,и,проводили,+
22,Кнз҃ь,же,юрьі,пришьдъша,ѿ,вꙑбора,і,поіде,на,низъ,мног҃,моливъ,новгородци,а,бꙑша,и,проводили,-
23,бол҃юбивыи,же,кънѧзь,изѧславъ,иже,по,истинѣ,бѣ,теплъ,на,вѣрѹ,ꙗже,къ,г҃ѹ,нашемѹ,іс҃у,х҃,къ,прѣст҃ѣи,мт҃ри,ѥ,же,послѣже,положи,дш҃ю,свою,за,брата,своѥго,по,гн҃ю,гласѹ,сь,любъвь,имѣꙗ,ꙗкоже,рече,сѧ,не,простѹ,къ,оц҃ю,нашемѹ,ѳеѡдосию,и,часто,приходѧ,къ,немȣ,и,дх҃овьныихъ,тѣхъ,словесъ,насыщаꙗ,сѧ,ѿ,нѥго,+
24,бол҃юбивыи,же,кънѧзь,изѧславъ,иже,по,истинѣ,бѣ,теплъ,на,вѣрѹ,ꙗже,къ,г҃ѹ,нашемѹ,іс҃у,х҃,къ,прѣст҃ѣи,мт҃ри,ѥ,же,послѣже,положи,дш҃ю,свою,за,брата,своѥго,по,гн҃ю,гласѹ,сь,любъвь,имѹща,ꙗкоже,рече,сѧ,не,простѹ,къ,оц҃ю,нашемѹ,ѳеѡдосию,и,часто,приходѧ,къ,немȣ,и,дх҃овьныихъ,тѣхъ,словесъ,насыщаꙗ,сѧ,ѿ,нѥго,-
25,новгородцю,же,сѣдѧщю,на,порозѣ,тояже,храмины,кудесникъ,же,лежаше,ѡцѣпъ,и,шибе,имъ,бѣсъ,+
26,новгородцю,же,сѣдѧщема,на,порозѣ,тояже,храмины,кудесникъ,же,лежаше,ѡцѣпъ,и,шибе,имъ,бѣсъ,-
27,тъгдаж҃,оканьнꙑи,диꙗволъ,испьрва,не,хотѧи,добра,родѹ,чл҃вчю,и,завидѣвъ,ѥмѹ,зане,прогонѧшеть,ѥго,нощнꙑмъ,стоꙗниѥмь,пѣниѥмь,и,мл҃твами,и,въздвиже,на,арсениꙗ,мѹж҃,кротка,и,смерена,крамолѹ,велику,простѹю,чѧдь,+
28,тъгдаж҃,оканьнꙑи,диꙗволъ,испьрва,не,хотѧща,добра,родѹ,чл҃вчю,и,завидѣвъ,ѥмѹ,зане,прогонѧшеть,ѥго,нощнꙑмъ,стоꙗниѥмь,пѣниѥмь,и,мл҃твами,и,въздвиже,на,арсениꙗ,мѹж҃,кротка,и,смерена,крамолѹ,велику,простѹю,чѧдь,-
29,ѡнъ,же,се,слышавъ,възнесе,сѧ,срдце,ѥго,болма,не,вѣдыи,дв҃да,гл҃ща,+
30,ѡнъ,же,се,слышавша,възнесе,сѧ,срдце,ѥго,болма,не,вѣдыи,дв҃да,гл҃ща,-
31,ѡному,же,рекши,+
32,ѡному,же,рѣкшема,-
33,ѥдиною,же,ѥму,сѣдѧщю,по,ѡбычаю,и,свѣщю,оугасившю,внезапу,свѣт,восья,+
34,ѥдиною,же,ѥму,сѣдѧщема,по,ѡбычаю,и,свѣщю,оугасившю,внезапу,свѣт,восья,-
35,мнѣ,же,рекшю,к,гюрѧтѣ,+
36,мнѣ,же,рѣкшема,к,гюрѧтѣ,-
37,и,не,възлюби,б҃у,ни,хотѧщю,+
38,и,не,възлюби,б҃у,ни,хотѧщема,-
39,ѡн,же,видѣвъ,ꙗко,ѿ,своих,ѹбиваемъ,и,тѹ,ѹби,своих,ѹбїиць,мечем,своимъ,е҃,+
40,ѡн,же,видѣвша,ꙗко,ѿ,своих,ѹбиваемъ,и,тѹ,ѹби,своих,ѹбїиць,мечем,своимъ,е҃,-
41,ѡному,же,рекши,+
42,ѡному,же,рекшема,-
43,ѡн,же,видѣвъ,ꙗко,ѿ,своих,ѹбиваемъ,и,тѹ,ѹби,своих,ѹбїиць,мечем,своимъ,е҃,+
44,ѡн,же,видѣвъша,ꙗко,ѿ,своих,ѹбиваемъ,и,тѹ,ѹби,своих,ѹбїиць,мечем,своимъ,е҃,-
45,но,прбл҃гии,б҃ъ,не,хотѧ,смр҃ти,грѣшникомъ,на,томъ,холмѣ,ныне,цр҃ки,стоить,+
46,но,прбл҃гии,б҃ъ,не,хотꙗща,смр҃ти,грѣшникомъ,на,томъ,холмѣ,ныне,цр҃ки,стоить,-
47,аз,же,нѣкогда,видѣвъ,у,сосѣда,скотину,умершу,+
48,аз,же,нѣкогда,видѣвша,у,сосѣда,скотину,умершу,-
49,онъ,же,видѣвъ,ѥже,тако,вьси,покланꙗхѹть,сѧ,ѥмѹ,и,ѹжасе,сꙗ,въ,ѹмѣ,+
50,онъ,же,видѣвъша,ѥже,тако,вьси,покланꙗхѹть,сѧ,ѥмѹ,и,ѹжасе,сꙗ,въ,ѹмѣ,-
51,крствшю,же,сѧ,ему,и,се,ѿверзоша,сѧ,нб҃са,и,д҃хъ,сходѧщь,зракомъ,голубинымъ,на,нь,и,глас,гл҃ѧ,+
52,крствшю,же,сѧ,ему,и,се,ѿверзоша,сѧ,нб҃са,и,д҃хъ,сходѧщь,зракомъ,голубинымъ,на,нь,и,глас,глщ҃а,-
53,господѹ,рекъшю,+
54,господѹ,рекшема,-
55,аз,же,нѣкогда,видѣвъ,у,сосѣда,скотину,умершу,+
56,аз,же,нѣкогда,видѣвъша,у,сосѣда,скотину,умершу,-
57,Кнз҃ь,же,юрьі,пришедъ,ѿ,вꙑбора,і,поіде,на,низъ,мног҃,моливъ,новгородци,а,бꙑша,и,проводили,+
58,Кнз҃ь,же,юрьі,пришедъша,ѿ,вꙑбора,і,поіде,на,низъ,мног҃,моливъ,новгородци,а,бꙑша,и,проводили,-
59,се,же,ꙗкоже,то,самъ,видѣвъ,исповѣда,ѥдиномѹ,ѿ,братиꙗ,въ,манастыри,блаженааго,иже,истиньна,сѹть,+
60,се,же,ꙗкоже,то,самъ,видѣвша,исповѣда,ѥдиномѹ,ѿ,братиꙗ,въ,манастыри,блаженааго,иже,истиньна,сѹть,-
61,крствшю,же,сѧ,ему,и,се,ѿверзоша,сѧ,нб҃са,и,д҃хъ,сходѧщь,зракомъ,голубинымъ,на,нь,и,глас,гл҃ѧ,+
62,крствшю,же,сѧ,ему,и,се,ѿверзоша,сѧ,нб҃са,и,д҃хъ,сходѧщь,зракомъ,голубинымъ,на,нь,и,глас,гл҃ща,-
63,ѥдиною,бо,ѥму,пришедшю,в,домъ,яневъ,къ,яневи,и,к,подружью,ѥго,мр҃ьи,ѳеѡдосии,бо,бѣ,любѧ,я,занеже,живѧста,по,заповѣди,гсни,и,в,любви,межи,собою,пребываста,ѥдиною,же,ѥму,пришедшю,к,нима,и,оучашеть,я,ѡ,млтсни,къ,оубогымъ,ѡ,црсьствии,нбнсѣмь,еже,прияти,праведником,а,грѣшником,муку,ѡ,смр҃тнѣмь,часѣ,+
64,ѥдиною,бо,ѥму,пришдъшима,в,домъ,яневъ,къ,яневи,и,к,подружью,ѥго,мр҃ьи,ѳеѡдосии,бо,бѣ,любѧ,я,занеже,живѧста,по,заповѣди,гсни,и,в,любви,межи,собою,пребываста,ѥдиною,же,ѥму,пришедшю,к,нима,и,оучашеть,я,ѡ,млтсни,къ,оубогымъ,ѡ,црсьствии,нбнсѣмь,еже,прияти,праведником,а,грѣшником,муку,ѡ,смр҃тнѣмь,часѣ,-
65,епспъ,же,афонасїи,видѣвъ,и,блсви,его,и,въпроси,имени,его,+
66,епспъ,же,афонасїи,видѣвъша,и,блсви,его,и,въпроси,имени,его,-
67,мнѣ,же,рекшю,к,гюрѧтѣ,+
68,мнѣ,же,рекшема,к,гюрѧтѣ,-
69,тъгдаж҃,оканьнꙑи,диꙗволъ,испьрва,не,хотѧи,добра,родѹ,чл҃вчю,и,завидѣвъ,ѥмѹ,зане,прогонѧшеть,ѥго,нощнꙑмъ,стоꙗниѥмь,пѣниѥмь,и,мл҃твами,и,въздвиже,на,арсениꙗ,мѹж҃,кротка,и,смерена,крамолѹ,велику,простѹю,чѧдь,+
70,тъгдаж҃,оканьнꙑи,диꙗволъ,испьрва,не,хотꙗща,добра,родѹ,чл҃вчю,и,завидѣвъ,ѥмѹ,зане,прогонѧшеть,ѥго,нощнꙑмъ,стоꙗниѥмь,пѣниѥмь,и,мл҃твами,и,въздвиже,на,арсениꙗ,мѹж҃,кротка,и,смерена,крамолѹ,велику,простѹю,чѧдь,-
71,онъ,же,не,хотѧ,ослѹшати,сꙗ,старьца,и,изиде,къ,неи,+
72,онъ,же,не,хотѧща,ослѹшати,сꙗ,старьца,и,изиде,къ,неи,-
73,семому,же,дн҃и,пришедшю,призва,стеѳана,и,братю,оуже,изнемагающю,+
74,семому,же,дн҃и,пришедъшема,призва,стеѳана,и,братю,оуже,изнемагающю,-
75,кн҃зю,же,юрью,пришедшю,с,полкꙑ,близь,тфѣри,за,м҃,верстъ,і,тѹ,вꙑіде,на,нь,кнз҃ь,михаіло,со,тфѣри,+
76,кн҃зю,же,юрью,пришьдъшема,с,полкꙑ,близь,тфѣри,за,м҃,верстъ,і,тѹ,вꙑіде,на,нь,кнз҃ь,михаіло,со,тфѣри,-
77,но,прбл҃гии,б҃ъ,не,хотѧ,смр҃ти,грѣшникомъ,на,томъ,холмѣ,ныне,цр҃ки,стоить,+
78,но,прбл҃гии,б҃ъ,не,хотѧща,смр҃ти,грѣшникомъ,на,томъ,холмѣ,ныне,цр҃ки,стоить,-
79,кн҃зю,же,юрью,пришедшю,с,полкꙑ,близь,тфѣри,за,м҃,верстъ,і,тѹ,вꙑіде,на,нь,кнз҃ь,михаіло,со,тфѣри,+
80,кн҃зю,же,юрью,пришедъшема,с,полкꙑ,близь,тфѣри,за,м҃,верстъ,і,тѹ,вꙑіде,на,нь,кнз҃ь,михаіло,со,тфѣри,-
81,онъ,же,не,хотѧ,ослѹшати,сꙗ,старьца,и,изиде,къ,неи,+
82,онъ,же,не,хотꙗща,ослѹшати,сꙗ,старьца,и,изиде,къ,неи,-
83,господѹ,рекъшю,+
84,господѹ,рѣкшема,-
85,ѥдиною,бо,ѥму,пришедшю,в,домъ,яневъ,къ,яневи,и,к,подружью,ѥго,мр҃ьи,ѳеѡдосии,бо,бѣ,любѧ,я,занеже,живѧста,по,заповѣди,гсни,и,в,любви,межи,собою,пребываста,ѥдиною,же,ѥму,пришедшю,к,нима,и,оучашеть,я,ѡ,млтсни,къ,оубогымъ,ѡ,црсьствии,нбнсѣмь,еже,прияти,праведником,а,грѣшником,муку,ѡ,смр҃тнѣмь,часѣ,+
86,ѥдиною,бо,ѥму,пришедшю,в,домъ,яневъ,къ,яневи,и,к,подружью,ѥго,мр҃ьи,ѳеѡдосии,бо,бѣ,любѧ,я,занеже,живѧста,по,заповѣди,гсни,и,в,любви,межи,собою,пребываста,ѥдиною,же,ѥму,пришедшема,к,нима,и,оучашеть,я,ѡ,млтсни,къ,оубогымъ,ѡ,црсьствии,нбнсѣмь,еже,прияти,праведником,а,грѣшником,муку,ѡ,смр҃тнѣмь,часѣ,-
87,и,се,ему,рекшю,поидоша,противу,собѣ,+
88,и,се,ему,рѣкшема,поидоша,противу,собѣ,-
89,епспъ,же,афонасїи,видѣвъ,и,блсви,его,и,въпроси,имени,его,+
90,епспъ,же,афонасїи,видѣвша,и,блсви,его,и,въпроси,имени,его,-
91,се,же,ꙗкоже,то,самъ,видѣвъ,исповѣда,ѥдиномѹ,ѿ,братиꙗ,въ,манастыри,блаженааго,иже,истиньна,сѹть,+
92,се,же,ꙗкоже,то,самъ,видѣвъша,исповѣда,ѥдиномѹ,ѿ,братиꙗ,въ,манастыри,блаженааго,иже,истиньна,сѹть,-
93,нѣколи,же,ему,пришедшю,к,неи,и,ѹснувшю,хотѣ,и,зарѣзати,ножемь,+
94,нѣколи,же,ему,пришьдъшема,к,неи,и,ѹснувшю,хотѣ,и,зарѣзати,ножемь,-
95,кн҃зю,же,юрью,пришедшю,с,полкꙑ,близь,тфѣри,за,м҃,верстъ,і,тѹ,вꙑіде,на,нь,кнз҃ь,михаіло,со,тфѣри,+
96,кн҃зю,же,юрью,пришедшема,с,полкꙑ,близь,тфѣри,за,м҃,верстъ,і,тѹ,вꙑіде,на,нь,кнз҃ь,михаіло,со,тфѣри,-
97,онъ,же,видѣвъ,ѥже,тако,вьси,покланꙗхѹть,сѧ,ѥмѹ,и,ѹжасе,сꙗ,въ,ѹмѣ,+
98,онъ,же,видѣвша,ѥже,тако,вьси,покланꙗхѹть,сѧ,ѥмѹ,и,ѹжасе,сꙗ,въ,ѹмѣ,-
99,и,се,ему,рекшю,поидоша,противу,собѣ,+
100,и,се,ему,рекшема,поидоша,противу,собѣ,-
101,нѣколи,же,ему,пришедшю,к,неи,и,ѹснувшю,хотѣ,и,зарѣзати,ножемь,+
102,нѣколи,же,ему,пришедшема,к,неи,и,ѹснувшю,хотѣ,и,зарѣзати,ножемь,-
103,семому,же,дн҃и,пришедшю,призва,стеѳана,и,братю,оуже,изнемагающю,+
104,семому,же,дн҃и,пришедшема,призва,стеѳана,и,братю,оуже,изнемагающю,-
105,нѣколи,же,ему,пришедшю,к,неи,и,ѹснувшю,хотѣ,и,зарѣзати,ножемь,+
106,нѣколи,же,ему,пришедъшема,к,неи,и,ѹснувшю,хотѣ,и,зарѣзати,ножемь,-
107,ѥдиною,бо,ѥму,пришедшю,в,домъ,яневъ,къ,яневи,и,к,подружью,ѥго,мр҃ьи,ѳеѡдосии,бо,бѣ,любѧ,я,занеже,живѧста,по,заповѣди,гсни,и,в,любви,межи,собою,пребываста,ѥдиною,же,ѥму,пришедшю,к,нима,и,оучашеть,я,ѡ,млтсни,къ,оубогымъ,ѡ,црсьствии,нбнсѣмь,еже,прияти,праведником,а,грѣшником,муку,ѡ,смр҃тнѣмь,часѣ,+
108,ѥдиною,бо,ѥму,пришедъшема,в,домъ,яневъ,къ,яневи,и,к,подружью,ѥго,мр҃ьи,ѳеѡдосии,бо,бѣ,любѧ,я,занеже,живѧста,по,заповѣди,гсни,и,в,любви,межи,собою,пребываста,ѥдиною,же,ѥму,пришедшю,к,нима,и,оучашеть,я,ѡ,млтсни,къ,оубогымъ,ѡ,црсьствии,нбнсѣмь,еже,прияти,праведником,а,грѣшником,муку,ѡ,смр҃тнѣмь,часѣ,-
109,кн҃зю,же,юрью,пришедшю,с,полкꙑ,близь,тфѣри,за,м҃,верстъ,і,тѹ,вꙑіде,на,нь,кнз҃ь,михаіло,со,тфѣри,+
110,кн҃зю,же,юрью,пришдъшима,с,полкꙑ,близь,тфѣри,за,м҃,верстъ,і,тѹ,вꙑіде,на,нь,кнз҃ь,михаіло,со,тфѣри,-
111,ѥдиною,бо,ѥму,пришедшю,в,домъ,яневъ,къ,яневи,и,к,подружью,ѥго,мр҃ьи,ѳеѡдосии,бо,бѣ,любѧ,я,занеже,живѧста,по,заповѣди,гсни,и,в,любви,межи,собою,пребываста,ѥдиною,же,ѥму,пришедшю,к,нима,и,оучашеть,я,ѡ,млтсни,къ,оубогымъ,ѡ,црсьствии,нбнсѣмь,еже,прияти,праведником,а,грѣшником,муку,ѡ,смр҃тнѣмь,часѣ,+
112,ѥдиною,бо,ѥму,пришьдъшема,в,домъ,яневъ,къ,яневи,и,к,подружью,ѥго,мр҃ьи,ѳеѡдосии,бо,бѣ,любѧ,я,занеже,живѧста,по,заповѣди,гсни,и,в,любви,межи,собою,пребываста,ѥдиною,же,ѥму,пришедшю,к,нима,и,оучашеть,я,ѡ,млтсни,къ,оубогымъ,ѡ,црсьствии,нбнсѣмь,еже,прияти,праведником,а,грѣшником,муку,ѡ,смр҃тнѣмь,часѣ,-
113,семому,же,дн҃и,пришедшю,призва,стеѳана,и,братю,оуже,изнемагающю,+
114,семому,же,дн҃и,пришдъшима,призва,стеѳана,и,братю,оуже,изнемагающю,-
115,нѣколи,же,ему,пришедшю,к,неи,и,ѹснувшю,хотѣ,и,зарѣзати,ножемь,+
116,нѣколи,же,ему,пришдъшима,к,неи,и,ѹснувшю,хотѣ,и,зарѣзати,ножемь,-
117,ѥдиною,бо,ѥму,пришедшю,в,домъ,яневъ,къ,яневи,и,к,подружью,ѥго,мр҃ьи,ѳеѡдосии,бо,бѣ,любѧ,я,занеже,живѧста,по,заповѣди,гсни,и,в,любви,межи,собою,пребываста,ѥдиною,же,ѥму,пришедшю,к,нима,и,оучашеть,я,ѡ,млтсни,къ,оубогымъ,ѡ,црсьствии,нбнсѣмь,еже,прияти,праведником,а,грѣшником,муку,ѡ,смр҃тнѣмь,часѣ,+
118,ѥдиною,бо,ѥму,пришедшю,в,домъ,яневъ,къ,яневи,и,к,подружью,ѥго,мр҃ьи,ѳеѡдосии,бо,бѣ,любѧ,я,занеже,живѧста,по,заповѣди,гсни,и,в,любви,межи,собою,пребываста,ѥдиною,же,ѥму,пришедъшема,к,нима,и,оучашеть,я,ѡ,млтсни,къ,оубогымъ,ѡ,црсьствии,нбнсѣмь,еже,прияти,праведником,а,грѣшником,муку,ѡ,смр҃тнѣмь,часѣ,-
119,семому,же,дн҃и,пришедшю,призва,стеѳана,и,братю,оуже,изнемагающю,+
120,семому,же,дн҃и,пришьдъшема,призва,стеѳана,и,братю,оуже,изнемагающю,-
121,ѥдиною,бо,ѥму,пришедшю,в,домъ,яневъ,къ,яневи,и,к,подружью,ѥго,мр҃ьи,ѳеѡдосии,бо,бѣ,любѧ,я,занеже,живѧста,по,заповѣди,гсни,и,в,любви,межи,собою,пребываста,ѥдиною,же,ѥму,пришедшю,к,нима,и,оучашеть,я,ѡ,млтсни,къ,оубогымъ,ѡ,црсьствии,нбнсѣмь,еже,прияти,праведником,а,грѣшником,муку,ѡ,смр҃тнѣмь,часѣ,+
122,ѥдиною,бо,ѥму,пришедшема,в,домъ,яневъ,къ,яневи,и,к,подружью,ѥго,мр҃ьи,ѳеѡдосии,бо,бѣ,любѧ,я,занеже,живѧста,по,заповѣди,гсни,и,в,любви,межи,собою,пребываста,ѥдиною,же,ѥму,пришедшю,к,нима,и,оучашеть,я,ѡ,млтсни,къ,оубогымъ,ѡ,црсьствии,нбнсѣмь,еже,прияти,праведником,а,грѣшником,муку,ѡ,смр҃тнѣмь,часѣ,-
123,ѥдиною,бо,ѥму,пришедшю,в,домъ,яневъ,къ,яневи,и,к,подружью,ѥго,мр҃ьи,ѳеѡдосии,бо,бѣ,любѧ,я,занеже,живѧста,по,заповѣди,гсни,и,в,любви,межи,собою,пребываста,ѥдиною,же,ѥму,пришедшю,к,нима,и,оучашеть,я,ѡ,млтсни,къ,оубогымъ,ѡ,црсьствии,нбнсѣмь,еже,прияти,праведником,а,грѣшником,муку,ѡ,смр҃тнѣмь,часѣ,+
124,ѥдиною,бо,ѥму,пришедшю,в,домъ,яневъ,къ,яневи,и,к,подружью,ѥго,мр҃ьи,ѳеѡдосии,бо,бѣ,любѧ,я,занеже,живѧста,по,заповѣди,гсни,и,в,любви,межи,собою,пребываста,ѥдиною,же,ѥму,пришдъшима,к,нима,и,оучашеть,я,ѡ,млтсни,къ,оубогымъ,ѡ,црсьствии,нбнсѣмь,еже,прияти,праведником,а,грѣшником,муку,ѡ,смр҃тнѣмь,часѣ,-
125,ѥдиною,бо,ѥму,пришедшю,в,домъ,яневъ,къ,яневи,и,к,подружью,ѥго,мр҃ьи,ѳеѡдосии,бо,бѣ,любѧ,я,занеже,живѧста,по,заповѣди,гсни,и,в,любви,межи,собою,пребываста,ѥдиною,же,ѥму,пришедшю,к,нима,и,оучашеть,я,ѡ,млтсни,къ,оубогымъ,ѡ,црсьствии,нбнсѣмь,еже,прияти,праведником,а,грѣшником,муку,ѡ,смр҃тнѣмь,часѣ,+
126,ѥдиною,бо,ѥму,пришедшю,в,домъ,яневъ,къ,яневи,и,к,подружью,ѥго,мр҃ьи,ѳеѡдосии,бо,бѣ,любѧ,я,занеже,живѧста,по,заповѣди,гсни,и,в,любви,межи,собою,пребываста,ѥдиною,же,ѥму,пришьдъшема,к,нима,и,оучашеть,я,ѡ,млтсни,къ,оубогымъ,ѡ,црсьствии,нбнсѣмь,еже,прияти,праведником,а,грѣшником,муку,ѡ,смр҃тнѣмь,часѣ,-
127,въ,томь,бѣста,родителꙗ,ст҃го,въ,вѣрѣ,крс҃тиꙗньстѣи,живѹща,и,всꙗчьскыимь,благочьстиюмь,ѹкршена,+
128,въ,томь,бѣста,родителꙗ,ст҃го,въ,вѣрѣ,крс҃тиꙗньстѣи,живущии,и,всꙗчьскыимь,благочьстиюмь,ѹкршена,-
129,въ,томь,бѣста,родителꙗ,ст҃го,въ,вѣрѣ,крс҃тиꙗньстѣи,живѹща,и,всꙗчьскыимь,благочьстиюмь,ѹкршена,+
130,въ,томь,бѣста,родителꙗ,ст҃го,въ,вѣрѣ,крс҃тиꙗньстѣи,живуще,и,всꙗчьскыимь,благочьстиюмь,ѹкршена,-
131,въ,томь,бѣста,родителꙗ,ст҃го,въ,вѣрѣ,крс҃тиꙗньстѣи,живѹща,и,всꙗчьскыимь,благочьстиюмь,ѹкршена,+
132,въ,томь,бѣста,родителꙗ,ст҃го,въ,вѣрѣ,крс҃тиꙗньстѣи,жиоуще,и,всꙗчьскыимь,благочьстиюмь,ѹкршена,-
133,и,онѣма,пришьдъшема,въ,градъ,тъ,посылаета,же,по,бл҃женааго,оц҃а,нашего,ѳеодосиꙗ,бѣдѧща,того,прити,къ,тѣма,на,обѣдъ,и,причетати,сѧ,неправьдьнѣмь,томь,съвѣтѣ,+
134,и,онѣма,пришедъшимъ,въ,градъ,тъ,посылаета,же,по,бл҃женааго,оц҃а,нашего,ѳеодосиꙗ,бѣдѧща,того,прити,къ,тѣма,на,обѣдъ,и,причетати,сѧ,неправьдьнѣмь,томь,съвѣтѣ,-
135,сима,же,пришедъшема,начаста,съставливати,писмена,азъбуковьная,словѣньски,+
136,сима,же,пришедъшимъ,начаста,съставливати,писмена,азъбуковьная,словѣньски,-
137,сима,же,пришдъшима,начаста,съставлѧти,писмена,азъбѹковная,словеньскы,+
138,сима,же,пришедъшимъ,начаста,съставлѧти,писмена,азъбѹковная,словеньскы,-
139,ѡнѣма,же,ставшима,ѡколо,всеволожа,и,взѧста,копьем,град,+
140,ѡнѣма,же,ставшимъ,ѡколо,всеволожа,и,взѧста,копьем,град,-
141,и,онѣма,пришьдъшема,въ,градъ,тъ,посылаета,же,по,бл҃женааго,оц҃а,нашего,ѳеодосиꙗ,бѣдѧща,того,прити,къ,тѣма,на,обѣдъ,и,причетати,сѧ,неправьдьнѣмь,томь,съвѣтѣ,+
142,и,онѣма,пришедшимъ,въ,градъ,тъ,посылаета,же,по,бл҃женааго,оц҃а,нашего,ѳеодосиꙗ,бѣдѧща,того,прити,къ,тѣма,на,обѣдъ,и,причетати,сѧ,неправьдьнѣмь,томь,съвѣтѣ,-
143,ѡнѣма,же,рекшема,яко,+
144,ѡнѣма,же,рекшимъ,яко,-
145,и,онѣма,пришьдъшема,въ,градъ,тъ,посылаета,же,по,бл҃женааго,оц҃а,нашего,ѳеодосиꙗ,бѣдѧща,того,прити,къ,тѣма,на,обѣдъ,и,причетати,сѧ,неправьдьнѣмь,томь,съвѣтѣ,+
146,и,онѣма,пришьдъшемъ,въ,градъ,тъ,посылаета,же,по,бл҃женааго,оц҃а,нашего,ѳеодосиꙗ,бѣдѧща,того,прити,къ,тѣма,на,обѣдъ,и,причетати,сѧ,неправьдьнѣмь,томь,съвѣтѣ,-
147,и,онѣма,пришьдъшема,въ,градъ,тъ,посылаета,же,по,бл҃женааго,оц҃а,нашего,ѳеодосиꙗ,бѣдѧща,того,прити,къ,тѣма,на,обѣдъ,и,причетати,сѧ,неправьдьнѣмь,томь,съвѣтѣ,+
148,и,онѣма,пришьдъшмъ,въ,градъ,тъ,посылаета,же,по,бл҃женааго,оц҃а,нашего,ѳеодосиꙗ,бѣдѧща,того,прити,къ,тѣма,на,обѣдъ,и,причетати,сѧ,неправьдьнѣмь,томь,съвѣтѣ,-
149,сима,же,пришедъшема,начаста,съставливати,писмена,азъбуковьная,словѣньски,+
150,сима,же,пришедшимъ,начаста,съставливати,писмена,азъбуковьная,словѣньски,-
151,сима,же,пришедъшема,начаста,съставливати,писмена,азъбуковьная,словѣньски,+
152,сима,же,пришьдъшемъ,начаста,съставливати,писмена,азъбуковьная,словѣньски,-
153,ѡнѣма,же,рекшема,+
154,ѡнѣма,же,рекъшемъ,-
155,ѡнѣма,же,рекшема,+
156,ѡнѣма,же,рекшимъ,-
157,сима,же,пришедъшема,начаста,съставливати,писмена,азъбуковьная,словѣньски,+
158,сима,же,пришедъшемъ,начаста,съставливати,писмена,азъбуковьная,словѣньски,-
159,ѡнѣма,же,пришедшема,яко,и,еще,живъ,есть,единъ,ею,извлекъ,мечь,проньзе,и,къ,срцдю,+
160,ѡнѣма,же,пришедшимъ,яко,и,еще,живъ,есть,единъ,ею,извлекъ,мечь,проньзе,и,къ,срцдю,-
161,сима,же,пришдъшима,начаста,съставлѧти,писмена,азъбѹковная,словеньскы,+
162,сима,же,пришьдъшмъ,начаста,съставлѧти,писмена,азъбѹковная,словеньскы,-
163,ѡнѣма,же,рекшема,стати,нам,пред,ст҃ославом,и,повелѣ,янь,вложити,рубль,въ,оуста,има,и,привѧзатї,я,къ,оупругу,+
164,ѡнѣма,же,рекъшемъ,стати,нам,пред,ст҃ославом,и,повелѣ,янь,вложити,рубль,въ,оуста,има,и,привѧзатї,я,къ,оупругу,-
165,ѡнѣма,же,рекшема,яко,+
166,ѡнѣма,же,рекъшемъ,яко,-
167,и,онѣма,пришьдъшема,въ,градъ,тъ,посылаета,же,по,бл҃женааго,оц҃а,нашего,ѳеодосиꙗ,бѣдѧща,того,прити,къ,тѣма,на,обѣдъ,и,причетати,сѧ,неправьдьнѣмь,томь,съвѣтѣ,+
168,и,онѣма,пришедъшемъ,въ,градъ,тъ,посылаета,же,по,бл҃женааго,оц҃а,нашего,ѳеодосиꙗ,бѣдѧща,того,прити,къ,тѣма,на,обѣдъ,и,причетати,сѧ,неправьдьнѣмь,томь,съвѣтѣ,-
169,ѡнѣма,же,рекшема,стати,нам,пред,ст҃ославом,и,повелѣ,янь,вложити,рубль,въ,оуста,има,и,привѧзатї,я,къ,оупругу,+
170,ѡнѣма,же,рекшимъ,стати,нам,пред,ст҃ославом,и,повелѣ,янь,вложити,рубль,въ,оуста,има,и,привѧзатї,я,къ,оупругу,-
171,сима,же,пришдъшима,начаста,съставлѧти,писмена,азъбѹковная,словеньскы,+
172,сима,же,пришедшимъ,начаста,съставлѧти,писмена,азъбѹковная,словеньскы,-
173,ѡнѣма,же,пришедшема,яко,и,еще,живъ,есть,единъ,ею,извлекъ,мечь,проньзе,и,къ,срцдю,+
174,ѡнѣма,же,пришьдъшемъ,яко,и,еще,живъ,есть,единъ,ею,извлекъ,мечь,проньзе,и,къ,срцдю,-
175,ѡнѣма,же,пришедшема,яко,и,еще,живъ,есть,единъ,ею,извлекъ,мечь,проньзе,и,къ,срцдю,+
176,ѡнѣма,же,пришедъшемъ,яко,и,еще,живъ,есть,единъ,ею,извлекъ,мечь,проньзе,и,къ,срцдю,-
177,сима,же,пришедъшема,начаста,съставливати,писмена,азъбуковьная,словѣньски,+
178,сима,же,пришьдъшмъ,начаста,съставливати,писмена,азъбуковьная,словѣньски,-
179,ѡнѣма,же,пришедшема,яко,и,еще,живъ,есть,единъ,ею,извлекъ,мечь,проньзе,и,къ,срцдю,+
180,ѡнѣма,же,пришьдъшмъ,яко,и,еще,живъ,есть,единъ,ею,извлекъ,мечь,проньзе,и,къ,срцдю,-
181,ѡнѣма,же,пришедшема,яко,и,еще,живъ,есть,единъ,ею,извлекъ,мечь,проньзе,и,къ,срцдю,+
182,ѡнѣма,же,пришедъшимъ,яко,и,еще,живъ,есть,единъ,ею,извлекъ,мечь,проньзе,и,къ,срцдю,-
183,и,придоста,дну,в,печеру,нам,сѣдѧщемъ,оу,мощии,ѥго,+
184,и,придоста,дну,в,печеру,нам,сѣдѧщема,оу,мощии,ѥго,-
185,тѣмже,пришедшимъ,въ,землю,свою,и,повѣдаху,кождо,своимъ,ѡ,бывшемъ,и,ѡ,лѧдьнѣмь,ѡгни,+
186,тѣмже,пришдъшима,въ,землю,свою,и,повѣдаху,кождо,своимъ,ѡ,бывшемъ,и,ѡ,лѧдьнѣмь,ѡгни,-
187,печенегомъ,же,о,онѹду,пакы,идущемъ,ратию,на,рѹсь,въ,велицѣ,печали,бꙗаше,володимиръ,зане,не,можааше,изити,противу,имъ,+
188,печенегомъ,же,о,онѹду,пакы,идущема,ратию,на,рѹсь,въ,велицѣ,печали,бꙗаше,володимиръ,зане,не,можааше,изити,противу,имъ,-
189,и,бывшю,ему,на,перепетовьскомь,поли,половци,же,ти,слышавше,ѣхавша,глѣба,к,переꙗславлю,и,здумаша,+
190,и,бывшю,ему,на,перепетовьскомь,поли,половци,же,ти,слышавша,ѣхавша,глѣба,к,переꙗславлю,и,здумаша,-
191,кнѧзем҃,же,всѣм҃,слышавше,таку,погыбель,ѡ,братьѣ,своєи,и,до,бояръ,возпїша,вси,+
192,кнѧзем҃,же,всѣм҃,слышавша,таку,погыбель,ѡ,братьѣ,своєи,и,до,бояръ,возпїша,вси,-
193,онѣмъ,же,рекъшемъ,ꙗко,отъ,ст҃ыхъ,мѣстъ,есмъ,и,аще,б҃ѹ,велꙗщю,хощемъ,въспꙗть,ѹже,ити,с҃тыи,же,молꙗше,ꙗ,да,и,поимѹть,въ,слѣдъ,себе,и,съпѹтьника,и,сътворꙗти,и,съ,собою,+
194,онѣмъ,же,рѣкшема,ꙗко,отъ,ст҃ыхъ,мѣстъ,есмъ,и,аще,б҃ѹ,велꙗщю,хощемъ,въспꙗть,ѹже,ити,с҃тыи,же,молꙗше,ꙗ,да,и,поимѹть,въ,слѣдъ,себе,и,съпѹтьника,и,сътворꙗти,и,съ,собою,-
195,ѡнѣм,же,пришедшимъ,и,повѣдаша,с҃тополку,яко,+
196,ѡнѣм,же,пришдъшима,и,повѣдаша,с҃тополку,яко,-
197,на,гору,уч҃ником,ꙇдущим,за,земное,вознесение,предста,гд҃ь,+
198,на,гору,уч҃ником,идущема,за,земное,вознесение,предста,гд҃ь,-
199,деревлѧномъ,же,пришедъшимъ,повелѣ,ѡльга,мовь,створити,рькуще,сіце,+
200,деревлѧномъ,же,пришдъшима,повелѣ,ѡльга,мовь,створити,рькуще,сіце,-
201,печенѣгом,идущемъ,на,русь,посла,противу,имъ,бориса,+
202,печенѣгом,идущема,на,русь,посла,противу,имъ,бориса,-
203,но,ꙋбо,тоуркомъ,многымъ,вшедʼшимъ,во,градʼ,конʼскым,и,пѣшимъ,възвратиша,стратигъ,пакы,+
204,но,ꙋбо,тоуркомъ,многымъ,въшьдъшема,во,градʼ,конʼскым,и,пѣшимъ,възвратиша,стратигъ,пакы,-
205,блж҃еныи,же,ѡ,сихъ,всѣхъ,по,всꙗ,нощи,бе,съна,пребываше,молꙗ,cꙗ,б҃а,съ,плачьмь,и,часто,къ,земли,колѣнѣ,прекланꙗꙗ,ѧкоже,и,многашьды,слышаша,цр҃квьнии,строителе,вънегда,бо,годъ,бѹдꙗше,заѹтрьнюмѹ,пѣнию,и,онѣмъ,хотꙗщемъ,бл҃гословлениѥ,възѧти,отъ,него,+
206,блж҃еныи,же,ѡ,сихъ,всѣхъ,по,всꙗ,нощи,бе,съна,пребываше,молꙗ,cꙗ,б҃а,съ,плачьмь,и,часто,къ,земли,колѣнѣ,прекланꙗꙗ,ѧкоже,и,многашьды,слышаша,цр҃квьнии,строителе,вънегда,бо,годъ,бѹдꙗше,заѹтрьнюмѹ,пѣнию,и,онѣмъ,хотѧщема,бл҃гословлениѥ,възѧти,отъ,него,-
207,нашимь,же,ставшимъ,межи,валомъ,поставиша,стѧги,свои,+
208,нашимь,же,ставшима,межи,валомъ,поставиша,стѧги,свои,-
209,тако,же,и,ти,словѣне,пришедше,и,сѣдоша,по,днѣпру,+
210,тако,же,и,ти,словѣне,пришьдъша,и,сѣдоша,по,днѣпру,-
211,и,половцемъ,пришедшимъ,къ,всеволоду,всеволодъ,же,съ,братьєю,своєю,и,съ,изѧславомъ,и,ст҃ополкомъ,мьстиславичема,и,поидоша,воююче,села,и,городы,переяславьскои,власти,и,люди,сѣкуще,+
212,и,половцемъ,пришдъшима,къ,всеволоду,всеволодъ,же,съ,братьєю,своєю,и,съ,изѧславомъ,и,ст҃ополкомъ,мьстиславичема,и,поидоша,воююче,села,и,городы,переяславьскои,власти,и,люди,сѣкуще,-
213,полочане,же,рекше,лишает,сѧ,насъ,и,выгнаша,ст҃ополка,+
214,полочане,же,рекша,лишает,сѧ,насъ,и,выгнаша,ст҃ополка,-
215,онѣмъ,же,рекъшемъ,ꙗко,отъ,ст҃ыхъ,мѣстъ,есмъ,и,аще,б҃ѹ,велꙗщю,хощемъ,въспꙗть,ѹже,ити,с҃тыи,же,молꙗше,ꙗ,да,и,поимѹть,въ,слѣдъ,себе,и,съпѹтьника,и,сътворꙗти,и,съ,собою,+
216,онѣмъ,же,рекшема,ꙗко,отъ,ст҃ыхъ,мѣстъ,есмъ,и,аще,б҃ѹ,велꙗщю,хощемъ,въспꙗть,ѹже,ити,с҃тыи,же,молꙗше,ꙗ,да,и,поимѹть,въ,слѣдъ,себе,и,съпѹтьника,и,сътворꙗти,и,съ,собою,-
217,печенѣгомъ,же,пришедъшимъ,и,хотѧщимъ,на,семеѡна,расвариша,сѧ,грѣцкыя,воеводы,+
218,печенѣгомъ,же,пришдъшима,и,хотѧщимъ,на,семеѡна,расвариша,сѧ,грѣцкыя,воеводы,-
219,тоуркы,же,слышавше,рыданїе,и,смѧтенїе,людское,и,абїе,въскричавше,напꙋстиша,всѣми,полкы,+
220,тоуркы,же,слышавша,рыданїе,и,смѧтенїе,людское,и,абїе,въскричавше,напꙋстиша,всѣми,полкы,-
221,ѡни,же,видѣвше,бещисленое,множьство,злато,и,сребро,и,паволокы,и,рѣша,+
222,ѡни,же,видѣвъша,бещисленое,множьство,злато,и,сребро,и,паволокы,и,рѣша,-
223,Словени,же,"пришедше,",сѣдошя,овии,на,Вислѣ,"рѣцѣ,",и,прозвашяся,ляхове;,а,от,тех,ляхов,прозвашяся,поляне;,ляхове,друзии,"лутици,",инии,"мозавжане,",инии,поморяне.,+
224,Словени,же,"пришьдъша,",сѣдошя,овии,на,Вислѣ,"рѣцѣ,",и,прозвашяся,ляхове;,а,от,тех,ляхов,прозвашяся,поляне;,ляхове,друзии,"лутици,",инии,"мозавжане,",инии,поморяне.,-
225,Словени,же,"пришедше,",сѣдошя,овии,на,Вислѣ,"рѣцѣ,",и,прозвашяся,ляхове;,а,от,тех,ляхов,прозвашяся,поляне;,ляхове,друзии,"лутици,",инии,"мозавжане,",инии,поморяне.,+
226,Словени,же,"пришедъша,",сѣдошя,овии,на,Вислѣ,"рѣцѣ,",и,прозвашяся,ляхове;,а,от,тех,ляхов,прозвашяся,поляне;,ляхове,друзии,"лутици,",инии,"мозавжане,",инии,поморяне.,-
227,ѡни,же,видѣвше,бещисленое,множьство,злато,и,сребро,и,паволокы,и,рѣша,+
228,ѡни,же,видѣвша,бещисленое,множьство,злато,и,сребро,и,паволокы,и,рѣша,-
229,ѡни,же,видѣвше,с,оноя,страны,и,приѣхаша,в,лодьи,противу,ему,+
230,ѡни,же,видѣвъша,с,оноя,страны,и,приѣхаша,в,лодьи,противу,ему,-
231,тако,же,и,ти,словѣне,пришедше,и,сѣдоша,по,днѣпру,+
232,тако,же,и,ти,словѣне,пришедъша,и,сѣдоша,по,днѣпру,-
233,Ино,"ми,",видѣвше,ег[о],доброе,произволеніе,и,"дааніе,",а,ми,"такожде,","ре,",есми,дали,и,потвръдили,с[вя]тому,монастирю,нашему,от,Молдавица,тую,половина,села,—,от,Остъпчань,вышнию,"част[ь],",где,быль,Остапковъ,тъман[ъ],у,Туріи,у,волости,Яскои.,+
234,Ино,"ми,",видѣвъша,ег[о],доброе,произволеніе,и,"дааніе,",а,ми,"такожде,","ре,",есми,дали,и,потвръдили,с[вя]тому,монастирю,нашему,от,Молдавица,тую,половина,села,—,от,Остъпчань,вышнию,"част[ь],",где,быль,Остапковъ,тъман[ъ],у,Туріи,у,волости,Яскои.,-
235,ѿвѣщавше,же,болѧре,рекше,+
236,ѿвѣщавше,же,болѧре,рекъша,-
237,ѿвѣщавше,же,болѧре,рекше,+
238,ѿвѣщавше,же,болѧре,рекша,-
239,такоже,и,болѧре,всѣ,гл҃юще,ємꙋ,+
240,такоже,и,болѧре,всѣ,глщ҃а,ємꙋ,-
241,полочане,же,рекше,лишает,сѧ,насъ,и,выгнаша,ст҃ополка,+
242,полочане,же,рекъша,лишает,сѧ,насъ,и,выгнаша,ст҃ополка,-
243,тоуркы,же,видѣвше,крѣпость,и,мꙋжество,ц҃рво,и,бежаша,ѿ,него,+
244,тоуркы,же,видѣвша,крѣпость,и,мꙋжество,ц҃рво,и,бежаша,ѿ,него,-
245,ѡни,же,видѣвше,с,оноя,страны,и,приѣхаша,в,лодьи,противу,ему,+
246,ѡни,же,видѣвша,с,оноя,страны,и,приѣхаша,в,лодьи,противу,ему,-
247,такоже,и,болѧре,всѣ,гл҃юще,ємꙋ,+
248,такоже,и,болѧре,всѣ,гл҃ща,ємꙋ,-
249,Ино,"ми,",видѣвше,ег[о],доброе,произволеніе,и,"дааніе,",а,ми,"такожде,","ре,",есми,дали,и,потвръдили,с[вя]тому,монастирю,нашему,от,Молдавица,тую,половина,села,—,от,Остъпчань,вышнию,"част[ь],",где,быль,Остапковъ,тъман[ъ],у,Туріи,у,волости,Яскои.,+
250,Ино,"ми,",видѣвша,ег[о],доброе,произволеніе,и,"дааніе,",а,ми,"такожде,","ре,",есми,дали,и,потвръдили,с[вя]тому,монастирю,нашему,от,Молдавица,тую,половина,села,—,от,Остъпчань,вышнию,"част[ь],",где,быль,Остапковъ,тъман[ъ],у,Туріи,у,волости,Яскои.,-
251,тоуркы,же,видѣвше,крѣпость,и,мꙋжество,ц҃рво,и,бежаша,ѿ,него,+
252,тоуркы,же,видѣвъша,крѣпость,и,мꙋжество,ц҃рво,и,бежаша,ѿ,него,-
253,Увидевъ,ихъ,изъ,града,Тоболска,воевода,Даніло,Чюлковъ,и,посоветовавъ,отпусти,ко,князю,Сейдяку,посланніковъ,и,приказа,имъ,говорить,князю,"Сейдяку,",чтобъ,онъ,приехалъ,в,город,советовать,о,мирномъ,"поставленіи,",тогда,еще,яко,имъ,безбожнымъ,зломъ,дышащ[имъ],на,православъныхъ,крестьянъ.,+
254,Увидевъ,ихъ,изъ,града,Тоболска,воевода,Даніло,Чюлковъ,и,посоветовавъ,отпусти,ко,князю,Сейдяку,посланніковъ,и,приказа,имъ,говорить,князю,"Сейдяку,",чтобъ,онъ,приехалъ,в,город,советовать,о,мирномъ,"поставленіи,",тогда,еще,яко,имъ,безбожнымъ,зломъ,дышющю,на,православъныхъ,крестьянъ.,-
255,почто,губим,русьскую,землю,сами,на,сѧ,котору,дѣюще,+
256,почто,губим,русьскую,землю,сами,на,сѧ,котору,дѣя,-
257,и,придоша,в,манастырь,печерьскыи,намъ,сущим,по,кѣльямъ,почивающим,по,заоутрени,+
258,и,придоша,в,манастырь,печерьскыи,намъ,сущим,по,кѣльямъ,почивающѹ,по,заоутрени,-
259,а,сами,противѹ,того,раны,на,телеси,своемъ,со,ѹкоризною,взимающе,и,тщима,рꙋкама,ѿхождахѹ,иже,послѣднѧгѡ,бѣденьс꙽тва,ѡбразъ,ꙗко,не,токмо,имѣнїѧ,обнажени,быша,но,и,раны,на,плоти,своеи,подꙗша,и,ꙗзвы,жалос꙽тно,на,себѣ,носиша,и,претерпѣша,+
260,а,сами,противѹ,того,раны,на,телеси,своемъ,со,ѹкоризною,взимая,и,тщима,рꙋкама,ѿхождахѹ,иже,послѣднѧгѡ,бѣденьс꙽тва,ѡбразъ,ꙗко,не,токмо,имѣнїѧ,обнажени,быша,но,и,раны,на,плоти,своеи,подꙗша,и,ꙗзвы,жалос꙽тно,на,себѣ,носиша,и,претерпѣша,-
261,Поиде,Святослав,на,"Грѣки,",пристроивша,ратью,въ,десяти,"тысящах,",и,100000,"одолѣ,",и,дань,взя,на,"них,",и,поиде,"назад,",и,тамо,убиен,бысть,в,порозех,от,Печенег;,и,сии,Печенеги,лоб,его,оковавше,сребромъ,и,пияху,из,"него,",яко,из,чаши;,а,княжения,его,лѣт,28.,+
262,Поиде,Святослав,на,"Грѣки,",пристроивша,ратью,въ,десяти,"тысящах,",и,100000,"одолѣ,",и,дань,взя,на,"них,",и,поиде,"назад,",и,тамо,убиен,бысть,в,порозех,от,Печенег;,и,сии,Печенеги,лоб,его,оковавъ,сребромъ,и,пияху,из,"него,",яко,из,чаши;,а,княжения,его,лѣт,28.,-
263,А,се,ти,же,словени:,хорвати,"бѣлии,",и,"сербь,",и,"хорутане,",волохом,бо,нашедшим,на,дунаискыа,"словены,",и,сѣдшимь,им,в,них,насиляющимь,им.,+
264,А,се,ти,же,словени:,хорвати,"бѣлии,",и,"сербь,",и,"хорутане,",волохом,бо,нашедшю,на,дунаискыа,"словены,",и,сѣдшимь,им,в,них,насиляющимь,им.,-
265,печенегомъ,же,о,онѹду,пакы,идущемъ,ратию,на,рѹсь,въ,велицѣ,печали,бꙗаше,володимиръ,зане,не,можааше,изити,противу,имъ,+
266,печенегомъ,же,о,онѹду,пакы,идущю,ратию,на,рѹсь,въ,велицѣ,печали,бꙗаше,володимиръ,зане,не,можааше,изити,противу,имъ,-
267,многажды,ѿ,коея,оубо,страны,пришедшимъ,в,русь,и,продаемомъ,въ,кртсьяны,и,еще,же,и,ѿ,хртсиянъ,полонныхъ,мьногажды,ѿ,коея,любо,страны,приходѧщимъ,в,русь,се,продаеми,бывают,по,к҃,золота,и,да,придуть,в,грѣкы,+
268,многажды,ѿ,коея,оубо,страны,пришедшимъ,в,русь,и,продаемомъ,въ,кртсьяны,и,еще,же,и,ѿ,хртсиянъ,полонныхъ,мьногажды,ѿ,коея,любо,страны,приходѧщемѹ,в,русь,се,продаеми,бывают,по,к҃,золота,и,да,придуть,в,грѣкы,-
269,стратигомʼ,же,многым,со,зꙋстѣнїемъ,на,помощь,приспѣвшем,и,бьꙗхꙋ,сѧ,с,тꙋрʼки,крѣпко,+
270,стратигомʼ,же,многым,со,зꙋстѣнїемъ,на,помощь,приспѣвшю,и,бьꙗхꙋ,сѧ,с,тꙋрʼки,крѣпко,-
271,полемъ,же,жившемъ,ѡсобѣ,и,володѣющемъ,и,роды,своими,иже,и,до,сее,братьѣ,бѧху,полѧне,+
272,полемъ,же,жившю,ѡсобѣ,и,володѣющемъ,и,роды,своими,иже,и,до,сее,братьѣ,бѧху,полѧне,-
273,ѡвѣм,же,бьющим,с,града,и,стрѣлѧющим,межи,собою,идѧху,стрѣлы,акы,дождь,+
274,ѡвѣм,же,биющемѹ,с,града,и,стрѣлѧющим,межи,собою,идѧху,стрѣлы,акы,дождь,-
275,многажды,ѿ,коея,оубо,страны,пришедшимъ,в,русь,и,продаемомъ,въ,кртсьяны,и,еще,же,и,ѿ,хртсиянъ,полонныхъ,мьногажды,ѿ,коея,любо,страны,приходѧщимъ,в,русь,се,продаеми,бывают,по,к҃,золота,и,да,придуть,в,грѣкы,+
276,многажды,ѿ,коея,оубо,страны,пришедшимъ,в,русь,и,продаемомъ,въ,кртсьяны,и,еще,же,и,ѿ,хртсиянъ,полонныхъ,мьногажды,ѿ,коея,любо,страны,приходꙗщемѹ,в,русь,се,продаеми,бывают,по,к҃,золота,и,да,придуть,в,грѣкы,-
277,стратигомʼ,же,многым,со,зꙋстѣнїемъ,на,помощь,приспѣвшем,и,бьꙗхꙋ,сѧ,с,тꙋрʼки,крѣпко,+
278,стратигомʼ,же,многым,со,зꙋстѣнїемъ,на,помощь,приспѣвшꙋ,и,бьꙗхꙋ,сѧ,с,тꙋрʼки,крѣпко,-
279,и,бывшю,ему,на,перепетовьскомь,поли,половци,же,ти,слышавше,ѣхавша,глѣба,к,переꙗславлю,и,здумаша,+
280,и,бывшю,ему,на,перепетовьскомь,поли,половци,же,ти,слышавъ,ѣхавша,глѣба,к,переꙗславлю,и,здумаша,-
281,ѡнѣм,же,пошедшим,лучьску,турѧкъ,бѣжа,кыеву,+
282,ѡнѣм,же,пошедшю,лучьску,турѧкъ,бѣжа,кыеву,-
283,и,всѣмъ,рекшимъ,аминь,+
284,и,всѣмъ,рекшемѹ,аминь,-
285,слышавше,же,деревлѧне,яко,ѡпѧть,идеть,сдумавше,со,кнѧземъ,своимъ,маломъ,+
286,слышавше,же,деревлѧне,яко,ѡпѧть,идеть,здумавъ,со,кнѧземъ,своимъ,маломъ,-
287,полѧномъ,же,жившимъ,ѡсобѣ,по,горамъ,симъ,бѣ,путь,изъ,варѧгъ,въ,греки,и,изъ,грекъ,по,днѣпру,и,верхъ,днѣпра,волокъ,до,ловоти,+
288,полѧномъ,же,жившю,ѡсобѣ,по,горамъ,симъ,бѣ,путь,изъ,варѧгъ,въ,греки,и,изъ,грекъ,по,днѣпру,и,верхъ,днѣпра,волокъ,до,ловоти,-
289,д҃немʼ,же,трїемъ,минꙋвшимъ,сказаша,ѡканʼномꙋ,магметꙋ,ꙗко,поушка,ѡна,великаѧ,добрѣ,слиꙗ,сѧ,+
290,д҃немʼ,же,трїемъ,минувшю,сказаша,ѡканʼномꙋ,магметꙋ,ꙗко,поушка,ѡна,великаѧ,добрѣ,слиꙗ,сѧ,-
291,кнѧзем҃,же,всѣм҃,слышавше,таку,погыбель,ѡ,братьѣ,своєи,и,до,бояръ,возпїша,вси,+
292,кнѧзем҃,же,всѣм҃,слышавъ,таку,погыбель,ѡ,братьѣ,своєи,и,до,бояръ,возпїша,вси,-
293,и,придоста,дну,в,печеру,нам,сѣдѧщемъ,оу,мощии,ѥго,+
294,и,придоста,дну,в,печеру,нам,сѣдѧщю,оу,мощии,ѥго,-
295,многомъ,же,уже,дн҃ьмъ,минѹвъшемъ,и,ꙗко,съконьчаша,сꙗ,дн҃иѥ,володимирѹ,ѹже,минѹвъшемъ,лѣтомъ,к҃,и҃,по,ст҃ѣмь,кр҃щении,въпаде,въ,недѹгь,крѣпъкъ,+
296,многомъ,же,уже,дн҃ьмъ,минувшю,и,ꙗко,съконьчаша,сꙗ,дн҃иѥ,володимирѹ,ѹже,минѹвъшемъ,лѣтомъ,к҃,и҃,по,ст҃ѣмь,кр҃щении,въпаде,въ,недѹгь,крѣпъкъ,-
297,и,пожгоша,и,людемъ,же,вбѣгшим,въ,дънѣшнии,градъ,+
298,и,пожгоша,и,людемъ,же,вбѣгшю,въ,дънѣшнии,градъ,-
299,Поляномь,"живущимъ,",якоже,"рекохом,",сущемь,от,рода,"словенска,",а,древляне,от,словен,"же,",и,нарекошяся,"древляне,",рядимици,же,и,вятици,от,ляховъ.,+
300,Поляномь,"живѹщемꙋ,",якоже,"рекохом,",сущемь,от,рода,"словенска,",а,древляне,от,словен,"же,",и,нарекошяся,"древляне,",рядимици,же,и,вятици,от,ляховъ.,-
301,сѣдъшю,же,ѥмѹ,ꙗкоже,рече,сꙗ,и,се,слышааше,гласъ,хлопота,въ,пещерѣ,отъ,множьства,бѣсовъ,ꙗкоже,се,имъ,на,колесницахъ,ѣдѹщемъ,дрѹгыимъ,же,въ,бѹбъны,биющемъ,и,инѣмъ,же,въ,сопѣли,сопѹщемъ,и,тако,всѣмъ,кличющемъ,ꙗко,же,трꙗсти,сꙗ,пещерѣ,отъ,множьства,плища,зълыихъ,дх҃овъ,+
302,сѣдъшю,же,ѥмѹ,ꙗкоже,рече,сꙗ,и,се,слышааше,гласъ,хлопота,въ,пещерѣ,отъ,множьства,бѣсовъ,ꙗкоже,се,имъ,на,колесницахъ,ѣдѹщю,дрѹгыимъ,же,въ,бѹбъны,биющемъ,и,инѣмъ,же,въ,сопѣли,сопѹщемъ,и,тако,всѣмъ,кличющемъ,ꙗко,же,трꙗсти,сꙗ,пещерѣ,отъ,множьства,плища,зълыихъ,дх҃овъ,-
303,и,всѣмъ,рекшимъ,аминь,+
304,и,всѣмъ,рекъшюѹмѹ,аминь,-
305,волхомъ,бо,нашедшемъ,на,словѣни,на,дунаиския,сѣдшемъ,в,них,и,насилѧщемъ,имъ,словѣни,же,ѡви,пришедше,сѣдоша,на,вислѣ,+
306,волхомъ,бо,нашедшю,на,словѣни,на,дунаиския,сѣдшемъ,в,них,и,насилѧщемъ,имъ,словѣни,же,ѡви,пришедше,сѣдоша,на,вислѣ,-
307,половци,же,поимавше,дары,ѹ,гюргѧ,и,ѣхаша,прочь,мира,не,створивше,+
308,половци,же,поимавъ,дары,ѹ,гюргѧ,и,ѣхаша,прочь,мира,не,створивше,-
309,Поляномь,"живущимъ,",якоже,"рекохом,",сущемь,от,рода,"словенска,",а,древляне,от,словен,"же,",и,нарекошяся,"древляне,",рядимици,же,и,вятици,от,ляховъ.,+
310,Поляномь,"живꙋщимъ,",якоже,"рекохом,",сущемь,от,рода,"словенска,",а,древляне,от,словен,"же,",и,нарекошяся,"древляне,",рядимици,же,и,вятици,от,ляховъ.,-
311,по,томь,же,лѣтомъ,многымъ,мїнѹвшемъ,создахъ,цр҃квь,ст҃ыꙗ,бц҃а,десѧтиньнѹю,и,дахъ,ѥи,десѧтинѹ,по,все,и,земли,рѹсьстѣи,+
312,по,томь,же,лѣтомъ,многымъ,минувшю,создахъ,цр҃квь,ст҃ыꙗ,бц҃а,десѧтиньнѹю,и,дахъ,ѥи,десѧтинѹ,по,все,и,земли,рѹсьстѣи,-
313,полочане,же,рекше,лишает,сѧ,насъ,и,выгнаша,ст҃ополка,+
314,полочане,же,рекъ,лишает,сѧ,насъ,и,выгнаша,ст҃ополка,-
315,многажды,ѿ,коея,оубо,страны,пришедшимъ,в,русь,и,продаемомъ,въ,кртсьяны,и,еще,же,и,ѿ,хртсиянъ,полонныхъ,мьногажды,ѿ,коея,любо,страны,приходѧщимъ,в,русь,се,продаеми,бывают,по,к҃,золота,и,да,придуть,в,грѣкы,+
316,многажды,ѿ,коея,оубо,страны,пришедшимъ,в,русь,и,продаемомъ,въ,кртсьяны,и,еще,же,и,ѿ,хртсиянъ,полонныхъ,мьногажды,ѿ,коея,любо,страны,приходѧщемоу,в,русь,се,продаеми,бывают,по,к҃,золота,и,да,придуть,в,грѣкы,-
317,всѣ,бо,бѧхꙋ,ѡпочивающе,ѿ,трꙋда,+
318,всѣ,бо,бѧхꙋ,ѡпочивая,ѿ,трꙋда,-
319,В,лѣт,ѕ҃,х҃,п҃,ѕ,Новгородци,цѣловавше,ко,всеволоду,юргевичю,крстъ,и,не,ѹправиша,+
320,В,лѣт,ѕ҃,х҃,п҃,ѕ,Новгородци,цѣловавъ,ко,всеволоду,юргевичю,крстъ,и,не,ѹправиша,-
321,часто,же,ѹже,зорꙗмъ,въсходꙗщемъ,и,вельможамъ,ѣдѹщемъ,къ,кнꙗзю,и,издалеча,познавъше,бл҃женааго,и,съсѣдъше,съ,конь,покланꙗахѹ,сꙗ,ѹбо,блж҃енѹѹмѹ,оц҃ю,нашемѹ,ѳеѡдосию,+
322,часто,же,ѹже,зорꙗмъ,въсходꙗщемъ,и,вельможамъ,ѣдѹщю,къ,кнꙗзю,и,издалеча,познавъше,бл҃женааго,и,съсѣдъше,съ,конь,покланꙗахѹ,сꙗ,ѹбо,блж҃енѹѹмѹ,оц҃ю,нашемѹ,ѳеѡдосию,-
323,печенѣгом,идущемъ,на,русь,посла,противу,имъ,бориса,+
324,печенѣгом,идущю,на,русь,посла,противу,имъ,бориса,-
325,Образъ,мѣсной,пречистые,"Богородицы,",писанъ,икосъ:,«Слышаша,пастыріе,ангеломъ,поющимъ».,+
326,Образъ,мѣсной,пречистые,"Богородицы,",писанъ,икосъ:,«Слышаша,пастыріе,ангеломъ,поющю».,-
327,и,людем,с,митрополитом,срѣтшим,ѥго,и,посадиша,и,на,столѣ,прадѣда,своѥго,ꙗрослава,мсца,феврал,въ,к҃,в,дн҃ь,+
328,и,людем,с,митрополитом,сърѣтьшю,ѥго,и,посадиша,и,на,столѣ,прадѣда,своѥго,ꙗрослава,мсца,феврал,въ,к҃,в,дн҃ь,-
329,слышавше,же,деревлѧне,яко,ѡпѧть,идеть,сдумавше,со,кнѧземъ,своимъ,маломъ,+
330,слышавше,же,деревлѧне,яко,ѡпѧть,идеть,съдѹмавъ,со,кнѧземъ,своимъ,маломъ,-
331,и,се,имъ,глщ҃имъ,разидоша,сѧ,разно,+
332,и,се,имъ,глаголющему,разидоша,сѧ,разно,-
333,анг҃ли,бо,бѣша,поюще,въ,неи,+
334,анг҃ли,бо,бѣша,поя,въ,неи,-
335,но,ꙋбо,тоуркомъ,многымъ,вшедʼшимъ,во,градʼ,конʼскым,и,пѣшимъ,възвратиша,стратигъ,пакы,+
336,но,ꙋбо,тоуркомъ,многымъ,въшедшю,во,градʼ,конʼскым,и,пѣшимъ,възвратиша,стратигъ,пакы,-
337,ѡнѣм,же,не,ѹмѣющим,что,ѿвѣщати,попрода,весь,кыевъ,игумены,и,попы,черньци,и,черници,латину,и,затворы,и,гость,и,всѣ,кыꙗны,+
338,ѡнѣм,же,не,умѣющу,что,ѿвѣщати,попрода,весь,кыевъ,игумены,и,попы,черньци,и,черници,латину,и,затворы,и,гость,и,всѣ,кыꙗны,-
339,нъ,толми,бѧше,лютъ,пожаръ,ꙗко,по,водѣ,огнь,горѧше,ходѧ,чрѣсъ,вълхово,всѣмъ,людьмъ,зрѧщимъ,+
340,нъ,толми,бѧше,лютъ,пожаръ,ꙗко,по,водѣ,огнь,горѧше,ходѧ,чрѣсъ,вълхово,всѣмъ,людьмъ,зрѧщю,-
341,сим,же,ѿ,града,ѿшедшим,сею,же,снемшї,погребоша,я,+
342,сим,же,ѿ,града,ошедъшю,сею,же,снемшї,погребоша,я,-
343,бѣша,же,и,болꙗре,мнози,пришьли,и,ти,прѣдъ,враты,стоꙗще,+
344,бѣша,же,и,болꙗре,мнози,пришьли,и,ти,прѣдъ,враты,стоꙗ,-
345,на,гору,уч҃ником,ꙇдущим,за,земное,вознесение,предста,гд҃ь,+
346,на,гору,уч҃ником,идущю,за,земное,вознесение,предста,гд҃ь,-
347,черниговцем,же,бьющимъ,из,города,кнѧзи,же,здумавше,вси,+
348,черниговцем,же,биющемѹ,из,города,кнѧзи,же,здумавше,вси,-
349,да,воскрснет,бг҃ъ,и,разыдꙋт,сѧ,враѕи,его,и,да,бѣжат,ѿ,лица,его,вси,ненавидѧщеи,его,+
350,да,воскрснет,бг҃ъ,и,разыдꙋт,сѧ,враѕи,его,и,да,бѣжат,ѿ,лица,его,вси,ненавидѧи,его,-
351,апслмъ,же,оучащемъ,по,вселенѣи,вѣровати,б҃у,ихже,оученьемь,грьци,поресяхомъ,+
352,апслмъ,же,оучащю,по,вселенѣи,вѣровати,б҃у,ихже,оученьемь,грьци,поресяхомъ,-
353,нъ,толми,бѧше,лютъ,пожаръ,ꙗко,по,водѣ,огнь,горѧше,ходѧ,чрѣсъ,вълхово,всѣмъ,людьмъ,зрѧщимъ,+
354,нъ,толми,бѧше,лютъ,пожаръ,ꙗко,по,водѣ,огнь,горѧше,ходѧ,чрѣсъ,вълхово,всѣмъ,людьмъ,зьрѧщю,-
355,тоуркы,же,въскричавше,на,них,и,вʼскорѣ,нападоша,множество,ихъ,чающе,оуже,ѡдолѣти,+
356,тоуркы,же,въскʼричавъ,на,них,и,вʼскорѣ,нападоша,множество,ихъ,чающе,оуже,ѡдолѣти,-
357,да,воскрснет,бг҃ъ,и,разыдꙋт,сѧ,враѕи,его,и,да,бѣжат,ѿ,лица,его,вси,ненавидѧщеи,его,+
358,да,воскрснет,бг҃ъ,и,разыдꙋт,сѧ,враѕи,его,и,да,бѣжат,ѿ,лица,его,вси,ненавидꙗи,его,-
359,ини,же,ядуще,хлѣбъ,с,водою,ини,зелье,варено,друзии,сыро,+
360,ини,же,ядуща,хлѣбъ,с,водою,ини,зелье,варено,друзии,сыро,-
361,а,они,исѣкше,полонъ,всь,а,сами,побегоша,на,лѣсъ,лодкꙑ,пометавъше,пѣши,+
362,а,они,исѣкъ,полонъ,всь,а,сами,побегоша,на,лѣсъ,лодкꙑ,пометавъше,пѣши,-
363,сим,же,ѿ,града,ѿшедшим,сею,же,снемшї,погребоша,я,+
364,сим,же,ѿ,града,ѿшьдъшю,сею,же,снемшї,погребоша,я,-
365,сторожемъ,напередъ,ѣздѧщим,ѿтолѣ,же,бѣлозерскыи,полкъ,ѿрѧди,къ,лодьꙗмъ,а,воѥводьство,да,ѳомѣ,лазковичю,+
366,сторожемъ,напередъ,ꙗздѧщю,ѿтолѣ,же,бѣлозерскыи,полкъ,ѿрѧди,къ,лодьꙗмъ,а,воѥводьство,да,ѳомѣ,лазковичю,-
367,Словени,же,"пришедше,",сѣдошя,овии,на,Вислѣ,"рѣцѣ,",и,прозвашяся,ляхове;,а,от,тех,ляхов,прозвашяся,поляне;,ляхове,друзии,"лутици,",инии,"мозавжане,",инии,поморяне.,+
368,Словени,же,"пришед,",сѣдошя,овии,на,Вислѣ,"рѣцѣ,",и,прозвашяся,ляхове;,а,от,тех,ляхов,прозвашяся,поляне;,ляхове,друзии,"лутици,",инии,"мозавжане,",инии,поморяне.,-
369,и,поставиша,стѧга,два,пред,враты,манастырьскыми,намъ,же,бѣжащим,задомъ,манастырѧ,а,другимъ,възбѣгшим,на,полати,+
370,и,поставиша,стѧга,два,пред,враты,манастырьскыми,намъ,же,бѣжащю,задомъ,манастырѧ,а,другимъ,възбѣгшим,на,полати,-
371,еда,къде,ѿшьдъ,съкрыти,сѧ,хощеть,въ,таинѣ,мѣстѣ,ти,жити,ѥдинъ,и,намъ,не,вѣдѹщемъ,ѥго,+
372,еда,къде,ѿшьдъ,съкрыти,сѧ,хощеть,въ,таинѣ,мѣстѣ,ти,жити,ѥдинъ,и,намъ,не,вѣдущю,ѥго,-
373,ини,же,ядуще,хлѣбъ,с,водою,ини,зелье,варено,друзии,сыро,+
374,ини,же,ꙗдыи,хлѣбъ,с,водою,ини,зелье,варено,друзии,сыро,-
375,и,временомъ,минѹвъшемъ,и,дьръзнѹ,исакъ,молити,сѧ,о,сн҃ѹ,своѥмь,да,бꙑ,ѥго,испѹстилъ,ис,твьрди,прѣдъ,сѧ,+
376,и,временомъ,минувшю,и,дьръзнѹ,исакъ,молити,сѧ,о,сн҃ѹ,своѥмь,да,бꙑ,ѥго,испѹстилъ,ис,твьрди,прѣдъ,сѧ,-
377,тоуркы,же,видѣвше,крѣпость,и,мꙋжество,ц҃рво,и,бежаша,ѿ,него,+
378,тоуркы,же,видѣвы,крѣпость,и,мꙋжество,ц҃рво,и,бежаша,ѿ,него,-
379,Поляном,"же,",живущим,особѣ,и,владѣющим,роды,"своими,",яже,и,до,сея,братьи,бѣаху,"поляне,",и,живяху,кождо,на,своих,мѣстѣх,с,родомь,своим.,+
380,Поляном,"же,",живꙋщимъ,особѣ,и,владѣющим,роды,"своими,",яже,и,до,сея,братьи,бѣаху,"поляне,",и,живяху,кождо,на,своих,мѣстѣх,с,родомь,своим.,-
381,д҃немʼ,же,миноувшим,к҃,е,тако,бьюще,сѧ,по,всѧ,д҃ни,и,пакы,повелѣ,безбожныи,прикатити,ѡнꙋ,поушкꙋ,велїю,+
382,д҃немʼ,же,минувшю,к҃,е,тако,бьюще,сѧ,по,всѧ,д҃ни,и,пакы,повелѣ,безбожныи,прикатити,ѡнꙋ,поушкꙋ,велїю,-
383,еда,къде,ѿшьдъ,съкрыти,сѧ,хощеть,въ,таинѣ,мѣстѣ,ти,жити,ѥдинъ,и,намъ,не,вѣдѹщемъ,ѥго,+
384,еда,къде,ѿшьдъ,съкрыти,сѧ,хощеть,въ,таинѣ,мѣстѣ,ти,жити,ѥдинъ,и,намъ,не,вѣдѹщю,ѥго,-
385,такоже,и,болѧре,всѣ,гл҃юще,ємꙋ,+
386,такоже,и,болѧре,всѣ,гл҃ꙗи,ємꙋ,-
387,Поляном,"же,",живущим,особѣ,и,владѣющим,роды,"своими,",яже,и,до,сея,братьи,бѣаху,"поляне,",и,живяху,кождо,на,своих,мѣстѣх,с,родомь,своим.,+
388,Поляном,"же,",живѹщемꙋ,особѣ,и,владѣющим,роды,"своими,",яже,и,до,сея,братьи,бѣаху,"поляне,",и,живяху,кождо,на,своих,мѣстѣх,с,родомь,своим.,-
389,изѧславлим,сторожем,стоꙗщим,на,ѡнои,сторонѣ,со,кш[в]арномъ,и,не,дадущимъ,вб[ре]сти,въ,днѣпръ,половци,же,всѣдше,на,конѣ,въ,бронѧх,за,щиты,с,копьи,ꙗкоже,битъ,сѧ,въбредоша,въ,днѣпръ,+
390,изѧславлим,сторожем,стоящю,на,ѡнои,сторонѣ,со,кш[в]арномъ,и,не,дадущимъ,вб[ре]сти,въ,днѣпръ,половци,же,всѣдше,на,конѣ,въ,бронѧх,за,щиты,с,копьи,ꙗкоже,битъ,сѧ,въбредоша,въ,днѣпръ,-
391,таже,по,дъвоꙗ,дн҃ью,повелѣвъшю,келарю,да,по,обычаю,хлѣбы,братии,испекѹтъ,въ,мѹцѣ,тои,ѥꙗже,бѣ,прѣже,реклъ,не,имамъ,тоже,пекѹщиимъ,готовѧщемъ,и,тѣсто,мѣсѧщемъ,и,пакы,имъ,лѣющемъ,ѹкропъ,въ,нѥ,и,се,обрѣте,сѧ,тѹ,жаба,ꙗкоже,тои,варенѣ,быти,въ,таковѣи,водѣ,+
392,таже,по,дъвоꙗ,дн҃ью,повелѣвъшю,келарю,да,по,обычаю,хлѣбы,братии,испекѹтъ,въ,мѹцѣ,тои,ѥꙗже,бѣ,прѣже,реклъ,не,имамъ,тоже,пекѹщиимъ,готовѧщемъ,и,тѣсто,мѣсѧщемъ,и,пакы,имъ,лѣющю,ѹкропъ,въ,нѥ,и,се,обрѣте,сѧ,тѹ,жаба,ꙗкоже,тои,варенѣ,быти,въ,таковѣи,водѣ,-
393,кыꙗном,же,не,хотѧщим,глщ҃мъ,мири,сѧ,кнѧже,мы,не,идем,ѡнъ,же,реч,+
394,кыꙗном,же,не,хотꙗщюѹмѹ,глщ҃мъ,мири,сѧ,кнѧже,мы,не,идем,ѡнъ,же,реч,-
395,тако,же,и,ти,словѣне,пришедше,и,сѣдоша,по,днѣпру,+
396,тако,же,и,ти,словѣне,пришедыи,и,сѣдоша,по,днѣпру,-
397,сьде,же,по,воли,ихъ,и,прошению,вьсѧ,творить,имъ,же,ѹпъвающиимъ,на,нь,+
398,сьде,же,по,воли,ихъ,и,прошению,вьсѧ,творить,имъ,же,ѹповающꙋ,на,нь,-
399,бѧхуть,бо,борци,стоꙗще,горѣ,во,бронѧх,и,стрѣлѧюще,+
400,бѧхуть,бо,борци,стоꙗ,горѣ,во,бронѧх,и,стрѣлѧюще,-
401,анг҃ли,бо,бѣша,поюще,въ,неи,+
402,анг҃ли,бо,бѣша,поꙗ,въ,неи,-
403,сим,же,ѿ,града,ѿшедшим,сею,же,снемшї,погребоша,я,+
404,сим,же,ѿ,града,ѿшедъшю,сею,же,снемшї,погребоша,я,-
405,сторожемъ,напередъ,ѣздѧщим,ѿтолѣ,же,бѣлозерскыи,полкъ,ѿрѧди,къ,лодьꙗмъ,а,воѥводьство,да,ѳомѣ,лазковичю,+
406,сторожемъ,напередъ,ꙗздѧщѹ,ѿтолѣ,же,бѣлозерскыи,полкъ,ѿрѧди,къ,лодьꙗмъ,а,воѥводьство,да,ѳомѣ,лазковичю,-
407,и,придоста,дну,в,печеру,нам,сѣдѧщемъ,оу,мощии,ѥго,+
408,и,придоста,дну,в,печеру,нам,сѣдѧщему,оу,мощии,ѥго,-
409,черниговцем,же,бьющимъ,из,города,кнѧзи,же,здумавше,вси,+
410,черниговцем,же,бьющимъ,из,города,кнѧзи,же,съдѹмавъ,вси,-
411,възложьше,на,сани,везоша,и,кыеву,попове,поюще,ѡбычныя,пѣсни,+
412,възложьше,на,сани,везоша,и,кыеву,попове,поꙗ,ѡбычныя,пѣсни,-
413,бѣша,же,и,болꙗре,мнози,пришьли,и,ти,прѣдъ,враты,стоꙗще,+
414,бѣша,же,и,болꙗре,мнози,пришьли,и,ти,прѣдъ,враты,стоя,-
415,ѡни,ж,ꙗдше,и,воȥвеселиша,с,+
416,ѡни,ж,ядше,и,воȥвеселиша,с,-
417,бѧхуть,бо,борци,стоꙗще,горѣ,во,бронѧх,и,стрѣлѧюще,+
418,бѧхуть,бо,борци,стоя,горѣ,во,бронѧх,и,стрѣлѧюще,-
419,ѡнѣмʼ,же,зрѧщимъ,и,начаша,плакати,горʼко,въпїюще,+
420,ѡнѣмʼ,же,зьрѧщю,и,начаша,плакати,горʼко,въпїюще,-
421,и,ꙗкоже,тѣмъ,зьрѧщемъ,вънидоша,пакы,поюще,въ,ветъхѹю,цр҃квь,+
422,и,ꙗкоже,тѣмъ,зрѧщю,вънидоша,пакы,поюще,въ,ветъхѹю,цр҃квь,-
423,сим,же,ѿ,града,ѿшедшим,сею,же,снемшї,погребоша,я,+
424,сим,же,ѿ,града,ѿшедшю,сею,же,снемшї,погребоша,я,-
425,ѡнѣмʼ,же,зрѧщимъ,и,начаша,плакати,горʼко,въпїюще,+
426,ѡнѣмʼ,же,зрѧщю,и,начаша,плакати,горʼко,въпїюще,-
427,і,они,приѣхавше,в,торжекъ,і,докончаша,съ,кн҃змь,михаіломь,како,не,въстѹпати,сѧ,ни,по,одиномь,понеже,не,вѣдѧхѹ,кнз҃ѧ,юрьꙗ,кдѣ,есть,+
428,і,они,приихавъ,в,торжекъ,і,докончаша,съ,кн҃змь,михаіломь,како,не,въстѹпати,сѧ,ни,по,одиномь,понеже,не,вѣдѧхѹ,кнз҃ѧ,юрьꙗ,кдѣ,есть,-
429,кыꙗном,же,не,хотѧщим,глщ҃мъ,мири,сѧ,кнѧже,мы,не,идем,ѡнъ,же,реч,+
430,кыꙗном,же,не,хотѧщемꙋ,глщ҃мъ,мири,сѧ,кнѧже,мы,не,идем,ѡнъ,же,реч,-
431,и,сице,имъ,пребывающем,дондеж,прїиде,к,ним,симонъ,ар꙽химан꙽дрит,смоленьскїи,+
432,и,сице,имъ,пребывающю,дондеж,прїиде,к,ним,симонъ,ар꙽химан꙽дрит,смоленьскїи,-
433,ѿвѣщавше,же,болѧре,рекше,+
434,ѿвѣщавше,же,болѧре,рекъ,-
435,Ино,"ми,",видѣвше,ег[о],доброе,произволеніе,и,"дааніе,",а,ми,"такожде,","ре,",есми,дали,и,потвръдили,с[вя]тому,монастирю,нашему,от,Молдавица,тую,половина,села,—,от,Остъпчань,вышнию,"част[ь],",где,быль,Остапковъ,тъман[ъ],у,Туріи,у,волости,Яскои.,+
436,Ино,"ми,",видѣвы,ег[о],доброе,произволеніе,и,"дааніе,",а,ми,"такожде,","ре,",есми,дали,и,потвръдили,с[вя]тому,монастирю,нашему,от,Молдавица,тую,половина,села,—,от,Остъпчань,вышнию,"част[ь],",где,быль,Остапковъ,тъман[ъ],у,Туріи,у,волости,Яскои.,-
437,тоуркы,же,слышавше,рыданїе,и,смѧтенїе,людское,и,абїе,въскричавше,напꙋстиша,всѣми,полкы,+
438,тоуркы,же,слышавъ,рыданїе,и,смѧтенїе,людское,и,абїе,въскричавше,напꙋстиша,всѣми,полкы,-
439,і,они,приѣхавше,в,торжекъ,і,докончаша,съ,кн҃змь,михаіломь,како,не,въстѹпати,сѧ,ни,по,одиномь,понеже,не,вѣдѧхѹ,кнз҃ѧ,юрьꙗ,кдѣ,есть,+
440,і,они,прьехаво,в,торжекъ,і,докончаша,съ,кн҃змь,михаіломь,како,не,въстѹпати,сѧ,ни,по,одиномь,понеже,не,вѣдѧхѹ,кнз҃ѧ,юрьꙗ,кдѣ,есть,-
441,блж҃еныи,же,ѡ,сихъ,всѣхъ,по,всꙗ,нощи,бе,съна,пребываше,молꙗ,cꙗ,б҃а,съ,плачьмь,и,часто,къ,земли,колѣнѣ,прекланꙗꙗ,ѧкоже,и,многашьды,слышаша,цр҃квьнии,строителе,вънегда,бо,годъ,бѹдꙗше,заѹтрьнюмѹ,пѣнию,и,онѣмъ,хотꙗщемъ,бл҃гословлениѥ,възѧти,отъ,него,+
442,блж҃еныи,же,ѡ,сихъ,всѣхъ,по,всꙗ,нощи,бе,съна,пребываше,молꙗ,cꙗ,б҃а,съ,плачьмь,и,часто,къ,земли,колѣнѣ,прекланꙗꙗ,ѧкоже,и,многашьды,слышаша,цр҃квьнии,строителе,вънегда,бо,годъ,бѹдꙗше,заѹтрьнюмѹ,пѣнию,и,онѣмъ,хотѧщемѹ,бл҃гословлениѥ,възѧти,отъ,него,-
443,ѡни,же,ѹзрѣв꙽ше,его,и,изыдоша,въ,срѣтенїе,емѹ,и,поклониста,сѧ,емꙋ,+
444,ѡни,же,ѹзьревъ,его,и,изыдоша,въ,срѣтенїе,емѹ,и,поклониста,сѧ,емꙋ,-
445,тако,же,и,ти,словѣне,пришедше,и,сѣдоша,по,днѣпру,+
446,тако,же,и,ти,словѣне,пришедъ,и,сѣдоша,по,днѣпру,-
447,ѡни,ж,чающе,ѿ,него,велико,нѣчто,и,глаша,+
448,ѡни,ж,чая,ѿ,него,велико,нѣчто,и,глаша,-
449,изѧславлим,сторожем,стоꙗщим,на,ѡнои,сторонѣ,со,кш[в]арномъ,и,не,дадущимъ,вб[ре]сти,въ,днѣпръ,половци,же,всѣдше,на,конѣ,въ,бронѧх,за,щиты,с,копьи,ꙗкоже,битъ,сѧ,въбредоша,въ,днѣпръ,+
450,изѧславлим,сторожем,стоꙗщю,на,ѡнои,сторонѣ,со,кш[в]арномъ,и,не,дадущимъ,вб[ре]сти,въ,днѣпръ,половци,же,всѣдше,на,конѣ,въ,бронѧх,за,щиты,с,копьи,ꙗкоже,битъ,сѧ,въбредоша,въ,днѣпръ,-
451,тоуркы,же,видѣвше,крѣпость,и,мꙋжество,ц҃рво,и,бежаша,ѿ,него,+
452,тоуркы,же,видѣвъ,крѣпость,и,мꙋжество,ц҃рво,и,бежаша,ѿ,него,-
453,А,въ,Посольскомъ,приказе,тотъ,Турченинъ,государевымъ,"жалованьемъ,",годовымъ,окладомъ,и,поденнымъ,кормомъ,не,верстанъ;,а,въ,роспросе,сказалъ:,отецъ,де,у,нево,былъ,городовой,приказщикъ.,+
454,А,въ,Посольскомъ,приказе,тотъ,Турченинъ,государевымъ,"жалованьемъ,",годовымъ,окладомъ,и,поденнымъ,кормомъ,не,верстаны;,а,въ,роспросе,сказалъ:,отецъ,де,у,нево,былъ,городовой,приказщикъ.,-
455,и,чл҃вкѹ,томѹ,тѹда,вь,нощи,по,нѥи,ѣдѹщю,и,се,видѣти,томѹ,чюдо,испълънь,ѹжасти,+
456,и,чл҃вкѹ,томѹ,тѹда,вь,нощи,по,нѥи,ѣдѹщемъ,и,се,видѣти,томѹ,чюдо,испълънь,ѹжасти,-
457,и,понеж,младѹ,емѹ,сѹщꙋ,и,крѣп꙽кѹ,плотїю,бѧше,бо,силенъ,бывъ,тѣлом,могїи,за,два,чл҃ка,дїѧволъ,же,похотными,с꙽трелами,хотѧ,ѹꙗз꙽вити,его,+
458,и,понеж,младѹ,емѹ,сѹщꙋ,и,крѣп꙽кѹ,плотїю,бѧше,бо,силенъ,бывъ,тѣлом,могїи,за,два,чл҃ка,дїѧволъ,же,похотными,с꙽трелами,хотѧще,ѹꙗз꙽вити,его,-
459,Сѣдѧщю,ст҃ополку,в,него,мѣсто,новѣгородѣ,сн҃у,изѧславлю,ярополку,сѣдѧщю,вышегородѣ,а,володимеру,сѣдѧщю,смолиньскѣ,приведе,ѡлегъ,и,борисъ,поганыя,на,русьскую,землю,+
460,Сѣдѧщю,ст҃ополку,в,него,мѣсто,новѣгородѣ,сн҃у,изѧславлю,ярополку,сѣдѧщемъ,вышегородѣ,а,володимеру,сѣдѧщю,смолиньскѣ,приведе,ѡлегъ,и,борисъ,поганыя,на,русьскую,землю,-
461,аще,ли,бѹдꙗше,пакы,братъ,омрачениѥ,бѣсовьскымь,ср҃дце,покръвено,имыи,то,сии,станꙗше,мьнꙗ,ѧко,о,иномь,бесѣдѹють,самъ,чистъ,сꙗ,творꙗ,дондеже,бл҃женыи,обличашети,и,и,епитимиѥю,того,ѹтвьрдꙗше,и,отъпѹстꙗше,+
462,аще,ли,бѹдꙗше,пакы,братъ,омрачениѥ,бѣсовьскымь,ср҃дце,покръвено,имꙋщіа,то,сии,станꙗше,мьнꙗ,ѧко,о,иномь,бесѣдѹють,самъ,чистъ,сꙗ,творꙗ,дондеже,бл҃женыи,обличашети,и,и,епитимиѥю,того,ѹтвьрдꙗше,и,отъпѹстꙗше,-
463,ꙇ,я,покиня,вечерню,со,антономъ,посадя,ево,на,полу,ꙇ,за,мятеж,цркв҃ной,постегалъ,ременемъ,нарочито,таки,+
464,ꙇ,я,покиня,вечерню,со,антономъ,посадѧче,ево,на,полу,ꙇ,за,мятеж,цркв҃ной,постегалъ,ременемъ,нарочито,таки,-
465,тебѣ,гси,ц҃рю,изшедшю,изʼ,града,съ,єлицими,въсхощеши,пакы,б҃оу,помогающꙋ,мощно,єс,тебѣ,и,граду,помощи,+
466,тебѣ,гси,ц҃рю,ишьдъшемъ,изʼ,града,съ,єлицими,въсхощеши,пакы,б҃оу,помогающꙋ,мощно,єс,тебѣ,и,граду,помощи,-
467,бл҃говѣрныи,же,ц҃рь,костѧнʼтинъ,бѧше,вʼ,притворе,великїа,цр҃кви,съ,всѣми,болѧры,и,стратигы,совѣтꙋѧ,ѡ,оустремленїи,безбожнаго,гл҃ще,+
468,бл҃говѣрныи,же,ц҃рь,костѧнʼтинъ,бѧше,вʼ,притворе,великїа,цр҃кви,съ,всѣми,болѧры,и,стратигы,съвѣтꙋюще,ѡ,оустремленїи,безбожнаго,гл҃ще,-
469,бл҃говѣрьныи,же,кнѧзь,ст҃ославъ,бѣ,не,далече,ѿ,манастырѧ,блаженааго,стоꙗ,+
470,бл҃говѣрьныи,же,кнѧзь,ст҃ославъ,бѣ,не,далече,ѿ,манастырѧ,блаженааго,стояще,-
471,аще,ли,паки,бѹдѧше,брат,непокорливъ,ѡмраченїем,бесовьским,срдце,покровено,имѣѧ,стоѧше,мнѧ,ꙗко,не,о,нем,гл҃етъ,самъ,чстъ,сѧ,творѧ,дондеж,прпдбныи,съ,длъготерпѣнїем,обличаше,его,по,реченному,+
472,аще,ли,паки,бѹдѧше,брат,непокорливъ,ѡмраченїем,бесовьским,срдце,покровено,имѣѧ,стоѧше,мнѧ,ꙗко,не,о,нем,гл҃етъ,самъ,чстъ,сѧ,творѧще,дондеж,прпдбныи,съ,длъготерпѣнїем,обличаше,его,по,реченному,-
473,онъи,же,о,томь,не,хотꙗщи,ни,понѣ,послѹшати,ѥго,+
474,онъи,же,о,томь,не,хотяще,ни,понѣ,послѹшати,ѥго,-
475,и,никто,же,да,не,дивит,сѧ,о,семъ,свѣдыи,по,истинѣ,ꙗко,бг҃ѹ,живѹщꙋ,въ,чл҃цѣ,и,дх҃ѹ,ст҃омѹ,в,немъ,почивающѹ,всѧ,емѹ,покарѧют,сѧ,ꙗкоже,древле,адамѹ,первозданномѹ,преже,престѹпленїѧ,заповѣди,гн҃ѧ,+
476,и,никто,же,да,не,дивит,сѧ,о,семъ,свѣдыи,по,истинѣ,ꙗко,бг҃ѹ,живѹщꙋ,въ,чл҃цѣ,и,дх҃ѹ,ст҃омѹ,в,немъ,почивающим,всѧ,емѹ,покарѧют,сѧ,ꙗкоже,древле,адамѹ,первозданномѹ,преже,престѹпленїѧ,заповѣди,гн҃ѧ,-
477,бл҃говѣрныи,же,ц҃рь,конʼстѧнтинъ,ивановичь,ꙗко,слыша,б҃жїе,изволенїе,и,поиде,вʼ,великꙋю,цр҃квь,+
478,бл҃говѣрныи,же,ц҃рь,конʼстѧнтинъ,ивановичь,ꙗко,слышаще,б҃жїе,изволенїе,и,поиде,вʼ,великꙋю,цр҃квь,-
479,оц҃ь,же,нашь,ѳеодосии,бѣ,по,вьсѧ,дн҃и,и,нощи,молѧ,б҃а,о,хо҃любьци,изиславѣ,и,ѥще,же,въ,ектении,велѧ,того,поминати,ꙗко,стольномѹ,томѹ,кнѧзю,и,старѣишю,вьсѣхъ,+
480,оц҃ь,же,нашь,ѳеодосии,бѣ,по,вьсѧ,дн҃и,и,нощи,молꙗще,б҃а,о,хо҃любьци,изиславѣ,и,ѥще,же,въ,ектении,велѧ,того,поминати,ꙗко,стольномѹ,томѹ,кнѧзю,и,старѣишю,вьсѣхъ,-
481,бл҃говѣрьныи,же,кнѧзь,ст҃ославъ,бѣ,не,далече,ѿ,манастырѧ,блаженааго,стоꙗ,+
482,бл҃говѣрьныи,же,кнѧзь,ст҃ославъ,бѣ,не,далече,ѿ,манастырѧ,блаженааго,стоꙗще,-
483,сущю,андрѣеви,напредѣ,а,брату,ѥго,ростиславу,за,ним,стоꙗщю,и,вабѧчю,брата,к,собѣ,андрѣи,же,не,послуша,но,стерпѣ,злыи,то,пополох,+
484,сущю,андрѣеви,напредѣ,а,брату,ѥго,ростиславу,за,ним,стоѧщим,и,вабѧчю,брата,к,собѣ,андрѣи,же,не,послуша,но,стерпѣ,злыи,то,пополох,-
485,оц҃ь,же,нашь,ѳеодосии,бѣ,по,вьсѧ,дн҃и,и,нощи,молѧ,б҃а,о,хо҃любьци,изиславѣ,и,ѥще,же,въ,ектении,велѧ,того,поминати,ꙗко,стольномѹ,томѹ,кнѧзю,и,старѣишю,вьсѣхъ,+
486,оц҃ь,же,нашь,ѳеодосии,бѣ,по,вьсѧ,дн҃и,и,нощи,молѧще,б҃а,о,хо҃любьци,изиславѣ,и,ѥще,же,въ,ектении,велѧ,того,поминати,ꙗко,стольномѹ,томѹ,кнѧзю,и,старѣишю,вьсѣхъ,-
487,сущю,андрѣеви,напредѣ,а,брату,ѥго,ростиславу,за,ним,стоꙗщю,и,вабѧчю,брата,к,собѣ,андрѣи,же,не,послуша,но,стерпѣ,злыи,то,пополох,+
488,сущю,андрѣеви,напредѣ,а,брату,ѥго,ростиславу,за,ним,стоꙗщим,и,вабѧчю,брата,к,собѣ,андрѣи,же,не,послуша,но,стерпѣ,злыи,то,пополох,-
489,ты,гд҃и,ꙇзведыи,мя,ꙇз,чрева,матере,моея,и,ѿ,небытия,в,бытие,мя,устроил,+
490,ты,гд҃и,изведше,мя,ꙇз,чрева,матере,моея,и,ѿ,небытия,в,бытие,мя,устроил,-
491,бл҃говѣрныи,же,ц҃рь,конʼстѧнтинъ,ивановичь,ꙗко,слыша,б҃жїе,изволенїе,и,поиде,вʼ,великꙋю,цр҃квь,+
492,бл҃говѣрныи,же,ц҃рь,конʼстѧнтинъ,ивановичь,ꙗко,слы,б҃жїе,изволенїе,и,поиде,вʼ,великꙋю,цр҃квь,-
493,тъгдаж҃,оканьнꙑи,диꙗволъ,испьрва,не,хотѧи,добра,родѹ,чл҃вчю,и,завидѣвъ,ѥмѹ,зане,прогонѧшеть,ѥго,нощнꙑмъ,стоꙗниѥмь,пѣниѥмь,и,мл҃твами,и,въздвиже,на,арсениꙗ,мѹж҃,кротка,и,смерена,крамолѹ,велику,простѹю,чѧдь,+
494,тъгдаж҃,оканьнꙑи,диꙗволъ,испьрва,не,хотѧще,добра,родѹ,чл҃вчю,и,завидѣвъ,ѥмѹ,зане,прогонѧшеть,ѥго,нощнꙑмъ,стоꙗниѥмь,пѣниѥмь,и,мл҃твами,и,въздвиже,на,арсениꙗ,мѹж҃,кротка,и,смерена,крамолѹ,велику,простѹю,чѧдь,-
495,а,самъ,предивнымъ,ополченїем,и,страшнымъ,движенїем,по,соуши,и,по,морю,пристꙋстꙋпивъ,къ,црствꙋющемꙋ,граду,мсца,декабрѧ,и,повелѣ,бити,поушками,и,пищалʼми,и,стѣнобитными,хытростʼми,+
496,а,самъ,предивнымъ,ополченїем,и,страшнымъ,движенїем,по,соуши,и,по,морю,приступивъше,къ,црствꙋющемꙋ,граду,мсца,декабрѧ,и,повелѣ,бити,поушками,и,пищалʼми,и,стѣнобитными,хытростʼми,-
497,бл҃гыи,же,б҃ъ,не,попусти,ѥмѹ,ѿити,отъ,страны,сеꙗ,ѥго,же,и,щрева,матерьнꙗ,и,пастѹха,быти,въ,странѣ,сеи,б҃огласьныихъ,овьць,назнамена,да,не,пастѹхѹ,ѹбо,ѿшьдъшю,да,опѹстѣѥть,пажить,юже,б҃ъ,благослови,и,тьрниѥ,и,вълчьць,въздрастеть,на,неи,и,стадо,разидеть,сꙗ,+
498,бл҃гыи,же,б҃ъ,не,попусти,ѥмѹ,ѿити,отъ,страны,сеꙗ,ѥго,же,и,щрева,матерьнꙗ,и,пастѹха,быти,въ,странѣ,сеи,б҃огласьныихъ,овьць,назнамена,да,не,пастѹхѹ,ѹбо,ѿшедшим,да,опѹстѣѥть,пажить,юже,б҃ъ,благослови,и,тьрниѥ,и,вълчьць,въздрастеть,на,неи,и,стадо,разидеть,сꙗ,-
499,а,самъ,предивнымъ,ополченїем,и,страшнымъ,движенїем,по,соуши,и,по,морю,пристꙋстꙋпивъ,къ,црствꙋющемꙋ,граду,мсца,декабрѧ,и,повелѣ,бити,поушками,и,пищалʼми,и,стѣнобитными,хытростʼми,+
500,а,самъ,предивнымъ,ополченїем,и,страшнымъ,движенїем,по,соуши,и,по,морю,пристѹпивъше,къ,црствꙋющемꙋ,граду,мсца,декабрѧ,и,повелѣ,бити,поушками,и,пищалʼми,и,стѣнобитными,хытростʼми,-
501,епспъ,же,аѳанасїи,ѡсобь,поимъ,его,и,правила,апсльскаѧ,и,ѿч҃ескаѧ,ѹченїѧ,ꙗже,сѹт,на,с꙽троенїе,и,ис꙽правленїю,дш҃евномѹ,и,бесѣдова,к,немѹ,гл҃ѧ,+
502,епспъ,же,аѳанасїи,ѡсобь,поимше,его,и,правила,апсльскаѧ,и,ѿч҃ескаѧ,ѹченїѧ,ꙗже,сѹт,на,с꙽троенїе,и,ис꙽правленїю,дш҃евномѹ,и,бесѣдова,к,немѹ,гл҃ѧ,-
503,а,самъ,предивнымъ,ополченїем,и,страшнымъ,движенїем,по,соуши,и,по,морю,пристꙋстꙋпивъ,къ,црствꙋющемꙋ,граду,мсца,декабрѧ,и,повелѣ,бити,поушками,и,пищалʼми,и,стѣнобитными,хытростʼми,+
504,а,самъ,предивнымъ,ополченїем,и,страшнымъ,движенїем,по,соуши,и,по,морю,приступльше,къ,црствꙋющемꙋ,граду,мсца,декабрѧ,и,повелѣ,бити,поушками,и,пищалʼми,и,стѣнобитными,хытростʼми,-
505,томѹ,же,нѣколи,болꙗщю,и,при,коньци,ѹже,сыи,молꙗше,сꙗ,богѹ,съ,сльзами,гл҃ꙗ,+
506,томѹ,же,нѣколи,болѧщим,и,при,коньци,ѹже,сыи,молꙗше,сꙗ,богѹ,съ,сльзами,гл҃ꙗ,-
507,бл҃женыи,же,ѹноша,проводивъ,до,гроба,родителѧ,своѧ,и,пѣвъ,над,ними,надгробныѧ,пѣсни,и,скѹтавъ,телеса,ею,и,целовавъ,со,многою,чстїю,и,предавъ,гробѹ,и,покрывъ,землею,со,слезами,аки,нѣкое,сокровище,многоцѣнное,и,со,слезами,почте,ѿц҃а,и,мт҃рь,ѹмерша,+
508,бл҃женыи,же,ѹноша,проводивше,до,гроба,родителѧ,своѧ,и,пѣвъ,над,ними,надгробныѧ,пѣсни,и,скѹтавъ,телеса,ею,и,целовавъ,со,многою,чстїю,и,предавъ,гробѹ,и,покрывъ,землею,со,слезами,аки,нѣкое,сокровище,многоцѣнное,и,со,слезами,почте,ѿц҃а,и,мт҃рь,ѹмерша,-
509,бѣ,ж,амъ,ѣда,хлѣбъ,сѹхъ,зелиѥ,варено,без,масла,и,водѹ,пиꙗ,+
510,бѣ,ж,амъ,ѣдучи,хлѣбъ,сѹхъ,зелиѥ,варено,без,масла,и,водѹ,пиꙗ,-
511,новгородцю,же,сѣдѧщю,на,порозѣ,тояже,храмины,кудесникъ,же,лежаше,ѡцѣпъ,и,шибе,имъ,бѣсъ,+
512,новгородцю,же,сѣдѧщемъ,на,порозѣ,тояже,храмины,кудесникъ,же,лежаше,ѡцѣпъ,и,шибе,имъ,бѣсъ,-
513,тоже,сь,ѹповаꙗ,ꙗко,възꙗтъ,власть,на,нихъ,ѡтъ,б҃а,въставъ,вечеръ,и,иде,въ,храмъ,тъ,+
514,тоже,сь,ѹповаꙗ,ꙗко,възꙗтъ,власть,на,нихъ,ѡтъ,б҃а,вставше,вечеръ,и,иде,въ,храмъ,тъ,-
515,епспъ,же,аѳанасїи,ѡсобь,поимъ,его,и,правила,апсльскаѧ,и,ѿч҃ескаѧ,ѹченїѧ,ꙗже,сѹт,на,с꙽троенїе,и,ис꙽правленїю,дш҃евномѹ,и,бесѣдова,к,немѹ,гл҃ѧ,+
516,епспъ,же,аѳанасїи,ѡсобь,поемше,его,и,правила,апсльскаѧ,и,ѿч҃ескаѧ,ѹченїѧ,ꙗже,сѹт,на,с꙽троенїе,и,ис꙽правленїю,дш҃евномѹ,и,бесѣдова,к,немѹ,гл҃ѧ,-
517,дѣт[ъ]кѣ,мо[и,зоби]жонꙑ,жона,моѧ,зобижона,+
518,дѣт[ъ]кѣ,мо[и,зоби]жонꙑ,жона,моѧ,зоби]жонꙑ,-
519,но,ꙋбо,еще,часꙋ,соуда,не,приспѣвшꙋ,и,премогахꙋ,сѧ,с,ними,+
520,но,ꙋбо,еще,часꙋ,соуда,не,приспѣвшим,и,премогахꙋ,сѧ,с,ними,-
521,всѧкъ,бъ,даръ,свыше,сходѧи,ѿ,тебе,ѡц҃а,свѣтомъ,+
522,всѧкъ,бъ,даръ,свыше,сходящїи,ѿ,тебе,ѡц҃а,свѣтомъ,-
523,сии,по,всꙗ,дн҃и,и,нощи,писааше,книгы,въ,келии,ѹ,блж҃енааго,оц҃а,нашего,ѳеѡдосиꙗ,ономѹ,же,псалтырь,ѹсты,поющю,тихо,и,рѹкама,прꙗдѹща,вълнѹ,или,коѥ,ино,дѣло,дѣлающа,+
524,сии,по,всꙗ,дн҃и,и,нощи,писааше,книгы,въ,келии,ѹ,блж҃енааго,оц҃а,нашего,ѳеѡдосиꙗ,ономѹ,же,псалтырь,ѹсты,поющїмъ,тихо,и,рѹкама,прꙗдѹща,вълнѹ,или,коѥ,ино,дѣло,дѣлающа,-
525,цр҃ю,же,ѿшедшю,на,ѡгарѧны,дощедшю,же,ему,черные,рѣки,вѣсть,епархъ,посла,к,нему,яко,русь,на,цр҃ьгородъ,идеть,+
526,цр҃ю,же,ѿшедшим,на,ѡгарѧны,дощедшю,же,ему,черные,рѣки,вѣсть,епархъ,посла,к,нему,яко,русь,на,цр҃ьгородъ,идеть,-
527,а,самъ,предивнымъ,ополченїем,и,страшнымъ,движенїем,по,соуши,и,по,морю,пристꙋстꙋпивъ,къ,црствꙋющемꙋ,граду,мсца,декабрѧ,и,повелѣ,бити,поушками,и,пищалʼми,и,стѣнобитными,хытростʼми,+
528,а,самъ,предивнымъ,ополченїем,и,страшнымъ,движенїем,по,соуши,и,по,морю,приступивъще,къ,црствꙋющемꙋ,граду,мсца,декабрѧ,и,повелѣ,бити,поушками,и,пищалʼми,и,стѣнобитными,хытростʼми,-
529,ꙗкоже,бо,аще,къто,не,знаꙗ,того,ти,видѧше,и,въ,такои,одежи,сȣща,то,не,мьнѧаше,того,самого,сѹща,блаженааго,игѹмена,нъ,ꙗко,ѥдиного,ѿ,варѧщиихъ,+
530,ꙗкоже,бо,аще,къто,не,знаюче,того,ти,видѧше,и,въ,такои,одежи,сȣща,то,не,мьнѧаше,того,самого,сѹща,блаженааго,игѹмена,нъ,ꙗко,ѥдиного,ѿ,варѧщиихъ,-
531,ѥго,же,по,правдѣ,яко,неправедну,суду,нашедшю,на,нь,по,ѡшествии,сего,свѣта,прияша,мукы,ѡканьнаго,+
532,ѥго,же,по,правдѣ,яко,неправедну,суду,нашедшемъ,на,нь,по,ѡшествии,сего,свѣта,прияша,мукы,ѡканьнаго,-
533,сии,по,всꙗ,дн҃и,и,нощи,писааше,книгы,въ,келии,ѹ,блж҃енааго,оц҃а,нашего,ѳеѡдосиꙗ,ономѹ,же,псалтырь,ѹсты,поющю,тихо,и,рѹкама,прꙗдѹща,вълнѹ,или,коѥ,ино,дѣло,дѣлающа,+
534,сии,по,всꙗ,дн҃и,и,нощи,писааше,книгы,въ,келии,ѹ,блж҃енааго,оц҃а,нашего,ѳеѡдосиꙗ,ономѹ,же,псалтырь,ѹсты,поющимъ,тихо,и,рѹкама,прꙗдѹща,вълнѹ,или,коѥ,ино,дѣло,дѣлающа,-
535,но,ꙋбо,еще,часꙋ,соуда,не,приспѣвшꙋ,и,премогахꙋ,сѧ,с,ними,+
536,но,ꙋбо,еще,часꙋ,соуда,не,приспѣвъшемъ,и,премогахꙋ,сѧ,с,ними,-
537,но,ꙋбо,еще,часꙋ,соуда,не,приспѣвшꙋ,и,премогахꙋ,сѧ,с,ними,+
538,но,ꙋбо,еще,часꙋ,соуда,не,приспѣвшем,и,премогахꙋ,сѧ,с,ними,-
539,тоже,сь,ѹповаꙗ,ꙗко,възꙗтъ,власть,на,нихъ,ѡтъ,б҃а,въставъ,вечеръ,и,иде,въ,храмъ,тъ,+
540,тоже,сь,ѹповаꙗ,ꙗко,възꙗтъ,власть,на,нихъ,ѡтъ,б҃а,воставше,вечеръ,и,иде,въ,храмъ,тъ,-
541,нъ,сице,сътворивѣ,да,азъ,ти,лꙗгѹ,на,возѣ,ты,же,могыи,на,кони,ѣхати,+
542,нъ,сице,сътворивѣ,да,азъ,ти,лꙗгѹ,на,возѣ,ты,же,могуще,на,кони,ѣхати,-
543,властелинъ,же,видѣвы,и,тако,ходꙗща,и,пакы,инѹ,въдасть,одежю,вѧщьшю,пьрвыꙗ,молꙗ,и,да,ходить,въ,неи,+
544,властелинъ,же,видѣвшїи,и,тако,ходꙗща,и,пакы,инѹ,въдасть,одежю,вѧщьшю,пьрвыꙗ,молꙗ,и,да,ходить,въ,неи,-
545,таче,ꙗко,приде,къ,великѹѹмѹ,ѳеодосию,въ,манастырь,имыи,подъ,пазѹхою,съкръвено,ст҃ое,еван҃глиѥ,и,по,мл҃твѣ,хотѧщема,има,сѣсти,ономѹ,не,ѹ,ѥще,ꙗвивъшю,еуанг҃лиꙗ,гл҃а,томȣ,блаженыи,+
546,таче,ꙗко,приде,къ,великѹѹмѹ,ѳеодосию,въ,манастырь,имыи,подъ,пазѹхою,съкръвено,ст҃ое,еван҃глиѥ,и,по,мл҃твѣ,хотѧщема,има,сѣсти,ономѹ,не,ѹ,ѥще,ꙗвльшимъ,еуанг҃лиꙗ,гл҃а,томȣ,блаженыи,-
547,патриꙗрʼхʼ,же,анастасїи,събравъ,болѧр,и,съвѣтниковъ,всѣх,и,поиде,къ,ц҃рю,+
548,патриꙗрʼхʼ,же,анастасїи,собравше,болѧр,и,съвѣтниковъ,всѣх,и,поиде,къ,ц҃рю,-
549,а,дьяволъ,и,паки,воздвигъ,бурю,+
550,а,дьяволъ,и,паки,въздвигше,бурю,-
551,кнѧзю,же,ст҃ославу,и,не,хотѧщю,ѥму,изверже,и,изъ,епспьи,+
552,кнѧзю,же,ст҃ославу,и,не,хотѧщим,ѥму,изверже,и,изъ,епспьи,-
553,тольми,же,гнѣвъмь,одрьжима,ꙗко,и,въ,домъ,ѥи,пришьдъши,бити,и,дондеже,изнеможе,+
554,тольми,же,гнѣвъмь,одрьжима,ꙗко,и,въ,домъ,ѥи,пришьдъшмъ,бити,и,дондеже,изнеможе,-
555,егда,ж,много,нѹдиша,его,братїѧ,на,игѹменьс꙽тво,ѡн,же,смиреномѹдръ,сыи,не,хотѧ,того,прїѧти,ниже,еже,из,дѣтьс꙽тва,совозрастъшее,ему,бг҃оподражанное,смиренїе,оставити,+
556,егда,ж,много,нѹдиша,его,братїѧ,на,игѹменьс꙽тво,ѡн,же,смиреномѹдръ,сыи,не,хотѧще,того,прїѧти,ниже,еже,из,дѣтьс꙽тва,совозрастъшее,ему,бг҃оподражанное,смиренїе,оставити,-
557,и,тъ,оканьныи,воѥвода,цѣловавъ,крс҃тъ,чес҃ныи,къ,мьстислав҃,и,къ,обѣма,кн҃зема,око,ихъ,не,избити,нъ,поус҃ти,ихъ,на,искоупъ,и,сълга,оканьныи,+
558,и,тъ,оканьныи,воѥвода,цѣловавше,крс҃тъ,чес҃ныи,къ,мьстислав҃,и,къ,обѣма,кн҃зема,око,ихъ,не,избити,нъ,поус҃ти,ихъ,на,искоупъ,и,сълга,оканьныи,-
559,ѡному,же,вбѣгшю,в,городъ,нача,молити,сѧ,и,просити,мира,+
560,ѡному,же,вбѣгшим,в,городъ,нача,молити,сѧ,и,просити,мира,-
561,ты,бѡ,еси,давыи,нам,его,+
562,ты,бѡ,еси,давше,нам,его,-
563,сице,же,емѹ,пребывающѹ,въ,мл҃твах,и,въ,трѹдѣх,плѡт,ис꙽тни,си,и,ис꙽сѹши,желаѧ,быти,горнѧго,града,гражанин,и,выш꙽нѧго,іерслима,жителинъ,+
564,сице,же,емѹ,пребывающем,въ,мл҃твах,и,въ,трѹдѣх,плѡт,ис꙽тни,си,и,ис꙽сѹши,желаѧ,быти,горнѧго,града,гражанин,и,выш꙽нѧго,іерслима,жителинъ,-
565,таче,пакы,хо҃любьць,възвѣщаꙗ,ѥмѹ,да,ѹвѣсть,къто,ѥсть,и,гл҃аше,+
566,таче,пакы,хо҃любьць,възвѣщающе,ѥмѹ,да,ѹвѣсть,къто,ѥсть,и,гл҃аше,-
567,ѡнъ,же,се,слышавъ,възнесе,сѧ,срдце,ѥго,болма,не,вѣдыи,дв҃да,гл҃ща,+
568,ѡнъ,же,се,слышавшїи,възнесе,сѧ,срдце,ѥго,болма,не,вѣдыи,дв҃да,гл҃ща,-
569,кнѧзь,же,всеволодъ,нарѧдивъ,полкы,на,масленѣи,недлѣ,и,пусти,возы,на,ту,сторону,рѣкы,идеже,глѣбъ,стоꙗше,+
570,кнѧзь,же,всеволодъ,нарѧдивше,полкы,на,масленѣи,недлѣ,и,пусти,возы,на,ту,сторону,рѣкы,идеже,глѣбъ,стоꙗше,-
571,И,которое,всему,государству,и,христiанству,было,"задержанiе,",и,отъ,того,великое,людемъ,"разоренiе,",нынѣ,при,помощи,Божiей,ворота,по,Дону,отверсты,и,ходъ,свободенъ.,+
572,И,которое,всему,государству,и,христiанству,было,"задержанiе,",и,отъ,того,великое,людемъ,"разоренiе,",нынѣ,при,помощи,Божiей,ворота,по,Дону,отверсты,и,ходъ,свобожени.,-
573,сии,по,всꙗ,дн҃и,и,нощи,писааше,книгы,въ,келии,ѹ,блж҃енааго,оц҃а,нашего,ѳеѡдосиꙗ,ономѹ,же,псалтырь,ѹсты,поющю,тихо,и,рѹкама,прꙗдѹща,вълнѹ,или,коѥ,ино,дѣло,дѣлающа,+
574,сии,по,всꙗ,дн҃и,и,нощи,писааше,книгы,въ,келии,ѹ,блж҃енааго,оц҃а,нашего,ѳеѡдосиꙗ,ономѹ,же,псалтырь,ѹсты,поющемъ,тихо,и,рѹкама,прꙗдѹща,вълнѹ,или,коѥ,ино,дѣло,дѣлающа,-
575,господѹ,рекъшю,+
576,господѹ,рекшимъ,-
577,и,повелѣ,печенѣгомъ,воевати,болъгарьску,землю,самъ,вземъ,оу,грекъ,злато,и,паволоки,и,на,всѧ,воя,+
578,и,повелѣ,печенѣгомъ,воевати,болъгарьску,землю,самъ,вземше,оу,грекъ,злато,и,паволоки,и,на,всѧ,воя,-
579,патриꙗрʼхʼ,же,анастасїи,събравъ,болѧр,и,съвѣтниковъ,всѣх,и,поиде,къ,ц҃рю,+
580,патриꙗрʼхʼ,же,анастасїи,събравъше,болѧр,и,съвѣтниковъ,всѣх,и,поиде,къ,ц҃рю,-
581,и,великомѹ,ѳеодосию,съ,братиѥю,ишьдъшȣ,ис,цр҃кве,и,по,обычаю,сърѣтьшю,того,и,поклоньшема,сѧ,ꙗкоже,ѥ,лѣпо,кънѧзю,и,томȣ,же,цѣловавъшю,бл҃женаго,таче,гл҃аше,+
582,и,великомѹ,ѳеодосию,съ,братиѥю,ишьдъшȣ,ис,цр҃кве,и,по,обычаю,сърѣтьшю,того,и,поклоньшема,сѧ,ꙗкоже,ѥ,лѣпо,кънѧзю,и,томȣ,же,цѣловавшим,бл҃женаго,таче,гл҃аше,-
583,наипаче,богѹ,рекъшюѹмѹ,ѹченикомъ,своимъ,ꙗко,+
584,наипаче,богѹ,рекшимъ,ѹченикомъ,своимъ,ꙗко,-
585,и,не,възлюби,б҃у,ни,хотѧщю,+
586,и,не,възлюби,б҃у,ни,хотящемь,-
587,кн҃зь,же,ꙋзрѣвъ,рѧдъ,ихъ,оже,хотѧть,крѣпъко,животъ,свои,ѿдати,и,не,поѥха,+
588,кн҃зь,же,ѹзрѣвше,рѧдъ,ихъ,оже,хотѧть,крѣпъко,животъ,свои,ѿдати,и,не,поѥха,-
589,кнѧзю,же,ст҃ославу,и,не,хотѧщю,ѥму,изверже,и,изъ,епспьи,+
590,кнѧзю,же,ст҃ославу,и,не,хотꙗщемъ,ѥму,изверже,и,изъ,епспьи,-
591,мнѣ,же,рекшю,к,гюрѧтѣ,+
592,мнѣ,же,рекъшемъ,к,гюрѧтѣ,-
593,таче,томѹ,зьрѧщю,и,чюдѧщю,сѧ,о,томь,и,се,ино,чюдо,ꙗвльше,сѧ,томѹ,+
594,таче,томѹ,зрѧщимъ,и,чюдѧщю,сѧ,о,томь,и,се,ино,чюдо,ꙗвльше,сѧ,томѹ,-
595,кнѧзю,же,ст҃ославу,и,не,хотѧщю,ѥму,изверже,и,изъ,епспьи,+
596,кнѧзю,же,ст҃ославу,и,не,хотѧщемъ,ѥму,изверже,и,изъ,епспьи,-
597,и,се,ꙗко,доиде,манастырѧ,блаженааго,ѳеѡдосиꙗ,тъгда,же,ѡномѹ,зьрѧщю,състѹпи,цр҃кы,и,ста,на,своѥмь,мѣстѣ,+
598,и,се,ꙗко,доиде,манастырѧ,блаженааго,ѳеѡдосиꙗ,тъгда,же,ѡномѹ,зрѧщимъ,състѹпи,цр҃кы,и,ста,на,своѥмь,мѣстѣ,-
599,кнѧзю,же,из,оконцѧ,зрѧщю,и,дружинѣ,стоящю,оу,кнѧзѧ,реч,тукы,братъ,чюдинь,изѧславу,+
600,кнѧзю,же,из,оконцѧ,зрѧщимъ,и,дружинѣ,стоящю,оу,кнѧзѧ,реч,тукы,братъ,чюдинь,изѧславу,-
601,кнѧзю,же,ст҃ославу,и,не,хотѧщю,ѥму,изверже,и,изъ,епспьи,+
602,кнѧзю,же,ст҃ославу,и,не,хотящемь,ѥму,изверже,и,изъ,епспьи,-
603,ѡнъ,же,се,слышавъ,възнесе,сѧ,срдце,ѥго,болма,не,вѣдыи,дв҃да,гл҃ща,+
604,ѡнъ,же,се,слышавше,възнесе,сѧ,срдце,ѥго,болма,не,вѣдыи,дв҃да,гл҃ща,-
605,мнѣ,же,рекшю,к,гюрѧтѣ,+
606,мнѣ,же,рекшимъ,к,гюрѧтѣ,-
607,но,прбл҃гии,б҃ъ,не,хотѧ,смр҃ти,грѣшникомъ,на,томъ,холмѣ,ныне,цр҃ки,стоить,+
608,но,прбл҃гии,б҃ъ,не,хотѧще,смр҃ти,грѣшникомъ,на,томъ,холмѣ,ныне,цр҃ки,стоить,-
609,ѥгда,бо,приде,отъ,града,своѥго,хотꙗ,быти,мнихъ,ꙗкоже,обьходꙗщю,томѹ,вьсꙗ,манастырꙗ,не,рачахѹть,бо,того,приꙗти,богѹ,тако,сътворьшю,на,искѹшениѥ,ѥмѹ,+
610,ѥгда,бо,приде,отъ,града,своѥго,хотꙗ,быти,мнихъ,ꙗкоже,обьходꙗщю,томѹ,вьсꙗ,манастырꙗ,не,рачахѹть,бо,того,приꙗти,богѹ,тако,створшимъ,на,искѹшениѥ,ѥмѹ,-
611,вечеру,бо,приспѣвшю,братя,вземше,тѣло,ѥго,и,положиша,и,в,печерѣ,проводивше,с,пѣсньми,с,свѣщами,честно,на,хвалу,б҃у,нашему,ісс,хус,+
612,вечеру,бо,приспѣвъшемъ,братя,вземше,тѣло,ѥго,и,положиша,и,в,печерѣ,проводивше,с,пѣсньми,с,свѣщами,честно,на,хвалу,б҃у,нашему,ісс,хус,-
613,кн҃зь,же,ꙋзрѣвъ,рѧдъ,ихъ,оже,хотѧть,крѣпъко,животъ,свои,ѿдати,и,не,поѥха,+
614,кн҃зь,же,ѹзрѣв꙽ше,рѧдъ,ихъ,оже,хотѧть,крѣпъко,животъ,свои,ѿдати,и,не,поѥха,-
615,бл҃говѣрныи,же,ц҃рь,конʼстѧнʼтинъ,плача,горʼко,и,рече,имъ,+
616,бл҃говѣрныи,же,ц҃рь,конʼстѧнʼтинъ,плачюще,горʼко,и,рече,имъ,-
617,митрополитъ,же,никиѳоръ,не,хотѧше,поставити,ѥго,зане,бѣ,на,мьздѣ,поставилъ,николу,грьчина,кнѧзю,всеволоду,не,хотѧщю,ѥго,паче,же,бг҃ви,+
618,митрополитъ,же,никиѳоръ,не,хотѧше,поставити,ѥго,зане,бѣ,на,мьздѣ,поставилъ,николу,грьчина,кнѧзю,всеволоду,не,хотѧщим,ѥго,паче,же,бг҃ви,-
619,епспъ,же,афонасїи,видѣвъ,и,блсви,его,и,въпроси,имени,его,+
620,епспъ,же,афонасїи,видѣвше,и,блсви,его,и,въпроси,имени,его,-
621,ѥгда,бо,приде,отъ,града,своѥго,хотꙗ,быти,мнихъ,ꙗкоже,обьходꙗщю,томѹ,вьсꙗ,манастырꙗ,не,рачахѹть,бо,того,приꙗти,богѹ,тако,сътворьшю,на,искѹшениѥ,ѥмѹ,+
622,ѥгда,бо,приде,отъ,града,своѥго,хотꙗ,быти,мнихъ,ꙗкоже,обьходꙗщю,томѹ,вьсꙗ,манастырꙗ,не,рачахѹть,бо,того,приꙗти,богѹ,тако,створивъшемъ,на,искѹшениѥ,ѥмѹ,-
623,митрополитъ,же,никиѳоръ,не,хотѧше,поставити,ѥго,зане,бѣ,на,мьздѣ,поставилъ,николу,грьчина,кнѧзю,всеволоду,не,хотѧщю,ѥго,паче,же,бг҃ви,+
624,митрополитъ,же,никиѳоръ,не,хотѧше,поставити,ѥго,зане,бѣ,на,мьздѣ,поставилъ,николу,грьчина,кнѧзю,всеволоду,не,хотѧщемъ,ѥго,паче,же,бг҃ви,-
625,тог҃же,б҃ъ,видѧ,наша,безакониꙗ,и,брт҃оненавидениѥ,и,непокорениѥ,дрѹг҃,къ,дрѹг҃,и,зависть,+
626,тог҃же,б҃ъ,видѧще,наша,безакониꙗ,и,брт҃оненавидениѥ,и,непокорениѥ,дрѹг҃,къ,дрѹг҃,и,зависть,-
627,и,бълѧре,мнѡгажды,мнѡѕи,навѣщахоу,его,и,сице,же,емꙋ,бѡлѧщоу,тоу,+
628,и,бълѧре,мнѡгажды,мнѡѕи,навѣщахоу,его,и,сице,же,емꙋ,болѧщим,тоу,-
629,митрополитъ,же,никиѳоръ,не,хотѧше,поставити,ѥго,зане,бѣ,на,мьздѣ,поставилъ,николу,грьчина,кнѧзю,всеволоду,не,хотѧщю,ѥго,паче,же,бг҃ви,+
630,митрополитъ,же,никиѳоръ,не,хотѧше,поставити,ѥго,зане,бѣ,на,мьздѣ,поставилъ,николу,грьчина,кнѧзю,всеволоду,не,хотꙗщемъ,ѥго,паче,же,бг҃ви,-
631,ѡному,же,рекши,+
632,ѡному,же,рекъшемъ,-
633,таче,томѹ,зьрѧщю,и,чюдѧщю,сѧ,о,томь,и,се,ино,чюдо,ꙗвльше,сѧ,томѹ,+
634,таче,томѹ,зьрѧщемъ,и,чюдѧщю,сѧ,о,томь,и,се,ино,чюдо,ꙗвльше,сѧ,томѹ,-
635,крствшю,же,сѧ,ему,и,се,ѿверзоша,сѧ,нб҃са,и,д҃хъ,сходѧщь,зракомъ,голубинымъ,на,нь,и,глас,гл҃ѧ,+
636,крствшю,же,сѧ,ему,и,се,ѿверзоша,сѧ,нб҃са,и,д҃хъ,съходѧще,зракомъ,голубинымъ,на,нь,и,глас,гл҃ѧ,-
637,аз,же,взявъ,кн҃гу,ꙇ,вышел,ис,цр҃кви,с,миромъ,+
638,аз,же,вземше,кн҃гу,ꙇ,вышел,ис,цр҃кви,с,миромъ,-
639,ѡн,же,собравъ,елико,имѣаше,ѹ,себе,воиска,и,ѹдари,на,тѹрковъ,нощїю,+
640,ѡн,же,собравше,елико,имѣаше,ѹ,себе,воиска,и,ѹдари,на,тѹрковъ,нощїю,-
641,ѡн,же,послушавъ,рѣчи,ростовьское,и,болѧрьское,+
642,ѡн,же,послушавше,рѣчи,ростовьское,и,болѧрьское,-
643,кн҃зь,же,ꙋзрѣвъ,рѧдъ,ихъ,оже,хотѧть,крѣпъко,животъ,свои,ѿдати,и,не,поѥха,+
644,кн҃зь,же,узьрѣвъше,рѧдъ,ихъ,оже,хотѧть,крѣпъко,животъ,свои,ѿдати,и,не,поѥха,-
645,или,кто,призвавыи,его,и,не,ѹслышан,и,презрѣн,быс,ѿ,него,+
646,или,кто,приз꙽вавше,его,и,не,ѹслышан,и,презрѣн,быс,ѿ,него,-
647,кнѧзю,же,из,оконцѧ,зрѧщю,и,дружинѣ,стоящю,оу,кнѧзѧ,реч,тукы,братъ,чюдинь,изѧславу,+
648,кнѧзю,же,из,оконцѧ,зьрѧщемъ,и,дружинѣ,стоящю,оу,кнѧзѧ,реч,тукы,братъ,чюдинь,изѧславу,-
649,ꙇ,я,ѿшед,ко,дверям,да,на,бокъ,повалил,ся,+
650,ꙇ,я,ѿшедъше,ко,дверям,да,на,бокъ,повалил,ся,-
651,ѥдиною,бо,ѥму,стоящю,в,црк҃ви,на,мѣстѣ,своемь,възведъ,ѡчи,свои,позрѣ,по,братьи,иже,стоять,поюще,по,ѡбѣма,странама,+
652,ѥдиною,бо,ѥму,стоѧщим,в,црк҃ви,на,мѣстѣ,своемь,възведъ,ѡчи,свои,позрѣ,по,братьи,иже,стоять,поюще,по,ѡбѣма,странама,-
653,и,ставшема,ѡбѣма,полкома,противу,собѣ,и,реч,редедѧ,къ,мьстиславу,+
654,и,ставшимъ,ѡбѣма,полкома,противу,собѣ,и,реч,редедѧ,къ,мьстиславу,-
655,таче,ꙗко,приде,къ,великѹѹмѹ,ѳеодосию,въ,манастырь,имыи,подъ,пазѹхою,съкръвено,ст҃ое,еван҃глиѥ,и,по,мл҃твѣ,хотѧщема,има,сѣсти,ономѹ,не,ѹ,ѥще,ꙗвивъшю,еуанг҃лиꙗ,гл҃а,томȣ,блаженыи,+
656,таче,ꙗко,приде,къ,великѹѹмѹ,ѳеодосию,въ,манастырь,имыи,подъ,пазѹхою,съкръвено,ст҃ое,еван҃глиѥ,и,по,мл҃твѣ,хотѧщемъ,има,сѣсти,ономѹ,не,ѹ,ѥще,ꙗвивъшю,еуанг҃лиꙗ,гл҃а,томȣ,блаженыи,-
657,идущема,же,има,сташа,ночлѣгу,+
658,ꙇдущим,же,има,сташа,ночлѣгу,-
659,таче,ꙗко,приде,къ,великѹѹмѹ,ѳеодосию,въ,манастырь,имыи,подъ,пазѹхою,съкръвено,ст҃ое,еван҃глиѥ,и,по,мл҃твѣ,хотѧщема,има,сѣсти,ономѹ,не,ѹ,ѥще,ꙗвивъшю,еуанг҃лиꙗ,гл҃а,томȣ,блаженыи,+
660,таче,ꙗко,приде,къ,великѹѹмѹ,ѳеодосию,въ,манастырь,имыи,подъ,пазѹхою,съкръвено,ст҃ое,еван҃глиѥ,и,по,мл҃твѣ,хотѧщим,има,сѣсти,ономѹ,не,ѹ,ѥще,ꙗвивъшю,еуанг҃лиꙗ,гл҃а,томȣ,блаженыи,-
661,и,тако,въ,ѥдинъ,ѿ,дн҃ии,пришьдъшю,томѹ,и,въ,ц҃ркви,сѣдѧщема,има,на,божьствьнѣи,тои,бесѣдѣ,и,годъ,бы҃с,вечерьнии,+
662,и,тако,въ,ѥдинъ,ѿ,дн҃ии,пришьдъшю,томѹ,и,въ,ц҃ркви,сѣдѧщемъ,има,на,божьствьнѣи,тои,бесѣдѣ,и,годъ,бы҃с,вечерьнии,-
663,помꙑслъ,има,въложи,рѣкшема,има,ꙗко,+
664,помꙑслъ,има,въложи,рекшимъ,има,ꙗко,-
665,идущема,же,има,сташа,ночлѣгу,+
666,идѹщемъ,же,има,сташа,ночлѣгу,-
667,идущема,же,има,сташа,ночлѣгу,+
668,идущемъ,же,има,сташа,ночлѣгу,-
669,таче,ꙗко,приде,къ,великѹѹмѹ,ѳеодосию,въ,манастырь,имыи,подъ,пазѹхою,съкръвено,ст҃ое,еван҃глиѥ,и,по,мл҃твѣ,хотѧщема,има,сѣсти,ономѹ,не,ѹ,ѥще,ꙗвивъшю,еуанг҃лиꙗ,гл҃а,томȣ,блаженыи,+
670,таче,ꙗко,приде,къ,великѹѹмѹ,ѳеодосию,въ,манастырь,имыи,подъ,пазѹхою,съкръвено,ст҃ое,еван҃глиѥ,и,по,мл҃твѣ,хотящемь,има,сѣсти,ономѹ,не,ѹ,ѥще,ꙗвивъшю,еуанг҃лиꙗ,гл҃а,томȣ,блаженыи,-
671,идущема,же,има,сташа,ночлѣгу,+
672,идущимъ,же,има,сташа,ночлѣгу,-
673,помꙑслъ,има,въложи,рѣкшема,има,ꙗко,+
674,помꙑслъ,има,въложи,рекъшемъ,има,ꙗко,-
675,идущема,же,има,сташа,ночлѣгу,+
676,идущим,же,има,сташа,ночлѣгу,-
677,таче,ꙗко,приде,къ,великѹѹмѹ,ѳеодосию,въ,манастырь,имыи,подъ,пазѹхою,съкръвено,ст҃ое,еван҃глиѥ,и,по,мл҃твѣ,хотѧщема,има,сѣсти,ономѹ,не,ѹ,ѥще,ꙗвивъшю,еуанг҃лиꙗ,гл҃а,томȣ,блаженыи,+
678,таче,ꙗко,приде,къ,великѹѹмѹ,ѳеодосию,въ,манастырь,имыи,подъ,пазѹхою,съкръвено,ст҃ое,еван҃глиѥ,и,по,мл҃твѣ,хотꙗщемъ,има,сѣсти,ономѹ,не,ѹ,ѥще,ꙗвивъшю,еуанг҃лиꙗ,гл҃а,томȣ,блаженыи,-
679,и,ставшема,ѡбѣма,полкома,противу,собѣ,и,реч,редедѧ,къ,мьстиславу,+
680,и,ставшю,ѡбѣма,полкома,противу,собѣ,и,реч,редедѧ,къ,мьстиславу,-
681,и,ставшема,ѡбѣма,полкома,противу,собѣ,и,реч,редедѧ,къ,мьстиславу,+
682,и,ставъшю,ѡбѣма,полкома,противу,собѣ,и,реч,редедѧ,къ,мьстиславу,-
683,и,онѣма,пришьдъшема,въ,градъ,тъ,посылаета,же,по,бл҃женааго,оц҃а,нашего,ѳеодосиꙗ,бѣдѧща,того,прити,къ,тѣма,на,обѣдъ,и,причетати,сѧ,неправьдьнѣмь,томь,съвѣтѣ,+
684,и,онѣма,пришедшю,въ,градъ,тъ,посылаета,же,по,бл҃женааго,оц҃а,нашего,ѳеодосиꙗ,бѣдѧща,того,прити,къ,тѣма,на,обѣдъ,и,причетати,сѧ,неправьдьнѣмь,томь,съвѣтѣ,-
685,въ,томь,бѣста,родителꙗ,ст҃го,въ,вѣрѣ,крс҃тиꙗньстѣи,живѹща,и,всꙗчьскыимь,благочьстиюмь,ѹкршена,+
686,въ,томь,бѣста,родителꙗ,ст҃го,въ,вѣрѣ,крс҃тиꙗньстѣи,живя,и,всꙗчьскыимь,благочьстиюмь,ѹкршена,-
687,въ,томь,бѣста,родителꙗ,ст҃го,въ,вѣрѣ,крс҃тиꙗньстѣи,живѹща,и,всꙗчьскыимь,благочьстиюмь,ѹкршена,+
688,въ,томь,бѣста,родителꙗ,ст҃го,въ,вѣрѣ,крс҃тиꙗньстѣи,живы,и,всꙗчьскыимь,благочьстиюмь,ѹкршена,-
689,сима,же,пришедъшема,начаста,съставливати,писмена,азъбуковьная,словѣньски,+
690,сима,же,пришедшю,начаста,съставливати,писмена,азъбуковьная,словѣньски,-
691,въ,томь,бѣста,родителꙗ,ст҃го,въ,вѣрѣ,крс҃тиꙗньстѣи,живѹща,и,всꙗчьскыимь,благочьстиюмь,ѹкршена,+
692,въ,томь,бѣста,родителꙗ,ст҃го,въ,вѣрѣ,крс҃тиꙗньстѣи,живыи,и,всꙗчьскыимь,благочьстиюмь,ѹкршена,-
693,въ,томь,бѣста,родителꙗ,ст҃го,въ,вѣрѣ,крс҃тиꙗньстѣи,живѹща,и,всꙗчьскыимь,благочьстиюмь,ѹкршена,+
694,въ,томь,бѣста,родителꙗ,ст҃го,въ,вѣрѣ,крс҃тиꙗньстѣи,жива,и,всꙗчьскыимь,благочьстиюмь,ѹкршена,-
695,въ,томь,бѣста,родителꙗ,ст҃го,въ,вѣрѣ,крс҃тиꙗньстѣи,живѹща,и,всꙗчьскыимь,благочьстиюмь,ѹкршена,+
696,въ,томь,бѣста,родителꙗ,ст҃го,въ,вѣрѣ,крс҃тиꙗньстѣи,живучи,и,всꙗчьскыимь,благочьстиюмь,ѹкршена,-
697,ѡнѣма,же,пришедшема,яко,и,еще,живъ,есть,единъ,ею,извлекъ,мечь,проньзе,и,къ,срцдю,+
698,ѡнѣма,же,пришедшю,яко,и,еще,живъ,есть,единъ,ею,извлекъ,мечь,проньзе,и,къ,срцдю,-
699,ѡнѣма,же,рекшема,стати,нам,пред,ст҃ославом,и,повелѣ,янь,вложити,рубль,въ,оуста,има,и,привѧзатї,я,къ,оупругу,+
700,ѡнѣма,же,рекши,стати,нам,пред,ст҃ославом,и,повелѣ,янь,вложити,рубль,въ,оуста,има,и,привѧзатї,я,къ,оупругу,-
701,ѡнѣма,же,рекшема,+
702,ѡнѣма,же,рекшю,-
703,ѡнѣма,же,рекшема,яко,+
704,ѡнѣма,же,рекшемѹ,яко,-
705,ѡнѣма,же,рекшема,+
706,ѡнѣма,же,рекъшюѹмѹ,-
707,ѡнѣма,же,рекшема,+
708,ѡнѣма,же,рекшѹ,-
709,ѡнѣма,же,рекшема,яко,+
710,ѡнѣма,же,рекши,яко,-
711,ѡнѣма,же,рекшема,стати,нам,пред,ст҃ославом,и,повелѣ,янь,вложити,рубль,въ,оуста,има,и,привѧзатї,я,къ,оупругу,+
712,ѡнѣма,же,рекъшю,стати,нам,пред,ст҃ославом,и,повелѣ,янь,вложити,рубль,въ,оуста,има,и,привѧзатї,я,къ,оупругу,-
713,ѡнѣма,же,рекшема,+
714,ѡнѣма,же,рекшемѹ,-
715,ѡнѣма,же,рекшема,яко,+
716,ѡнѣма,же,рекшю,яко,-
717,ѡнѣма,же,рекшема,стати,нам,пред,ст҃ославом,и,повелѣ,янь,вложити,рубль,въ,оуста,има,и,привѧзатї,я,къ,оупругу,+
718,ѡнѣма,же,рекшѹ,стати,нам,пред,ст҃ославом,и,повелѣ,янь,вложити,рубль,въ,оуста,има,и,привѧзатї,я,къ,оупругу,-
719,ѡнѣма,же,рекшема,+
720,ѡнѣма,же,рекъшю,-
721,ѡнѣма,же,рекшема,стати,нам,пред,ст҃ославом,и,повелѣ,янь,вложити,рубль,въ,оуста,има,и,привѧзатї,я,къ,оупругу,+
722,ѡнѣма,же,рекъшюѹмѹ,стати,нам,пред,ст҃ославом,и,повелѣ,янь,вложити,рубль,въ,оуста,има,и,привѧзатї,я,къ,оупругу,-
723,ѡнѣма,же,рекшема,яко,+
724,ѡнѣма,же,рекъшю,яко,-
725,ѡнѣма,же,рекшема,стати,нам,пред,ст҃ославом,и,повелѣ,янь,вложити,рубль,въ,оуста,има,и,привѧзатї,я,къ,оупругу,+
726,ѡнѣма,же,рекшемꙋ,стати,нам,пред,ст҃ославом,и,повелѣ,янь,вложити,рубль,въ,оуста,има,и,привѧзатї,я,къ,оупругу,-
727,ѡнѣма,же,рекшема,яко,+
728,ѡнѣма,же,рекшемꙋ,яко,-
729,ѡнѣма,же,рекшема,+
730,ѡнѣма,же,рекши,-
731,ѡнѣма,же,рекшема,стати,нам,пред,ст҃ославом,и,повелѣ,янь,вложити,рубль,въ,оуста,има,и,привѧзатї,я,къ,оупругу,+
732,ѡнѣма,же,рекшю,стати,нам,пред,ст҃ославом,и,повелѣ,янь,вложити,рубль,въ,оуста,има,и,привѧзатї,я,къ,оупругу,-
733,ѡнѣма,же,рекшема,стати,нам,пред,ст҃ославом,и,повелѣ,янь,вложити,рубль,въ,оуста,има,и,привѧзатї,я,къ,оупругу,+
734,ѡнѣма,же,рекшемѹ,стати,нам,пред,ст҃ославом,и,повелѣ,янь,вложити,рубль,въ,оуста,има,и,привѧзатї,я,къ,оупругу,-
735,ѡнѣма,же,рекшема,яко,+
736,ѡнѣма,же,рекшѹ,яко,-
737,ѡнѣма,же,рекшема,яко,+
738,ѡнѣма,же,рекъшюѹмѹ,яко,-
739,ѡнѣма,же,рекшема,+
740,ѡнѣма,же,рекшемꙋ,-
