stim1,stim2,stim3,stim4,stim5,stim6,stim7,stim8,stim9,stim10,stim11,stim12,stim13,stim14,stim15,stim16,stim17,stim18,stim19,stim20,stim21,stim22,stim23,stim24,stim25,stim26,stim27,stim28,stim29,stim30,stim31,stim32,stim33,stim34,stim35,stim36,stim37,stim38,stim39,stim40,stim41,stim42,stim43,stim44,stim45,stim46,stim47,stim48,stim49,stim50,stim51,stim52,stim53,stim54,stim55,stim56,stim57,stim58
1,Com,veiem,que,vostè,i,membres,de,el,seu,govern,afirmen,que,negar,se,a,condemnar,un,atemptat,ja,és,motiu,"d'il·legalització,",li,enviem,aquest,dictamen,per,tal,que,"reflexioni,",i,admeti,que,el,silenci,-,en,una,societat,plenament,democràtica,-,no,pot,ser,jurídicament,interpretat.,+
2,Com,veiem,que,vostè,i,membres,de,el,seu,govern,afirmen,que,negar,se,a,condemnar,un,atemptat,ja,és,motiu,"d'il·legalització,",li,enviem,aquest,dictamen,per,tal,que,"reflexioni,",i,admeti,que,el,silenci,-,en,una,societat,plenament,democràtica,-,no,pot,ser,jurídicament,interpretada.,-
3,L'estat,de,salut,de,el,"pacient,",que,ja,havia,patit,un,atac,cerebral,l'11,de,"novembre,",havia,empitjorat,de,sobte,en,les,últimes,hores,en,augmentar,l'hemorràgia,causada,per,problemes,de,coagulació,de,la,sang.,+
4,L'estat,de,salut,de,el,"pacient,",que,ja,havia,patit,un,atac,cerebral,l'11,de,"novembre,",havia,empitjorada,de,sobte,en,les,últimes,hores,en,augmentar,l'hemorràgia,causada,per,problemes,de,coagulació,de,la,sang.,-
5,El,"text,",en,què,es,menysprea,la,resta,de,les,creences,"religioses,",ha,estat,interpretat,com,un,pas,enrere,en,el,camí,que,ha,emprès,aquests,últims,anys,el,mateix,Joan,Pau,II,a,favor,de,la,unió,de,les,diverses,esglésies,cristianes.,+
6,El,"text,",en,què,es,menysprea,la,resta,de,les,creences,"religioses,",ha,estat,interpretada,com,un,pas,enrere,en,el,camí,que,ha,emprès,aquests,últims,anys,el,mateix,Joan,Pau,II,a,favor,de,la,unió,de,les,diverses,esglésies,cristianes.,-
7,Per,la,seva,"banda,",l'altre,imputat,en,el,"cas,",el,regidor,de,el,Partit,Popular,a,l'Ajuntament,de,"Salou,",Alberto,de,el,"Hierro,",ha,mostrat,la,seva,satisfacció,per,l'arxiu,definitiu,de,el,recurs,però,ha,lamentat,que,s'hagi,trigat,tant,en,la,resolució.,+
8,Per,la,seva,"banda,",l'altre,imputat,en,el,"cas,",el,regidor,de,el,Partit,Popular,a,l'Ajuntament,de,"Salou,",Alberto,de,el,"Hierro,",ha,mostrada,la,seva,satisfacció,per,l'arxiu,definitiu,de,el,recurs,però,ha,lamentat,que,s'hagi,trigat,tant,en,la,resolució.,-
9,L'atreviment,de,la,Diputació,de,Barcelona,de,portar,a,el,carrer,una,seriosa,i,a,la,vegada,atractiva,reflexió,sobre,les,drogues,de,disseny,ha,demostrat,ser,molt,eficaç.,+
10,L'atreviment,de,la,Diputació,de,Barcelona,de,portar,a,el,carrer,una,seriosa,i,a,la,vegada,atractiva,reflexió,sobre,les,drogues,de,disseny,ha,demostrada,ser,molt,eficaç.,-
11,El,globus,d'una,maca,història,s'ha,desinflat,i,ara,tothom,l'ignorarà.,+
12,El,globus,d'una,maca,història,s'ha,desinflada,i,ara,tothom,l'ignorarà.,-
13,L'informe,que,instava,els,propietaris,de,el,castell,de,l'Eramprunyà,de,Gavà,a,dipositar,més,de,quatre,milions,de,pessetes,per,poder,començar,els,treballs,de,recuperació,de,l'immoble,protegit,ha,estat,recorregut,judicialment,per,els,propietaris.,+
14,L'informe,que,instava,els,propietaris,de,el,castell,de,l'Eramprunyà,de,Gavà,a,dipositar,més,de,quatre,milions,de,pessetes,per,poder,començar,els,treballs,de,recuperació,de,l'immoble,protegit,ha,estat,recorreguda,judicialment,per,els,propietaris.,-
15,Cap,de,els,dos,escriptors,ha,col·laborat,en,els,guions.,+
16,Cap,de,els,dos,escriptors,ha,col·laborada,en,els,guions.,-
17,L'acostament,de,el,trio,format,per,Brian,Molko,(veu,i,"guitarra),",Stefan,Olsdal,"(baix,",guitarra,i,teclats),i,Steve,Hewitt,(bateria),a,David,Bowie,els,ha,atorgat,l'etiqueta,de,ser,el,vessant,'glam',de,el,pop,britànic.,+
18,L'acostament,de,el,trio,format,per,Brian,Molko,(veu,i,"guitarra),",Stefan,Olsdal,"(baix,",guitarra,i,teclats),i,Steve,Hewitt,(bateria),a,David,Bowie,els,ha,atorgada,l'etiqueta,de,ser,el,vessant,'glam',de,el,pop,britànic.,-
19,El,"marit,",de,63,"anys,",va,ser,trobat,amb,ferides,ocasionades,per,una,arma,"blanca,",que,la,policia,va,trobar,a,el,costat,de,el,seu,cadàver.,+
20,El,"marit,",de,63,"anys,",va,ser,trobada,amb,ferides,ocasionades,per,una,arma,"blanca,",que,la,policia,va,trobar,a,el,costat,de,el,seu,cadàver.,-
21,Segons,la,sentència,de,la,secció,setena,de,l'Audiència,de,"Barcelona,",a,la,que,ha,tingut,accés,"Intra-ACN,",'no,podem,considerar,que,els,desplaçaments,patrimonials,"denunciats,",en,relació,a,el,volum,econòmic,global,de,"l'obra,",hagin,estat,destinats,a,un,fi,diferent,a,el,de,sufragar,les,despeses,de,construcció,de,l'immoble'.,+
22,Segons,la,sentència,de,la,secció,setena,de,l'Audiència,de,"Barcelona,",a,la,que,ha,tingut,accés,"Intra-ACN,",'no,podem,considerar,que,els,desplaçaments,patrimonials,"denunciats,",en,relació,a,el,volum,econòmic,global,de,"l'obra,",hagin,estat,destinades,a,un,fi,diferent,a,el,de,sufragar,les,despeses,de,construcció,de,l'immoble'.,-
23,Una,hora,"després,",el,frenesí,de,el,ball,s'havia,apoderat,de,les,1.200,persones,que,van,obligar,a,penjar,el,complet,a,la,sala,Sutton.,+
24,Una,hora,"després,",el,frenesí,de,el,ball,s'havia,apoderada,de,les,1.200,persones,que,van,obligar,a,penjar,el,complet,a,la,sala,Sutton.,-
25,El,"tribunal,",que,el,condemna,a,cinc,anys,d'allunyament,de,la,"noia,",que,li,té,"por,",ha,valorat,que,l'home,va,actuar,amb,les,facultats,mentals,afectades,perquè,no,tolerava,la,nova,situació,de,ruptura.,+
26,El,"tribunal,",que,el,condemna,a,cinc,anys,d'allunyament,de,la,"noia,",que,li,té,"por,",ha,valorada,que,l'home,va,actuar,amb,les,facultats,mentals,afectades,perquè,no,tolerava,la,nova,situació,de,ruptura.,-
27,Cada,exemplar,de,la,segona,espècie,serà,identificat,per,el,seu,diferent,pelatge.,+
28,Cada,exemplar,de,la,segona,espècie,serà,identificada,per,el,seu,diferent,pelatge.,-
29,Els,nens,de,primer,curs,que,havien,presenciat,el,tret,van,estar,retinguts,unes,hores,perquè,la,policia,els,pogués,entrevistar.,+
30,Els,nens,de,primer,curs,que,havien,presenciat,el,tret,van,estar,retingudes,unes,hores,perquè,la,policia,els,pogués,entrevistar.,-
31,El,diputat,de,"CiU,",Carles,"Pellicer,",ha,recordat,en,la,seva,intervenció,que,aquests,punts,que,avui,s'han,aprovat,seran,debatuts,el,proper,dia,21,a,la,Comissió,Europea.,+
32,El,diputat,de,"CiU,",Carles,"Pellicer,",ha,recordat,en,la,seva,intervenció,que,aquests,punts,que,avui,s'han,aprovat,seran,debatudes,el,proper,dia,21,a,la,Comissió,Europea.,-
33,El,títol,de,l'exposició,tampoc,ha,estat,escollit,a,l'atzar.,+
34,El,títol,de,l'exposició,tampoc,ha,estat,escollida,a,l'atzar.,-
35,Davant,d'aquests,"arguments,",el,lletrat,que,representa,la,"Universitat,",Antoni,"Huber,",s'ha,mostrat,sorprès,perquè,'les,reiteracions,de,el,fiscal,desnaturalitzen,el,procés'.,+
36,Davant,d'aquests,"arguments,",el,lletrat,que,representa,la,"Universitat,",Antoni,"Huber,",s'ha,mostrada,sorprès,perquè,'les,reiteracions,de,el,fiscal,desnaturalitzen,el,procés'.,-
37,L'entorn,de,Pinochet,es,prepara,davant,la,possible,extradició,de,el,dictador,a,"Espanya,",i,un,catedràtic,amic,de,el,dictador,ha,contactat,per,a,això,amb,l'advocat,espanyol,Ángel,López,"Montero,",que,ja,ha,elaborat,un,informe,i,no,descarta,portar,la,defensa.,+
38,L'entorn,de,Pinochet,es,prepara,davant,la,possible,extradició,de,el,dictador,a,"Espanya,",i,un,catedràtic,amic,de,el,dictador,ha,contactada,per,a,això,amb,l'advocat,espanyol,Ángel,López,"Montero,",que,ja,ha,elaborat,un,informe,i,no,descarta,portar,la,defensa.,-
39,El,tan,temut,canvi,de,dígits,en,els,calendaris,interns,de,els,sistemes,informàtics,no,ha,desencadenat,finalment,el,"caos,",i,només,s'han,produït,comptadíssimes,anomalies,de,molt,poca,rellevància,en,centrals,nuclears,i,alguns,serveis,no,estratègics.,+
40,El,tan,temut,canvi,de,dígits,en,els,calendaris,interns,de,els,sistemes,informàtics,no,ha,desencadenada,finalment,el,"caos,",i,només,s'han,produït,comptadíssimes,anomalies,de,molt,poca,rellevància,en,centrals,nuclears,i,alguns,serveis,no,estratègics.,-
41,L'increment,de,el,30,per,cent,de,detinguts,s'ha,computat,sobre,el,mateix,període,(dos,mesos,i,mig),de,l'any,passat.,+
42,L'increment,de,el,30,per,cent,de,detinguts,s'ha,computada,sobre,el,mateix,període,(dos,mesos,i,mig),de,l'any,passat.,-
43,El,nivell,autoritzat,en,els,mòbils,s'ha,rebaixat,per,10,a,"Europa,",de,manera,que,l'increment,de,temperatura,màxim,només,seria,de,"0,11",graus.,+
44,El,nivell,autoritzat,en,els,mòbils,s'ha,rebaixada,per,10,a,"Europa,",de,manera,que,l'increment,de,temperatura,màxim,només,seria,de,"0,11",graus.,-
45,El,"foc,",segons,la,Conselleria,de,Medi,"Ambient,",s'hauria,originat,a,les,12.30,hores,a,l'antiga,central,elèctrica,d'Arroyo,Frío.,+
46,El,"foc,",segons,la,Conselleria,de,Medi,"Ambient,",s'hauria,originada,a,les,12.30,hores,a,l'antiga,central,elèctrica,d'Arroyo,Frío.,-
47,En,declaracions,a,"Efe,",l'exsecretari,d'organització,de,CDC,ha,replicat,les,crítiques,que,ahir,va,dirigir,el,dirigent,socialista,a,la,imatge,que,dóna,CiU,amb,aquesta,pugna,successòria.,+
48,En,declaracions,a,"Efe,",l'exsecretari,d'organització,de,CDC,ha,replicada,les,crítiques,que,ahir,va,dirigir,el,dirigent,socialista,a,la,imatge,que,dóna,CiU,amb,aquesta,pugna,successòria.,-
49,El,dràstic,descens,de,el,consum,després,de,els,"atemptats,",que,ha,afectat,nombrosos,"sectors,",de,el,turístic,a,les,línies,"aèries,",passant,per,la,producció,"industrial,",ha,determinat,aquesta,reducció,de,el,PIB,i,continua,projectant,una,ombra,de,gran,incertesa,sobre,"l'economia,",agreujada,per,la,caiguda,de,la,confiança,de,els,consumidors.,+
50,El,dràstic,descens,de,el,consum,després,de,els,"atemptats,",que,ha,afectat,nombrosos,"sectors,",de,el,turístic,a,les,línies,"aèries,",passant,per,la,producció,"industrial,",ha,determinada,aquesta,reducció,de,el,PIB,i,continua,projectant,una,ombra,de,gran,incertesa,sobre,"l'economia,",agreujada,per,la,caiguda,de,la,confiança,de,els,consumidors.,-
51,El,"destre,",que,va,acabar,la,"faena,",i,va,aconseguir,que,li,donessin,les,dues,"orelles,",va,ser,ingressat,a,la,infermeria,i,Víctor,Puerto,es,va,encarregar,de,el,seu,segon,toro.,+
52,El,"destre,",que,va,acabar,la,"faena,",i,va,aconseguir,que,li,donessin,les,dues,"orelles,",va,ser,ingressada,a,la,infermeria,i,Víctor,Puerto,es,va,encarregar,de,el,seu,segon,toro.,-
53,-,L'impuls,de,la,nostra,assemblea,de,"novembre,",amb,la,renovació,de,la,"direcció,",ha,significat,una,major,claredat,política,des,de,el,punt,de,vista,de,les,propostes.,+
54,-,L'impuls,de,la,nostra,assemblea,de,"novembre,",amb,la,renovació,de,la,"direcció,",ha,significada,una,major,claredat,política,des,de,el,punt,de,vista,de,les,propostes.,-
55,L'escriptor,valencià,Salvador,Company,ha,estat,proclamat,aquest,migdia,guanyador,de,el,Premi,Documenta,2001,per,"'Voleriana',",una,novel·la,que,pren,un,de,els,poemes,d'Ausiàs,March,per,explicar,una,història,dramàtica,d'amor,amb,el,rerefons,de,l'ambient,cultural,i,universitari,de,el,País,Valencià,actual.,+
56,L'escriptor,valencià,Salvador,Company,ha,estat,proclamada,aquest,migdia,guanyador,de,el,Premi,Documenta,2001,per,"'Voleriana',",una,novel·la,que,pren,un,de,els,poemes,d'Ausiàs,March,per,explicar,una,història,dramàtica,d'amor,amb,el,rerefons,de,l'ambient,cultural,i,universitari,de,el,País,Valencià,actual.,-
57,Un,de,els,creadors,de,el,protocol,"TCP/IP,",que,ha,permès,la,connexió,entre,"ordinadors,",ha,destacat,el,progrés,que,suposa,per,a,Internet,el,canvi,generacional.,+
58,Un,de,els,creadors,de,el,protocol,"TCP/IP,",que,ha,permès,la,connexió,entre,"ordinadors,",ha,destacada,el,progrés,que,suposa,per,a,Internet,el,canvi,generacional.,-
59,El,metge,que,va,realitzar,la,intervenció,va,ser,acusat,d'haver,extret,l'òrgan,d'un,home,la,mort,de,el,qual,no,havia,estat,científicament,confirmada.,+
60,El,metge,que,va,realitzar,la,intervenció,va,ser,acusada,d'haver,extret,l'òrgan,d'un,home,la,mort,de,el,qual,no,havia,estat,científicament,confirmada.,-
61,El,"pavelló,",que,està,situat,a,les,ribes,de,el,riu,"Tàmesi,",concretament,a,el,barri,de,"Greenwich,",no,ha,interessat,prou,visitants,i,ha,estat,obert,gràcies,només,a,l'ajuda,de,cinc,injeccions,econòmiques,que,en,van,evitar,la,bancarrota.,+
62,El,"pavelló,",que,està,situat,a,les,ribes,de,el,riu,"Tàmesi,",concretament,a,el,barri,de,"Greenwich,",no,ha,interessada,prou,visitants,i,ha,estat,obert,gràcies,només,a,l'ajuda,de,cinc,injeccions,econòmiques,que,en,van,evitar,la,bancarrota.,-
63,Fonts,policials,van,considerar,que,"l'atemptat,",en,què,van,resultar,ferides,200,"persones,",no,va,ser,perpetrat,per,la,guerrilla,separatista,tàmil.,+
64,Fonts,policials,van,considerar,que,"l'atemptat,",en,què,van,resultar,ferides,200,"persones,",no,va,ser,perpetrada,per,la,guerrilla,separatista,tàmil.,-
65,En,acabar,la,"presentació,",el,col·lectiu,de,la,Cuina,l'Empordanet,ha,preparat,un,aperitiu.,+
66,En,acabar,la,"presentació,",el,col·lectiu,de,la,Cuina,l'Empordanet,ha,preparada,un,aperitiu.,-
67,El,llançament,de,tres,fons,de,renda,fixa,(Leaseten,"I,",II,i,III),promoguts,per,la,Sociedad,Española,de,Participaciones,Industriales,(SEPI),i,gestionats,per,"Argentaria,",BBV,i,BCH,"""ha",tancat,el,cercle,amb,400.000,milions,"més"".",+
68,El,llançament,de,tres,fons,de,renda,fixa,(Leaseten,"I,",II,i,III),promoguts,per,la,Sociedad,Española,de,Participaciones,Industriales,(SEPI),i,gestionats,per,"Argentaria,",BBV,i,BCH,"""ha",tancada,el,cercle,amb,400.000,milions,"més"".",-
69,El,departament,de,Política,Territorial,i,Obres,"Públiques,",a,través,de,l'Institut,Català,de,el,Sòl,(Incasòl),ha,adjudicat,les,obres,d'urbanització,de,el,carrer,Fora,de,la,Muralla,de,el,nucli,antic,de,"Púbol,",a,el,municipi,de,La,Pera.,+
70,El,departament,de,Política,Territorial,i,Obres,"Públiques,",a,través,de,l'Institut,Català,de,el,Sòl,(Incasòl),ha,adjudicada,les,obres,d'urbanització,de,el,carrer,Fora,de,la,Muralla,de,el,nucli,antic,de,"Púbol,",a,el,municipi,de,La,Pera.,-
71,A,La,"Vanguardia,",s'anuncia,que,"""comença",el,"futur""",",",i,en,un,text,d'Antonio,Ortí,es,repassa,el,que,ara,anticipa,la,ciència-ficció,(és,a,"dir,",literatura,documentada),"perquè""",els,seus,pronòstics,s'han,acostat,tant,a,la,realitat,que,alguns,de,els,seus,autors,van,ser,investigats,per,la,CIA,""".",+
72,A,La,"Vanguardia,",s'anuncia,que,"""comença",el,"futur""",",",i,en,un,text,d'Antonio,Ortí,es,repassa,el,que,ara,anticipa,la,ciència-ficció,(és,a,"dir,",literatura,documentada),"perquè""",els,seus,pronòstics,s'han,acostat,tant,a,la,realitat,que,alguns,de,els,seus,autors,van,ser,investigades,per,la,CIA,""".",-
73,Quan,semblava,que,el,propietari,"d'easyJet,",l'aerolínia,britànica,pionera,a,oferir,seients,a,baix,"preu,",havia,enterrat,la,destral,de,guerra,contra,el,seu,principal,"competidor,",Go,-,propietat,de,British,Airways,(BA),"-,",l'enfrontament,ha,ressorgit,a,les,pàgines,de,la,premsa.,+
74,Quan,semblava,que,el,propietari,"d'easyJet,",l'aerolínia,britànica,pionera,a,oferir,seients,a,baix,"preu,",havia,enterrada,la,destral,de,guerra,contra,el,seu,principal,"competidor,",Go,-,propietat,de,British,Airways,(BA),"-,",l'enfrontament,ha,ressorgit,a,les,pàgines,de,la,premsa.,-
75,El,descens,de,l'activitat,econòmica,va,ser,esgrimit,ahir,per,la,Casa,Blanca,per,demanar,a,el,Congrés,que,aprovi,amb,urgència,el,seu,pla,d'estímul,econòmic,per,valor,de,90.000,milions,de,dòlars.,+
76,El,descens,de,l'activitat,econòmica,va,ser,esgrimida,ahir,per,la,Casa,Blanca,per,demanar,a,el,Congrés,que,aprovi,amb,urgència,el,seu,pla,d'estímul,econòmic,per,valor,de,90.000,milions,de,dòlars.,-
77,Aquest,sopar,de,cloenda,de,les,festes,serà,animat,per,un,espectacle,itinerant,de,el,grup,bagenc,Pepsicolen.,+
78,Aquest,sopar,de,cloenda,de,les,festes,serà,animada,per,un,espectacle,itinerant,de,el,grup,bagenc,Pepsicolen.,-
79,"Així,",el,servei,de,metro,ha,estat,interromput,alternativament,a,les,línies,2,i,3,en,funció,de,els,moviments,de,l'animal.,+
80,"Així,",el,servei,de,metro,ha,estat,interrompuda,alternativament,a,les,línies,2,i,3,en,funció,de,els,moviments,de,l'animal.,-
81,Només,el,nom,de,la,coordinadora,de,la,Creu,"Roja,",Núria,"Carrera,",havia,traspassat,el,ferri,control,antifiltració,establert,per,la,guàrdia,de,"l'alcalde,",conegut,en,el,partit,com,el,clan,de,el,mussol,per,el,seu,costum,de,reunir,se,en,un,conegut,restaurant.,+
82,Només,el,nom,de,la,coordinadora,de,la,Creu,"Roja,",Núria,"Carrera,",havia,traspassada,el,ferri,control,antifiltració,establert,per,la,guàrdia,de,"l'alcalde,",conegut,en,el,partit,com,el,clan,de,el,mussol,per,el,seu,costum,de,reunir,se,en,un,conegut,restaurant.,-
83,Per,primera,"vegada,",tots,els,dispositius,d'un,cor,mecànic,van,ser,introduïts,en,un,cos,humà.,+
84,Per,primera,"vegada,",tots,els,dispositius,d'un,cor,mecànic,van,ser,introduïdes,en,un,cos,humà.,-
85,L'impacte,d'una,pujada,de,els,tipus,d'interès,a,Europa,va,ser,minimitzat,per,el,secretari,d'Estat,d'Economia,"espanyol,",Cristóbal,Montoro.,+
86,L'impacte,d'una,pujada,de,els,tipus,d'interès,a,Europa,va,ser,minimitzada,per,el,secretari,d'Estat,d'Economia,"espanyol,",Cristóbal,Montoro.,-
87,L'arquitecte,Òscar,"Tusquets,",encarregat,de,la,rehabilitació,que,viu,aquests,mesos,el,Palau,de,la,"Música,",ha,explicat,avui,algunes,de,les,millores,que,presenta,la,sala,interior,després,d'un,estiu,en,què,no,s'hi,ha,pogut,escoltar,cap,nota.,+
88,L'arquitecte,Òscar,"Tusquets,",encarregat,de,la,rehabilitació,que,viu,aquests,mesos,el,Palau,de,la,"Música,",ha,explicada,avui,algunes,de,les,millores,que,presenta,la,sala,interior,després,d'un,estiu,en,què,no,s'hi,ha,pogut,escoltar,cap,nota.,-
89,Moments,després,de,la,lectura,de,mèrits,el,rector,de,la,Universitat,Ramon,"Llull,",Miquel,"Gassiot,",li,ha,imposat,el,tradicional,"birret,",anell,i,guants,que,l'acrediten,com,a,doctor,honoris,causa,de,el,centre.,+
90,Moments,després,de,la,lectura,de,mèrits,el,rector,de,la,Universitat,Ramon,"Llull,",Miquel,"Gassiot,",li,ha,imposada,el,tradicional,"birret,",anell,i,guants,que,l'acrediten,com,a,doctor,honoris,causa,de,el,centre.,-
91,El,dirigent,socialista,basc,ha,assenyalat,que,"""nosaltres","que,",a,el,cap,i,a,la,"fi,",som,els,companys,de,"Buesa,",hem,estat,escrupolosament,discrets,en,tota,aquesta,"polèmica,",però,ja,és,el,moment,de,dir,"prou"".",+
92,El,dirigent,socialista,basc,ha,assenyalada,que,"""nosaltres","que,",a,el,cap,i,a,la,"fi,",som,els,companys,de,"Buesa,",hem,estat,escrupolosament,discrets,en,tota,aquesta,"polèmica,",però,ja,és,el,moment,de,dir,"prou"".",-
93,L'ús,de,el,català,a,els,jutjats,de,Girona,s'ha,incrementat,notablement,des,de,l'any,passat.,+
94,L'ús,de,el,català,a,els,jutjats,de,Girona,s'ha,incrementada,notablement,des,de,l'any,passat.,-
95,L'espot,institucional,"solidari,",que,s'emetrà,durant,tot,el,"mes,",és,protagonitzat,per,el,grup,de,Cornellà,Estopa.,+
96,L'espot,institucional,"solidari,",que,s'emetrà,durant,tot,el,"mes,",és,protagonitzada,per,el,grup,de,Cornellà,Estopa.,-
97,L'estudi,de,Joan,Trullén,assenyala,que,el,fenomen,de,la,descentralització,de,les,grans,empreses,des,de,la,seva,localització,central,s'ha,"generalitzat,",i,"""s'ha",concentrat,en,els,corredors,pròxims,a,les,autopistes,"metropolitanes"".",+
98,L'estudi,de,Joan,Trullén,assenyala,que,el,fenomen,de,la,descentralització,de,les,grans,empreses,des,de,la,seva,localització,central,s'ha,"generalitzada,",i,"""s'ha",concentrat,en,els,corredors,pròxims,a,les,autopistes,"metropolitanes"".",-
99,El,Premi,d'Honor,Jaume,"I,",dotat,amb,50.000,"euros,",es,concedeix,a,persones,vivents,o,entitats,que,amb,la,qualitat,de,la,seva,activitat,"científica,",cultural,o,cívica,hagin,ajudat,a,enfortir,la,consciència,de,comunitat,nacional,i,el,sentit,de,pertinença,a,la,cultura,de,els,Països,Catalans.,+
100,El,Premi,d'Honor,Jaume,"I,",dotat,amb,50.000,"euros,",es,concedeix,a,persones,vivents,o,entitats,que,amb,la,qualitat,de,la,seva,activitat,"científica,",cultural,o,cívica,hagin,ajudada,a,enfortir,la,consciència,de,comunitat,nacional,i,el,sentit,de,pertinença,a,la,cultura,de,els,Països,Catalans.,-
101,El,tram,Selva,de,Mar,-,la,Pau,de,la,línia,4,va,ser,inaugurat,l'octubre,de,el,"1982,",quan,el,Maresme,i,l'entorn,de,la,rambla,de,Prim,i,Pujades,no,presentava,el,grau,d'edificació,actual.,+
102,El,tram,Selva,de,Mar,-,la,Pau,de,la,línia,4,va,ser,inaugurada,l'octubre,de,el,"1982,",quan,el,Maresme,i,l'entorn,de,la,rambla,de,Prim,i,Pujades,no,presentava,el,grau,d'edificació,actual.,-
103,Martí,"Sabrià,",president,de,l'Associació,Hotelera,Costa,"Brava-Centre,",va,dir,que,aquesta,mesura,revela,"""que",no,calia,fer,una,nova,"línia"",",i,va,afegir,que,els,talls,soferts,en,anys,anteriors,"""mai",han,estat,justificats,per,"Enher"".",+
104,Martí,"Sabrià,",president,de,l'Associació,Hotelera,Costa,"Brava-Centre,",va,dir,que,aquesta,mesura,revela,"""que",no,calia,fer,una,nova,"línia"",",i,va,afegir,que,els,talls,soferts,en,anys,anteriors,"""mai",han,estat,justificades,per,"Enher"".",-
105,El,guardó,de,l'Ajuntament,de,Reus,ha,estat,atorgat,a,Manuela,Cejas,"Morillo,",de,26,anys,"d'edat,",veïna,de,"Cambrils,",amb,la,pintura,a,l'oli,titulada,"""La","parella"".",+
106,El,guardó,de,l'Ajuntament,de,Reus,ha,estat,atorgada,a,Manuela,Cejas,"Morillo,",de,26,anys,"d'edat,",veïna,de,"Cambrils,",amb,la,pintura,a,l'oli,titulada,"""La","parella"".",-
107,El,conductor,de,el,"turisme,",Antonio,R.,S,de,51,anys,i,veí,de,"L'Escala,",ha,resultat,mort.,+
108,El,conductor,de,el,"turisme,",Antonio,R.,S,de,51,anys,i,veí,de,"L'Escala,",ha,resultada,mort.,-
109,"""Ningú",m'ho,ha,"demanat"",",va,postil·lar,.,+
110,"""Ningú",m'ho,ha,"demanada"",",va,postil·lar,.,-
111,El,"jurat,",format,per,vuit,persones,de,raça,blanca,i,quatre,de,raça,"negra,",no,ha,apreciat,cap,delicte,que,pogués,comportar,una,condemna,de,l'actuació,de,els,"policies,",ni,tan,sols,el,de,negligència.,+
112,El,"jurat,",format,per,vuit,persones,de,raça,blanca,i,quatre,de,raça,"negra,",no,ha,apreciada,cap,delicte,que,pogués,comportar,una,condemna,de,l'actuació,de,els,"policies,",ni,tan,sols,el,de,negligència.,-
113,"""El",millor,treball,de,l'any,ha,procedit,de,el,cervell,de,els,"guionistes"",",reconeix,Sam,"Mendes,",director,d'American,"beauty,","que,",a,diferència,de,molts,nous,"cineastes,",no,escriu,encara,els,seus,propis,guions.,+
114,"""El",millor,treball,de,l'any,ha,procedida,de,el,cervell,de,els,"guionistes"",",reconeix,Sam,"Mendes,",director,d'American,"beauty,","que,",a,diferència,de,molts,nous,"cineastes,",no,escriu,encara,els,seus,propis,guions.,-
115,El,tercer,"ocupant,",Mostafa,"E.,",de,49,"anys,",ha,estat,evacuat,amb,helicòpter,ferit,molt,greu,a,l'Hospital,General,de,Catalunya.,+
116,El,tercer,"ocupant,",Mostafa,"E.,",de,49,"anys,",ha,estat,evacuada,amb,helicòpter,ferit,molt,greu,a,l'Hospital,General,de,Catalunya.,-
117,Els,15,espectacles,que,s'estrenaran,la,temporada,que,ve,a,el,Teatre,Nacional,de,Catalunya,(TNC),van,ser,presentats,ahir,per,el,director,de,"l'equipament,",Domènec,Reixach.,+
118,Els,15,espectacles,que,s'estrenaran,la,temporada,que,ve,a,el,Teatre,Nacional,de,Catalunya,(TNC),van,ser,presentades,ahir,per,el,director,de,"l'equipament,",Domènec,Reixach.,-
119,El,PP,recorda,que,un,increment,en,la,participació,a,la,regió,metropolitana,l'ha,beneficiat,gairebé,tant,com,a,el,PSC.,+
120,El,PP,recorda,que,un,increment,en,la,participació,a,la,regió,metropolitana,l'ha,beneficiada,gairebé,tant,com,a,el,PSC.,-
121,La,mateixa,representant,especial,de,Comerç,de,els,Estats,"Units,",Charlene,"Barshefsky,",va,haver,de,suspendre,una,roda,de,premsa,que,estava,prevista,per,primera,hora,de,el,matí,perquè,el,seu,accés,a,l'edifici,també,va,ser,bloquejat.,+
122,La,mateixa,representant,especial,de,Comerç,de,els,Estats,"Units,",Charlene,"Barshefsky,",va,haver,de,suspendre,una,roda,de,premsa,que,estava,prevista,per,primera,hora,de,el,matí,perquè,el,seu,accés,a,l'edifici,també,va,ser,bloquejada.,-
123,Els,dos,acusats,d'haver,entrat,a,robar,en,una,casa,de,Vilamalla,després,de,forçar,la,porta,d'entrada,han,estat,condemnats,a,un,any,de,"presó,",un,cop,acceptada,la,pena,que,el,fiscal,proposava.,+
124,Els,dos,acusats,d'haver,entrat,a,robar,en,una,casa,de,Vilamalla,després,de,forçar,la,porta,d'entrada,han,estat,condemnades,a,un,any,de,"presó,",un,cop,acceptada,la,pena,que,el,fiscal,proposava.,-
125,"""Fins",ara,no,s'han,produït,efectes,secundaris,i,l'encariment,de,el,petroli,no,ha,contaminat,el,conjunt,de,l'índex,de,"preus"",",va,afirmar,el,portaveu,de,el,comissari,d'Assumptes,Econòmics,i,Financers.,+
126,"""Fins",ara,no,s'han,produït,efectes,secundaris,i,l'encariment,de,el,petroli,no,ha,contaminada,el,conjunt,de,l'índex,de,"preus"",",va,afirmar,el,portaveu,de,el,comissari,d'Assumptes,Econòmics,i,Financers.,-
127,Segons,el,"fiscal,",els,rellotges,de,els,comptadors,de,els,camions,de,distribució,de,el,gasoil,van,ser,"manipulats,",i,se,subministrava,el,"4,6%",menys,de,combustible,de,el,que,pagaven,els,clients.,+
128,Segons,el,"fiscal,",els,rellotges,de,els,comptadors,de,els,camions,de,distribució,de,el,gasoil,van,ser,"manipulades,",i,se,subministrava,el,"4,6%",menys,de,combustible,de,el,que,pagaven,els,clients.,-
129,Segons,han,informat,fonts,de,"TMB,",el,fet,que,els,trajectes,de,totes,dues,línies,a,l'estació,de,Paral·lel,siguin,molt,properes,ha,facilitat,els,moviments,de,la,"gossa,",alhora,que,ha,dificultat,les,tasques,de,els,bombers.,+
130,Segons,han,informat,fonts,de,"TMB,",el,fet,que,els,trajectes,de,totes,dues,línies,a,l'estació,de,Paral·lel,siguin,molt,properes,ha,facilitada,els,moviments,de,la,"gossa,",alhora,que,ha,dificultat,les,tasques,de,els,bombers.,-
131,Els,cadàvers,de,sis,persones,de,nacionalitat,romanesa,van,ser,trobats,ahir,a,les,bodegues,d'un,vaixell,mercant,xipriota,que,es,disposava,a,descarregar,a,el,port,de,Sevilla.,+
132,Els,cadàvers,de,sis,persones,de,nacionalitat,romanesa,van,ser,trobades,ahir,a,les,bodegues,d'un,vaixell,mercant,xipriota,que,es,disposava,a,descarregar,a,el,port,de,Sevilla.,-
133,El,film,mexicà,de,por,La,sombra,de,el,"murciélago,",protagonitzat,per,el,gladiador,emmascarat,Blue,"Demon,",ha,deixat,enrere,un,febrer,en,què,s'han,aplaudit,d'allò,més,les,amputacions,de,"Re-Animator,",les,estrebades,de,Yo,",",el,Vaquilla,i,les,camises,de,dormir,de,Vampyros,lesbos.,+
134,El,film,mexicà,de,por,La,sombra,de,el,"murciélago,",protagonitzat,per,el,gladiador,emmascarat,Blue,"Demon,",ha,deixada,enrere,un,febrer,en,què,s'han,aplaudit,d'allò,més,les,amputacions,de,"Re-Animator,",les,estrebades,de,Yo,",",el,Vaquilla,i,les,camises,de,dormir,de,Vampyros,lesbos.,-
135,Aquesta,dada,va,provocar,dubtes,entre,els,membres,de,la,Brigada,d'Estrangeria,de,"Sevilla,",que,no,s'explicaven,com,cap,membre,de,la,tripulació,s'havia,adonat,de,la,presència,de,els,polissons,"ni,","sobretot,",de,el,muntatge,artesanal,que,s'havien,fet,a,la,bodega,de,el,vaixell.,+
136,Aquesta,dada,va,provocar,dubtes,entre,els,membres,de,la,Brigada,d'Estrangeria,de,"Sevilla,",que,no,s'explicaven,com,cap,membre,de,la,tripulació,s'havia,adonada,de,la,presència,de,els,polissons,"ni,","sobretot,",de,el,muntatge,artesanal,que,s'havien,fet,a,la,bodega,de,el,vaixell.,-
137,Els,grans,blocs,que,uneixen,els,pilons,han,estat,fabricats,a,Cadis.,+
138,Els,grans,blocs,que,uneixen,els,pilons,han,estat,fabricades,a,Cadis.,-
139,L'autor,de,"l'estudi,",Miquel,Àngel,"Bové,",ha,precisat,que,aquestes,dades,confirmen,que,'les,fires,han,d'anar,encaminades,a,fer,contactes,entre,"professionals,",més,que,no,pas,a,captar,els,visitants,"finals',",mentre,que,les,conclusions,de,l'estudi,recomanen,reorientar,el,seu,paper.,+
140,L'autor,de,"l'estudi,",Miquel,Àngel,"Bové,",ha,precisada,que,aquestes,dades,confirmen,que,'les,fires,han,d'anar,encaminades,a,fer,contactes,entre,"professionals,",més,que,no,pas,a,captar,els,visitants,"finals',",mentre,que,les,conclusions,de,l'estudi,recomanen,reorientar,el,seu,paper.,-
141,El,reconeixement,per,totes,les,persones,que,van,posar,en,marxa,Expobages,ha,centrat,l'acte,inaugural,de,la,vintena,edició,"d'Expobages,",que,ha,presidit,aquest,migdia,el,conseller,de,la,Presidència,de,la,"Generalitat,",Joaquim,Triadú.,+
142,El,reconeixement,per,totes,les,persones,que,van,posar,en,marxa,Expobages,ha,centrada,l'acte,inaugural,de,la,vintena,edició,"d'Expobages,",que,ha,presidit,aquest,migdia,el,conseller,de,la,Presidència,de,la,"Generalitat,",Joaquim,Triadú.,-
143,El,tràfic,de,passatge,s'ha,incrementat,durant,els,dos,mesos,d'estiu,en,un,"7,43%,",en,relació,a,les,mateixes,dates,de,l'any,anterior.,+
144,El,tràfic,de,passatge,s'ha,incrementada,durant,els,dos,mesos,d'estiu,en,un,"7,43%,",en,relació,a,les,mateixes,dates,de,l'any,anterior.,-
145,El,president,de,el,Consell,Constitucional,"francès,",Roland,"Dumas,",ha,estat,processat,per,"""encobriment",de,malversació,de,fons,"privats"",",en,relació,amb,les,estatuetes,antigues,que,la,seva,amant,Christine,Deviers-Joncour,li,va,regalar,l'any,1990,amb,diners,de,la,petrolera,"Elf,",segons,van,informar,ahir,fonts,judicials.,+
146,El,president,de,el,Consell,Constitucional,"francès,",Roland,"Dumas,",ha,estat,processada,per,"""encobriment",de,malversació,de,fons,"privats"",",en,relació,amb,les,estatuetes,antigues,que,la,seva,amant,Christine,Deviers-Joncour,li,va,regalar,l'any,1990,amb,diners,de,la,petrolera,"Elf,",segons,van,informar,ahir,fonts,judicials.,-
147,Charlie,Kaufman,era,citat,a,les,oficines,d'un,gran,capatàs,d'un,estudi,de,Hollywood,i,explicava,el,seu,projecte:,"""Aquesta",és,la,meva,pel·lícula,un,titellaire,"itinerant,",algú,que,es,considera,un,"artista,",és,forçat,per,la,seva,dona,a,trobar,feina.,+
148,Charlie,Kaufman,era,citat,a,les,oficines,d'un,gran,capatàs,d'un,estudi,de,Hollywood,i,explicava,el,seu,projecte:,"""Aquesta",és,la,meva,pel·lícula,un,titellaire,"itinerant,",algú,que,es,considera,un,"artista,",és,forçada,per,la,seva,dona,a,trobar,feina.,-
149,Durant,el,debat,s'ha,produït,una,picabaralla,entre,Miquel,Puig,i,el,diputat,d'ERC,Josep,Bargalló,perquè,el,director,general,de,la,CCRTV,ha,opinat,que,la,situació,de,la,corresponsal,a,Amèrica,Llatina,no,'és,un,tema,que,s'hagi,de,tractar,a,el,Parlament'.,+
150,Durant,el,debat,s'ha,produït,una,picabaralla,entre,Miquel,Puig,i,el,diputat,d'ERC,Josep,Bargalló,perquè,el,director,general,de,la,CCRTV,ha,opinada,que,la,situació,de,la,corresponsal,a,Amèrica,Llatina,no,'és,un,tema,que,s'hagi,de,tractar,a,el,Parlament'.,-
151,El,responsable,de,l'àrea,de,Promoció,Econòmica,de,la,Diputació,de,"Barcelona,",Francesc,"Castellana,",ha,assegurat,avui,que,"""és",necessari,donar,prioritat,a,l'àmbit,local,per,dotar,lo,de,més,recursos,"econòmics"".",+
152,El,responsable,de,l'àrea,de,Promoció,Econòmica,de,la,Diputació,de,"Barcelona,",Francesc,"Castellana,",ha,assegurada,avui,que,"""és",necessari,donar,prioritat,a,l'àmbit,local,per,dotar,lo,de,més,recursos,"econòmics"".",-
153,Però,el,trauma,que,viuen,els,novaiorquesos,ha,obligat,aquest,any,a,celebrar,l'acte,d'una,manera,més,emotiva.,+
154,Però,el,trauma,que,viuen,els,novaiorquesos,ha,obligada,aquest,any,a,celebrar,l'acte,d'una,manera,més,emotiva.,-
155,Per,"tant,",els,nou,membres,de,la,candidatura,de,Joaquim,de,Miquel,seran,nomenats,diputats,de,la,Junta,de,Govern,de,el,Col·legi,d'Advocats,de,Barcelona.,+
156,Per,"tant,",els,nou,membres,de,la,candidatura,de,Joaquim,de,Miquel,seran,nomenades,diputats,de,la,Junta,de,Govern,de,el,Col·legi,d'Advocats,de,Barcelona.,-
157,Un,grup,de,voluntaris,de,el,Baix,"Empordà,",encapçalats,per,el,mossèn,de,la,parròquia,de,Sant,Joan,de,"Palamós,",han,creat,l'Associació,Germans,Sense,"Fronteres,",que,acollirà,desinteressadament,'tota,classe,de,persones,desemparades,de,la,societat,que,necessitin,un,lloc,d'acolliment'.,+
158,Un,grup,de,voluntaris,de,el,Baix,"Empordà,",encapçalats,per,el,mossèn,de,la,parròquia,de,Sant,Joan,de,"Palamós,",han,creada,l'Associació,Germans,Sense,"Fronteres,",que,acollirà,desinteressadament,'tota,classe,de,persones,desemparades,de,la,societat,que,necessitin,un,lloc,d'acolliment'.,-
159,"Igualment,",el,treballador,que,ha,estat,testimoni,de,l'accident,ha,comentat,que,el,conductor,s'ha,estavellat,primer,contra,la,maquinària,i,els,"homes,",ha,donat,una,volta,de,"campana,",i,després,ha,fet,marxa,enrere,i,s'ha,donat,a,la,fuga.,+
160,"Igualment,",el,treballador,que,ha,estat,testimoni,de,l'accident,ha,comentada,que,el,conductor,s'ha,estavellat,primer,contra,la,maquinària,i,els,"homes,",ha,donat,una,volta,de,"campana,",i,després,ha,fet,marxa,enrere,i,s'ha,donat,a,la,fuga.,-
161,Liz,Hurley,també,ha,vist,com,el,seu,augment,de,pes,ha,estat,atribuït,a,una,gestació.,+
162,Liz,Hurley,també,ha,vist,com,el,seu,augment,de,pes,ha,estat,atribuïda,a,una,gestació.,-
163,Per,facilitar,"l'acord,",el,portaveu,socialista,a,la,Comissió,d'Afers,"Estrangers,",Manuel,"Marín,",ha,renunciat,a,sol·licitar,les,dades,de,"l'Armada,",classificades,com,a,"secret,",que,demostren,que,el,submarí,va,navegar,avariat,per,el,litoral,espanyol,durant,quatre,dies.,+
164,Per,facilitar,"l'acord,",el,portaveu,socialista,a,la,Comissió,d'Afers,"Estrangers,",Manuel,"Marín,",ha,renunciada,a,sol·licitar,les,dades,de,"l'Armada,",classificades,com,a,"secret,",que,demostren,que,el,submarí,va,navegar,avariat,per,el,litoral,espanyol,durant,quatre,dies.,-
165,La,responsable,de,política,lingüística,d'ERC,també,ha,demanat,que,a,el,País,Valencià,es,reconeguin,les,titulacions,de,català,de,la,resta,de,el,domini,lingüístic,de,els,Països,Catalans.,+
166,La,responsable,de,política,lingüística,d'ERC,també,ha,demanada,que,a,el,País,Valencià,es,reconeguin,les,titulacions,de,català,de,la,resta,de,el,domini,lingüístic,de,els,Països,Catalans.,-
167,En,declaracions,a,els,periodistes,després,de,reunir,se,amb,el,president,de,el,parlament,"català,",Joan,"Rigol,",Rudi,ha,admès,que,"""sempre",hi,ha,divergències,quan,determinats,elements,històrics,han,estat,traslladats,de,el,seu,lloc,"d'origen"".",+
168,En,declaracions,a,els,periodistes,després,de,reunir,se,amb,el,president,de,el,parlament,"català,",Joan,"Rigol,",Rudi,ha,admès,que,"""sempre",hi,ha,divergències,quan,determinats,elements,històrics,han,estat,traslladades,de,el,seu,lloc,"d'origen"".",-
169,"Però,",un,cop,hagi,fet,aquesta,diagnosi,emetrà,un,"dictamen,",que,se,sotmetrà,a,una,"votació,",i,el,resultat,d'aquesta,votació,serà,assumit,per,tothom,i,tothom,treballarà,a,el,costat,de,la,direcció.,+
170,"Però,",un,cop,hagi,fet,aquesta,diagnosi,emetrà,un,"dictamen,",que,se,sotmetrà,a,una,"votació,",i,el,resultat,d'aquesta,votació,serà,assumida,per,tothom,i,tothom,treballarà,a,el,costat,de,la,direcció.,-
171,El,president,de,la,Cambra,de,Comerç,també,ha,parlat,de,la,inversió,empresarial,catalana,en,els,camps,de,la,"recerca,",la,investigació,i,el,desenvolupament.,+
172,El,president,de,la,Cambra,de,Comerç,també,ha,parlada,de,la,inversió,empresarial,catalana,en,els,camps,de,la,"recerca,",la,investigació,i,el,desenvolupament.,-
173,El,projecte,"governamental,",elaborat,per,iniciativa,de,l'exministra,d'Ocupació,i,Afers,Socials,Martine,"Aubry,",va,ser,defensat,per,la,seva,"successora,",Elisabeth,"Guigou,",que,va,explicar,que,abans,que,res,"""es",tracta,de,prevenir,els,embarassos,no,desitjats,assegurant,un,millor,accés,a,la,"contracepció"".",+
174,El,projecte,"governamental,",elaborat,per,iniciativa,de,l'exministra,d'Ocupació,i,Afers,Socials,Martine,"Aubry,",va,ser,defensada,per,la,seva,"successora,",Elisabeth,"Guigou,",que,va,explicar,que,abans,que,res,"""es",tracta,de,prevenir,els,embarassos,no,desitjats,assegurant,un,millor,accés,a,la,"contracepció"".",-
175,No,obstant,"això,",segons,el,portaveu,"pacifista,","""el",jutge,que,estudiava,el,"cas,",José,Alfonso,"Tello,",de,el,jutjat,de,guàrdia,número,"23,",encara,no,havia,decretat,la,seva,"detenció"".",+
176,No,obstant,"això,",segons,el,portaveu,"pacifista,","""el",jutge,que,estudiava,el,"cas,",José,Alfonso,"Tello,",de,el,jutjat,de,guàrdia,número,"23,",encara,no,havia,decretada,la,seva,"detenció"".",-
177,L'aeroport,de,el,Prat,ha,superat,per,segona,vegada,en,la,seva,història,la,barrera,de,dos,milions,de,passatgers,en,només,un,mes.,+
178,L'aeroport,de,el,Prat,ha,superada,per,segona,vegada,en,la,seva,història,la,barrera,de,dos,milions,de,passatgers,en,només,un,mes.,-
179,Els,membres,de,el,CAC,seran,"elegits,",amb,tota,"probabilitat,",a,el,ple,de,el,pròxim,dia,7,de,"juny,",després,que,el,grup,socialista,bloquegés,la,seva,elecció,la,setmana,"passada,",malgrat,que,havia,pactat,els,noms,amb,la,resta,de,grups.,+
180,Els,membres,de,el,CAC,seran,"elegides,",amb,tota,"probabilitat,",a,el,ple,de,el,pròxim,dia,7,de,"juny,",després,que,el,grup,socialista,bloquegés,la,seva,elecció,la,setmana,"passada,",malgrat,que,havia,pactat,els,noms,amb,la,resta,de,grups.,-
181,Aquest,mamífer,de,cua,tan,llarga,(45,centímetres),com,la,resta,de,el,cos,va,ser,introduït,a,la,Península,per,els,àrabs,com,a,animal,"domèstic,",però,amb,el,pas,de,els,segles,s'ha,acabat,assilvestrant.,+
182,Aquest,mamífer,de,cua,tan,llarga,(45,centímetres),com,la,resta,de,el,cos,va,ser,introduïda,a,la,Península,per,els,àrabs,com,a,animal,"domèstic,",però,amb,el,pas,de,els,segles,s'ha,acabat,assilvestrant.,-
183,L'abril,s'ha,convertit,en,el,segon,mes,d'aquest,any,que,ha,acabat,amb,pèrdues,-,"l'1,15%",_.,+
184,L'abril,s'ha,convertida,en,el,segon,mes,d'aquest,any,que,ha,acabat,amb,pèrdues,-,"l'1,15%",_.,-
185,L'exdirector,general,d'Ocupació,de,el,Departament,de,Treball,de,la,Generalitat,Lluís,Gavaldà,ha,fitxat,per,la,concessionària,d'autopistes,Acesa,com,a,assessor,per,elaborar,diversos,estudis,per,a,aquesta,companyia.,+
186,L'exdirector,general,d'Ocupació,de,el,Departament,de,Treball,de,la,Generalitat,Lluís,Gavaldà,ha,fitxada,per,la,concessionària,d'autopistes,Acesa,com,a,assessor,per,elaborar,diversos,estudis,per,a,aquesta,companyia.,-
187,El,cap,de,llista,d'ERC-EV,a,"Lleida,",Xavier,"Sàez,",ha,criticat,aquesta,tarda,que,el,PSC,'intenti,embrutar,aquest,final,de,campanya',amb,les,denúncies,que,ha,presentat,contra,pancartes,d'altres,"partits,",també,"ERC-EV,",per,estar,situades,en,llocs,no,autoritzats,per,la,Junta,Electoral.,+
188,El,cap,de,llista,d'ERC-EV,a,"Lleida,",Xavier,"Sàez,",ha,criticada,aquesta,tarda,que,el,PSC,'intenti,embrutar,aquest,final,de,campanya',amb,les,denúncies,que,ha,presentat,contra,pancartes,d'altres,"partits,",també,"ERC-EV,",per,estar,situades,en,llocs,no,autoritzats,per,la,Junta,Electoral.,-
189,L'accident,de,l'avió,espanyol,que,es,va,estavellar,el,25,de,setembre,passat,prop,de,"Melilla,",que,va,costar,la,vida,a,38,"persones,",no,va,ser,provocat,per,fallades,"tècniques,",segons,la,comissió,d'investigació,encarregada,de,buscar,les,causes,de,el,sinistre.,+
190,L'accident,de,l'avió,espanyol,que,es,va,estavellar,el,25,de,setembre,passat,prop,de,"Melilla,",que,va,costar,la,vida,a,38,"persones,",no,va,ser,provocada,per,fallades,"tècniques,",segons,la,comissió,d'investigació,encarregada,de,buscar,les,causes,de,el,sinistre.,-
191,Un,informe,elaborat,per,els,tècnics,de,el,Consell,Comarcal,arran,de,els,resultats,d'una,enquesta,sobre,el,funcionament,de,els,'track',durant,els,mesos,"d'agost,",setembre,i,"octubre,",ha,donat,a,conèixer,que,nou,de,cada,deu,de,els,300,usuaris,de,'track',que,hi,ha,a,la,comarca,estan,descontents,amb,el,funcionament.,+
192,Un,informe,elaborat,per,els,tècnics,de,el,Consell,Comarcal,arran,de,els,resultats,d'una,enquesta,sobre,el,funcionament,de,els,'track',durant,els,mesos,"d'agost,",setembre,i,"octubre,",ha,donada,a,conèixer,que,nou,de,cada,deu,de,els,300,usuaris,de,'track',que,hi,ha,a,la,comarca,estan,descontents,amb,el,funcionament.,-
193,El,jurat,d'aquests,premis,ha,estat,format,per,una,Comissió,"d'Avaluació,",integrada,per,un,representant,de,el,Departament,d'Indústria,",",Comerç,i,Turisme,de,la,"Generalitat,",un,representant,de,el,"CIDEM,",i,un,altre,de,el,Centre,Català,de,la,Qualitat.,+
194,El,jurat,d'aquests,premis,ha,estat,formada,per,una,Comissió,"d'Avaluació,",integrada,per,un,representant,de,el,Departament,d'Indústria,",",Comerç,i,Turisme,de,la,"Generalitat,",un,representant,de,el,"CIDEM,",i,un,altre,de,el,Centre,Català,de,la,Qualitat.,-
195,Un,incendi,que,s'ha,declarat,aquesta,tarda,a,el,costat,de,la,via,de,el,tren,a,el,terme,municipal,de,"Vinaixa,",ha,provocat,l'aturada,de,dos,trens,regionals,en,ambdues,direccions.,+
196,Un,incendi,que,s'ha,declarat,aquesta,tarda,a,el,costat,de,la,via,de,el,tren,a,el,terme,municipal,de,"Vinaixa,",ha,provocada,l'aturada,de,dos,trens,regionals,en,ambdues,direccions.,-
197,Jové,ha,dit,que,el,nou,emplaçament,de,el,festival,a,l'aire,lliure,a,la,Plaça,de,la,Sardana,de,la,Seu,Vella,ha,contribuït,a,l'increment,de,"públic,",que,enguany,ha,superat,les,2.000,persones.,+
198,Jové,ha,dit,que,el,nou,emplaçament,de,el,festival,a,l'aire,lliure,a,la,Plaça,de,la,Sardana,de,la,Seu,Vella,ha,contribuïda,a,l'increment,de,"públic,",que,enguany,ha,superat,les,2.000,persones.,-
199,El,membre,de,l'executiva,permanent,d'Unió,de,"Pagesos,",Josep,"Suñé,",ha,dit,que,el,pla,de,seguretat,rural,no,ha,funcionat,i,que,han,estat,a,punt,d'abandonar,lo,.,+
200,El,membre,de,l'executiva,permanent,d'Unió,de,"Pagesos,",Josep,"Suñé,",ha,dit,que,el,pla,de,seguretat,rural,no,ha,funcionada,i,que,han,estat,a,punt,d'abandonar,lo,.,-
201,En,declaracions,a,els,"periodistes,",Termes,ha,admès,que,ha,existit,una,"""mica",de,"retard""",a,l'hora,de,poder,finalitzar,i,entregar,aquest,"informe,",cosa,que,ha,justificat,perquè,la,Sindicatura,rep,altres,encàrrecs,de,el,Parlament,"""i",tot,el,que,ens,demanen,no,ho,podem,"fer"".",+
202,En,declaracions,a,els,"periodistes,",Termes,ha,admès,que,ha,existida,una,"""mica",de,"retard""",a,l'hora,de,poder,finalitzar,i,entregar,aquest,"informe,",cosa,que,ha,justificat,perquè,la,Sindicatura,rep,altres,encàrrecs,de,el,Parlament,"""i",tot,el,que,ens,demanen,no,ho,podem,"fer"".",-
203,Aquesta,tarda,s'ha,presentat,a,la,seu,de,la,Fundació,a,Lleida,el,material,de,el,"programa,",que,inclou,un,vídeo,a,partir,de,el,qual,s'organitzen,els,tallers,per,practicar,la,compravenda,i,altres,accions,quotidianes,prescindint,de,la,comparació,amb,l'antiga,moneda.,+
204,Aquesta,tarda,s'ha,presentada,a,la,seu,de,la,Fundació,a,Lleida,el,material,de,el,"programa,",que,inclou,un,vídeo,a,partir,de,el,qual,s'organitzen,els,tallers,per,practicar,la,compravenda,i,altres,accions,quotidianes,prescindint,de,la,comparació,amb,l'antiga,moneda.,-
205,A,"més,",s'ha,posat,en,marxa,una,web,amb,informació,sobre,el,casal,a,l'adreça,www.estaciojove.org.,+
206,A,"més,",s'ha,posada,en,marxa,una,web,amb,informació,sobre,el,casal,a,l'adreça,www.estaciojove.org.,-
207,La,"mostra,",que,durarà,de,l'1,a,el,30,de,"març,",reflexa,la,resposta,solidària,que,ha,activat,arreu,de,la,península,aquest,desastre,ecològic.,+
208,La,"mostra,",que,durarà,de,l'1,a,el,30,de,"març,",reflexa,la,resposta,solidària,que,ha,activada,arreu,de,la,península,aquest,desastre,ecològic.,-
209,Segons,ha,explicat,l'alcalde,de,"Salt,",Jaume,"Torramadé,",s'ha,inclòs,en,la,nova,ordenació,de,el,municipi,tot,el,sector,que,queda,per,sota,de,el,vial,sud,com,a,zona,urbanitzable.,+
210,Segons,ha,explicat,l'alcalde,de,"Salt,",Jaume,"Torramadé,",s'ha,inclosa,en,la,nova,ordenació,de,el,municipi,tot,el,sector,que,queda,per,sota,de,el,vial,sud,com,a,zona,urbanitzable.,-
211,En,la,seva,"fugida,","però,",feia,saltar,espurnes,a,el,seu,"pas,",i,això,ha,despertat,les,sospites,d'una,dotació,de,els,Mossos,"d'Esquadra,",segons,ha,explicat,a,la,cadena,de,ràdio,el,"treballador,",que,ha,estat,qui,ha,alertat,la,policia,local,per,procedir,a,la,persecució,i,detenció,de,el,conductor,homicida.,+
212,En,la,seva,"fugida,","però,",feia,saltar,espurnes,a,el,seu,"pas,",i,això,ha,despertat,les,sospites,d'una,dotació,de,els,Mossos,"d'Esquadra,",segons,ha,explicada,a,la,cadena,de,ràdio,el,"treballador,",que,ha,estat,qui,ha,alertat,la,policia,local,per,procedir,a,la,persecució,i,detenció,de,el,conductor,homicida.,-
213,Segons,les,dades,facilitades,per,el,"CODE,",durant,la,campanya,2000,s'han,tractat,un,total,de,457,"focus,",amb,un,increment,de,el,"74,42",per,cent,respecte,a,els,262,focus,tractats,l'any,anterior.,+
214,Segons,les,dades,facilitades,per,el,"CODE,",durant,la,campanya,2000,s'han,tractada,un,total,de,457,"focus,",amb,un,increment,de,el,"74,42",per,cent,respecte,a,els,262,focus,tractats,l'any,anterior.,-
215,Això,significa,que,respecte,a,l'any,"1999,",s'havia,incrementat,en,un,"1,1",per,cent,el,nombre,"d'accidents,",un,"0,3",per,cent,el,nombre,de,morts,a,les,carreteres,i,un,"18,4",per,cent,el,nombre,de,ferits,lleus.,+
216,Això,significa,que,respecte,a,l'any,"1999,",s'havia,incrementada,en,un,"1,1",per,cent,el,nombre,"d'accidents,",un,"0,3",per,cent,el,nombre,de,morts,a,les,carreteres,i,un,"18,4",per,cent,el,nombre,de,ferits,lleus.,-
217,El,director,de,el,"MMVV,",Carles,"Sala,",ha,indicat,que,de,el,programa,anunciat,fa,uns,mesos,només,s'ha,donat,de,baixa,el,grup,cubà,Manolito,y,Su,"Trabuco,",a,causa,de,problemes,amb,els,visats.,+
218,El,director,de,el,"MMVV,",Carles,"Sala,",ha,indicat,que,de,el,programa,anunciat,fa,uns,mesos,només,s'ha,donada,de,baixa,el,grup,cubà,Manolito,y,Su,"Trabuco,",a,causa,de,problemes,amb,els,visats.,-
219,Scotland,Yard,calcula,que,van,ser,enviats,per,correu,uns,16,paquets,amb,aquest,contingut,altament,perillós,per,a,la,salut.,+
220,Scotland,Yard,calcula,que,van,ser,enviades,per,correu,uns,16,paquets,amb,aquest,contingut,altament,perillós,per,a,la,salut.,-
221,Per,celebrar,aquest,quart,de,"segle,",la,"Diputació,",segons,ha,manifestat,el,seu,"vicepresident,",Joan,Bagué,'vol,posar,a,l'abast,de,tots,els,gironins,i,gironines,aquesta,mostra,de,l'obra,de,"Bertrana,",un,escriptor,i,pintor,molt,vinculat,amb,les,comarques,gironines'.,+
222,Per,celebrar,aquest,quart,de,"segle,",la,"Diputació,",segons,ha,manifestada,el,seu,"vicepresident,",Joan,Bagué,'vol,posar,a,l'abast,de,tots,els,gironins,i,gironines,aquesta,mostra,de,l'obra,de,"Bertrana,",un,escriptor,i,pintor,molt,vinculat,amb,les,comarques,gironines'.,-
223,Així,"mateix,",s'ha,fabricat,ja,un,primer,prototip,de,nevera,magnètica,basada,totalment,en,l'efecte,magnetocalòric,i,que,respon,a,els,cànons,ecològics,més,estrictes.,+
224,Així,"mateix,",s'ha,fabricada,ja,un,primer,prototip,de,nevera,magnètica,basada,totalment,en,l'efecte,magnetocalòric,i,que,respon,a,els,cànons,ecològics,més,estrictes.,-
225,Ha,tingut,una,especial,rellevància,l'ascens,de,Día,a,día,i,Crónicas,"marcianas,",que,gràcies,a,incloure,escenes,de,Gran,hermano,han,batut,a,el,maig,el,seu,propi,"rècord,",amb,el,"31,5%",i,el,"39,7%",de,share,respectivament.,+
226,Ha,tinguda,una,especial,rellevància,l'ascens,de,Día,a,día,i,Crónicas,"marcianas,",que,gràcies,a,incloure,escenes,de,Gran,hermano,han,batut,a,el,maig,el,seu,propi,"rècord,",amb,el,"31,5%",i,el,"39,7%",de,share,respectivament.,-
227,Durant,la,investigació,portada,a,terme,a,l'Audiència,Nacional,i,a,la,comissió,d'investigació,de,el,Congrés,ha,quedat,patent,el,rellevant,paper,de,el,secretari,de,la,CNMV,en,el,cas,Gescartera.,+
228,Durant,la,investigació,portada,a,terme,a,l'Audiència,Nacional,i,a,la,comissió,d'investigació,de,el,Congrés,ha,quedada,patent,el,rellevant,paper,de,el,secretari,de,la,CNMV,en,el,cas,Gescartera.,-
229,L'octubre,de,el,"1996,",el,diputat,d'Esquerra,Republicana,Josep,Portabella,va,"criticar,",en,una,interpel·lació,a,el,conseller,de,"Presidència,",Xavier,"Trias,",que,"""s'hagi",promogut,des,de,la,Generalitat,de,Catalunya,el,primer,servidor,d'informació,mundial,d'Internet,que,requereix,inexorablement,que,la,informació,estigui,en,"castellà"".",+
230,L'octubre,de,el,"1996,",el,diputat,d'Esquerra,Republicana,Josep,Portabella,va,"criticar,",en,una,interpel·lació,a,el,conseller,de,"Presidència,",Xavier,"Trias,",que,"""s'hagi",promoguda,des,de,la,Generalitat,de,Catalunya,el,primer,servidor,d'informació,mundial,d'Internet,que,requereix,inexorablement,que,la,informació,estigui,en,"castellà"".",-
231,Ortega,ha,volgut,lamentar,que,l'any,2003,hagi,començat,amb,dues,morts,i,ha,valorat,negativament,"que,",precisament,aquest,"dijous,",s'hagi,anunciat,un,nou,cas,a,l'Hospitalet,de,el,Llobregat.,+
232,Ortega,ha,volgut,lamentar,que,l'any,2003,hagi,començat,amb,dues,morts,i,ha,valorat,negativament,"que,",precisament,aquest,"dijous,",s'hagi,anunciada,un,nou,cas,a,l'Hospitalet,de,el,Llobregat.,-
233,Ha,acompanyat,el,conseller,el,delegat,de,"Música,",Carles,Sala.,+
234,Ha,acompanyada,el,conseller,el,delegat,de,"Música,",Carles,Sala.,-
235,Aquest,dilluns,s'ha,signat,el,primer,contracte,d'instal·lació,d'una,empresa,a,la,"ZAL-Prat,",que,correspon,a,la,multinacional,alemanya,"Schenker,",un,de,els,líders,mundials,en,serveis,logístics.,+
236,Aquest,dilluns,s'ha,signada,el,primer,contracte,d'instal·lació,d'una,empresa,a,la,"ZAL-Prat,",que,correspon,a,la,multinacional,alemanya,"Schenker,",un,de,els,líders,mundials,en,serveis,logístics.,-
237,La,qualitat,sanitària,de,les,platges,tarragonines,ha,estat,excel·lent,en,el,"94,4",per,cent,de,els,casos,i,bona,en,un,"4,2",per,"cent,",segons,les,dades,que,ha,presentat,aquest,dimecres,el,conseller,de,Medi,"Ambient,",Felip,Puig.,+
238,La,qualitat,sanitària,de,les,platges,tarragonines,ha,estat,excel·lent,en,el,"94,4",per,cent,de,els,casos,i,bona,en,un,"4,2",per,"cent,",segons,les,dades,que,ha,presentada,aquest,dimecres,el,conseller,de,Medi,"Ambient,",Felip,Puig.,-
239,"""Qualsevol",orquestra,bona,ha,de,ser,flexible,i,"polivalent"",",ha,afirmat,moltes,vegades,el,"músic,","que,",com,"Pendereki,",dirigeix,amb,l'esquerra.,+
240,"""Qualsevol",orquestra,bona,ha,de,ser,flexible,i,"polivalent"",",ha,afirmada,moltes,vegades,el,"músic,","que,",com,"Pendereki,",dirigeix,amb,l'esquerra.,-
241,El,PP,i,el,PSOE,van,consumar,ahir,la,marginació,de,els,nacionalistes,a,el,tancar,l'acord,de,el,nomenament,de,els,36,càrrecs,institucionals,de,el,Tribunal,Constitucional,"(TC),",el,Consell,General,de,el,Poder,Judicial,(CGPJ),i,el,Tribunal,de,Comptes,que,s'havien,de,renovar,perquè,s'havia,acabat,el,seu,mandat.,+
242,El,PP,i,el,PSOE,van,consumar,ahir,la,marginació,de,els,nacionalistes,a,el,tancar,l'acord,de,el,nomenament,de,els,36,càrrecs,institucionals,de,el,Tribunal,Constitucional,"(TC),",el,Consell,General,de,el,Poder,Judicial,(CGPJ),i,el,Tribunal,de,Comptes,que,s'havien,de,renovar,perquè,s'havia,acabada,el,seu,mandat.,-
243,Com,"si,",una,vegada,fet,el,pas,"irreversible,",ara,s'adonessin,que,amb,la,iniciativa,de,la,il·legalització,de,Batasuna,no,només,s'ha,obert,un,nou,curs,"polític,",sinó,que,s'ha,inaugurat,a,més,a,"més,",i,"sobretot,",una,nova,època,en,l'estratègia,de,la,lluita,contra,el,terrorisme,d'ETA.,+
244,Com,"si,",una,vegada,fet,el,pas,"irreversible,",ara,s'adonessin,que,amb,la,iniciativa,de,la,il·legalització,de,Batasuna,no,només,s'ha,oberta,un,nou,curs,"polític,",sinó,que,s'ha,inaugurat,a,més,a,"més,",i,"sobretot,",una,nova,època,en,l'estratègia,de,la,lluita,contra,el,terrorisme,d'ETA.,-
245,Una,vegada,complert,el,primer,"acte,",els,jugadors,de,el,Recreativo,van,sortir,disposats,a,fer,por,a,els,seus,joves,rivals.,+
246,Una,vegada,complerta,el,primer,"acte,",els,jugadors,de,el,Recreativo,van,sortir,disposats,a,fer,por,a,els,seus,joves,rivals.,-
247,En,els,últims,anys,s'han,transferit,un,bon,nombre,de,competències,a,la,Val,a,través,de,la,Comissió,de,Traspassos,Generalitat-Conselh.,+
248,En,els,últims,anys,s'han,transferida,un,bon,nombre,de,competències,a,la,Val,a,través,de,la,Comissió,de,Traspassos,Generalitat-Conselh.,-
249,El,Kinder,Bolonya,es,va,situar,ahir,a,un,sol,pas,de,el,títol,de,l'Eurolliga,un,cop,aconseguit,un,contundent,triomf,a,Vitòria,contra,el,Tau,"(60-80),",que,va,deixar,els,jugadors,de,Dusko,Ivanovic,molt,tocats.,+
250,El,Kinder,Bolonya,es,va,situar,ahir,a,un,sol,pas,de,el,títol,de,l'Eurolliga,un,cop,aconseguida,un,contundent,triomf,a,Vitòria,contra,el,Tau,"(60-80),",que,va,deixar,els,jugadors,de,Dusko,Ivanovic,molt,tocats.,-
251,Des,de,la,Universitat,s'ha,destacat,l''èxit,rotund',de,la,"convocatòria,",ja,que,s'hi,han,presentat,138,treballs,des,de,45,centres,de,les,demarcacions,de,"Barcelona,",Girona,i,"Lleida,",procedents,de,12,"comarques,",vuit,més,que,l'any,passat.,+
252,Des,de,la,Universitat,s'ha,destacada,l''èxit,rotund',de,la,"convocatòria,",ja,que,s'hi,han,presentat,138,treballs,des,de,45,centres,de,les,demarcacions,de,"Barcelona,",Girona,i,"Lleida,",procedents,de,12,"comarques,",vuit,més,que,l'any,passat.,-
253,El,risc,de,restriccions,en,el,consum,domèstic,es,pot,considerar,gairebé,mínim,"',",ha,afirmat,aquest,dimecres,el,cap,de,relacions,institucionals,de,l'Agència,Catalana,de,l'Aigua,"(ACA),",Carles,Ribas.,+
254,El,risc,de,restriccions,en,el,consum,domèstic,es,pot,considerar,gairebé,mínim,"',",ha,afirmada,aquest,dimecres,el,cap,de,relacions,institucionals,de,l'Agència,Catalana,de,l'Aigua,"(ACA),",Carles,Ribas.,-
255,"""S'ha",restaurat,el,"recinte,",i,ara,es,farà,el,mateix,amb,els,"panteons"".",+
256,"""S'ha",restaurada,el,"recinte,",i,ara,es,farà,el,mateix,amb,els,"panteons"".",-
257,Hansen,ha,explicat,que,s'ha,alterat,lleument,l'ordre,d'algunes,escenes,i,s'ha,treballat,el,passat,de,les,germanes,per,tal,de,millorar,la,dramatúrgia.,+
258,Hansen,ha,explicat,que,s'ha,alterada,lleument,l'ordre,d'algunes,escenes,i,s'ha,treballat,el,passat,de,les,germanes,per,tal,de,millorar,la,dramatúrgia.,-
259,El,reconeixement,per,totes,les,persones,que,van,posar,en,marxa,Expobages,ha,centrat,l'acte,inaugural,de,la,vintena,edició,"d'Expobages,",que,ha,presidit,aquest,migdia,el,conseller,de,la,Presidència,de,la,"Generalitat,",Joaquim,Triadú.,+
260,El,reconeixement,per,totes,les,persones,que,van,posar,en,marxa,Expobages,ha,centrat,l'acte,inaugural,de,la,vintena,edició,"d'Expobages,",que,ha,presidida,aquest,migdia,el,conseller,de,la,Presidència,de,la,"Generalitat,",Joaquim,Triadú.,-
261,Com,que,només,ha,pujat,un,equip,"català,",l'Andorra,baixa,a,Primera,Catalana.,+
262,Com,que,només,ha,pujada,un,equip,"català,",l'Andorra,baixa,a,Primera,Catalana.,-
263,'Clos,va,fer,de,teloner,de,Zapatero,i,això,demostra,la,submissió,de,el,PSC,a,el,PSOE',continua,Xavier,Trias,que,recorda,que,amb,l'acte,"d'avui,",on,només,ha,intervingut,"ell,",es,demostra,que,CiU,no,està,sotmès,a,ningú.,+
264,'Clos,va,fer,de,teloner,de,Zapatero,i,això,demostra,la,submissió,de,el,PSC,a,el,PSOE',continua,Xavier,Trias,que,recorda,que,amb,l'acte,"d'avui,",on,només,ha,intervinguda,"ell,",es,demostra,que,CiU,no,està,sotmès,a,ningú.,-
265,Per,aquest,motiu,s'ha,previst,un,gran,nombre,d'activitats,a,través,de,el,Departament,d'Ensenyament,de,la,Generalitat,que,centrarà,la,seva,tasca,en,l'ensenyament,obligatori.,+
266,Per,aquest,motiu,s'ha,prevista,un,gran,nombre,d'activitats,a,través,de,el,Departament,d'Ensenyament,de,la,Generalitat,que,centrarà,la,seva,tasca,en,l'ensenyament,obligatori.,-
267,La,seu,central,de,el,BSA,i,la,seva,oficina,principal,estan,situades,a,l'Avinguda,de,el,"Fener,",a,Andorra,La,"Vella,",i,segons,ha,afirmat,avui,el,seu,"president,",Robert,"Cassany,",aquest,projecte,és,"""l'aposta",per,un,model,de,banca,basat,en,el,tracte,personalitzat,i,les,solucions,a,"mida"".",+
268,La,seu,central,de,el,BSA,i,la,seva,oficina,principal,estan,situades,a,l'Avinguda,de,el,"Fener,",a,Andorra,La,"Vella,",i,segons,ha,afirmada,avui,el,seu,"president,",Robert,"Cassany,",aquest,projecte,és,"""l'aposta",per,un,model,de,banca,basat,en,el,tracte,personalitzat,i,les,solucions,a,"mida"".",-
269,Sàez,també,s'ha,volgut,desmarcar,de,el,model,de,ciutat,'especulatiu',"que,",segons,"ell,",ha,promogut,el,candidat,a,la,reelecció,per,el,"PSC,",Antoni,"Siurana,",i,ha,assegurat,que,'el,model,de,ciutat,republicana,que,defensem,és,molt,diferent'.,+
270,Sàez,també,s'ha,volgut,desmarcar,de,el,model,de,ciutat,'especulatiu',"que,",segons,"ell,",ha,promoguda,el,candidat,a,la,reelecció,per,el,"PSC,",Antoni,"Siurana,",i,ha,assegurat,que,'el,model,de,ciutat,republicana,que,defensem,és,molt,diferent'.,-
271,Però,no,s'acaba,aquí,la,febre,"maternal,",ja,que,en,l'àmbit,internacional,ha,entrat,en,el,bombo,de,les,especulacions,Pamela,"Anderson,",a,qui,després,d'una,reducció,de,mames,li,ha,tornat,a,créixer,el,pit.,+
272,Però,no,s'acaba,aquí,la,febre,"maternal,",ja,que,en,l'àmbit,internacional,ha,entrat,en,el,bombo,de,les,especulacions,Pamela,"Anderson,",a,qui,després,d'una,reducció,de,mames,li,ha,tornada,a,créixer,el,pit.,-
273,S'ha,utilitzat,el,riure,com,a,teràpia.,+
274,S'ha,utilitzada,el,riure,com,a,teràpia.,-
275,Per,prevenir,que,en,certs,centres,d'interès,informatiu,prohibeixin,l'entrada,de,els,seus,reporters,quan,apareguin,carregats,de,càmeres,i,"micròfons,",s'ha,decidit,dotar,los,d'unes,noves,"ulleres,",on,s'han,instal·lat,microcàmeres,a,el,pont,i,minúsculs,micròfons,en,una,de,les,patilles.,+
276,Per,prevenir,que,en,certs,centres,d'interès,informatiu,prohibeixin,l'entrada,de,els,seus,reporters,quan,apareguin,carregats,de,càmeres,i,"micròfons,",s'ha,decidit,dotar,los,d'unes,noves,"ulleres,",on,s'han,instal·lada,microcàmeres,a,el,pont,i,minúsculs,micròfons,en,una,de,les,patilles.,-
277,A,la,reunió,hi,ha,assistit,també,el,diputat,a,el,Congrés,de,el,PP,per,Lleida,José,Ignacio,Llorens.,+
278,A,la,reunió,hi,ha,assistida,també,el,diputat,a,el,Congrés,de,el,PP,per,Lleida,José,Ignacio,Llorens.,-
279,Especialment,crític,s'ha,mostrat,el,portaveu,de,el,grup,socialista,a,la,"corporació,",Joan,Manel,de,el,"Pozo,",qui,ha,utilitzat,un,símil,futbolístic,per,definir,l'actuació,d'ERC,en,el,pacte,de,govern,a,la,Diputació.,+
280,Especialment,crític,s'ha,mostrada,el,portaveu,de,el,grup,socialista,a,la,"corporació,",Joan,Manel,de,el,"Pozo,",qui,ha,utilitzat,un,símil,futbolístic,per,definir,l'actuació,d'ERC,en,el,pacte,de,govern,a,la,Diputació.,-
281,Xavier,Tamarit,està,pendent,de,celebració,de,judici,per,el,cas,de,pederàstia,de,el,Raval,de,Barcelona,i,Corbera,de,Llobregat,(Baix,"Llobregat),",que,està,assenyalat,per,a,el,proper,9,de,gener,de,"2001,",segons,ha,confirmat,avui,mateix,a,Intra-ACN,el,president,de,la,secció,desena,de,l'Audiència,de,"Barcelona,",Josep,Maria,Pijuan.,+
282,Xavier,Tamarit,està,pendent,de,celebració,de,judici,per,el,cas,de,pederàstia,de,el,Raval,de,Barcelona,i,Corbera,de,Llobregat,(Baix,"Llobregat),",que,està,assenyalat,per,a,el,proper,9,de,gener,de,"2001,",segons,ha,confirmada,avui,mateix,a,Intra-ACN,el,president,de,la,secció,desena,de,l'Audiència,de,"Barcelona,",Josep,Maria,Pijuan.,-
283,Ha,dominat,l'accent,espanyol,amb,la,Concha,d'Or,per,a,la,pel·lícula,d'Arturo,"Ripstein,",coproduïda,entre,Mèxic,i,Espanya;,el,premi,a,el,millor,actor,per,a,el,protagonista,de,Tinta,"roja,",feta,a,mitges,entre,el,Perú,i,"Espanya,",i,el,guardó,per,a,Carmen,Maura.,+
284,Ha,dominada,l'accent,espanyol,amb,la,Concha,d'Or,per,a,la,pel·lícula,d'Arturo,"Ripstein,",coproduïda,entre,Mèxic,i,Espanya;,el,premi,a,el,millor,actor,per,a,el,protagonista,de,Tinta,"roja,",feta,a,mitges,entre,el,Perú,i,"Espanya,",i,el,guardó,per,a,Carmen,Maura.,-
285,"""El",que,Caruana,acordi,amb,els,"pescadors,",si,els,serveix,a,aquests,per,"pescar,",nosaltres,estem,encantats,"""",-,va,afirmar,el,ministre,Matutes,abans,que,s'hagués,aconseguit,el,pacte,-.,+
286,"""El",que,Caruana,acordi,amb,els,"pescadors,",si,els,serveix,a,aquests,per,"pescar,",nosaltres,estem,encantats,"""",-,va,afirmar,el,ministre,Matutes,abans,que,s'hagués,aconseguida,el,pacte,-.,-
287,Segons,"CiU,",transcorreguts,deu,anys,des,de,l'aplicació,de,la,Llei,sobre,Trànsit,"actual,",les,xifres,demostren,que,no,és,suficient,i,ha,de,ser,millorada,ateses,les,dades,negatives,que,defineixen,l'Estat,espanyol,en,una,situació,poc,satisfactòria,en,matèria,de,seguretat,vial.,+
288,Segons,"CiU,",transcorregudes,deu,anys,des,de,l'aplicació,de,la,Llei,sobre,Trànsit,"actual,",les,xifres,demostren,que,no,és,suficient,i,ha,de,ser,millorada,ateses,les,dades,negatives,que,defineixen,l'Estat,espanyol,en,una,situació,poc,satisfactòria,en,matèria,de,seguretat,vial.,-
289,En,l'atac,van,ser,arrasats,80,edificis,de,el,centre,de,la,ciutat.,+
290,En,l'atac,van,ser,arrasades,80,edificis,de,el,centre,de,la,ciutat.,-
291,Segons,Ecologistes,en,"Acció,",'no,consta,que,s'hagi,donat,"avís,",ni,que,s'hagin,adoptat,mesures,en,relació,a,aquests,episodis'.,+
292,Segons,Ecologistes,en,"Acció,",'no,consta,que,s'hagi,donada,"avís,",ni,que,s'hagin,adoptat,mesures,en,relació,a,aquests,episodis'.,-
293,El,sector,de,la,Massana-II,de,Salt,entre,els,carrers,de,Països,"Catalans,",Pep,"Ventura,",Francesc,"Macià,",Prat,de,la,Riba,i,Folch,i,Torres,tindrà,un,parc,urbà,de,12.000,metres,"quadrats,",segons,ha,anunciat,avui,l'ajuntament,de,Salt.,+
294,El,sector,de,la,Massana-II,de,Salt,entre,els,carrers,de,Països,"Catalans,",Pep,"Ventura,",Francesc,"Macià,",Prat,de,la,Riba,i,Folch,i,Torres,tindrà,un,parc,urbà,de,12.000,metres,"quadrats,",segons,ha,anunciada,avui,l'ajuntament,de,Salt.,-
295,El,jugador,francès,va,rebre,un,cop,pocs,minuts,després,d'haver,se,iniciat,"l'enfrontament,",però,va,seguir,a,el,camp,fins,que,va,ser,substituït,en,el,minut,67.,+
296,El,jugador,francès,va,rebre,un,cop,pocs,minuts,després,d'haver,se,iniciada,"l'enfrontament,",però,va,seguir,a,el,camp,fins,que,va,ser,substituït,en,el,minut,67.,-
297,D'altra,"banda,",s'ha,creat,l'apartat,anomenat,"'mainada-peques-kids',",dedicat,a,els,diabètics,més,joves.,+
298,D'altra,"banda,",s'ha,creada,l'apartat,anomenat,"'mainada-peques-kids',",dedicat,a,els,diabètics,més,joves.,-
299,Encara,no,ha,sortit,el,concurs,públic,per,renovar,els,equips.,+
300,Encara,no,ha,sortida,el,concurs,públic,per,renovar,els,equips.,-
301,Els,afectats,aproven,els,canvis,que,ha,introduït,l'últim,"projecte,",però,segueixen,carregant,contra,les,dues,noves,portes,"laterals,",que,el,"""convertiran",en,una,"plaça"".",+
302,Els,afectats,aproven,els,canvis,que,ha,introduïda,l'últim,"projecte,",però,segueixen,carregant,contra,les,dues,noves,portes,"laterals,",que,el,"""convertiran",en,una,"plaça"".",-
303,López,Bulla,considera,que,malgrat,el,compromís,de,el,"conseller,",en,aquests,mesos,'no,s'ha,millorat,res',i,considera,que,el,fet,que,el,SCC,no,estigui,connectat,amb,l'INEM,és,un,exemple,de,la,situació.,+
304,López,Bulla,considera,que,malgrat,el,compromís,de,el,"conseller,",en,aquests,mesos,'no,s'ha,millorada,res',i,considera,que,el,fet,que,el,SCC,no,estigui,connectat,amb,l'INEM,és,un,exemple,de,la,situació.,-
305,Per,primera,vegada,en,el,Màster,"espanyol,",que,ha,passat,a,ser,patrocinat,per,la,marca,de,tabac,"Nobel,",s'ha,eliminat,el,sistema,de,lligueta,i,es,disputarà,per,eliminació,directa.,+
306,Per,primera,vegada,en,el,Màster,"espanyol,",que,ha,passat,a,ser,patrocinat,per,la,marca,de,tabac,"Nobel,",s'ha,eliminada,el,sistema,de,lligueta,i,es,disputarà,per,eliminació,directa.,-
307,La,lluita,de,classes,ha,quedat,"clausurada,",i,a,el,primer,ministre,"britànic,",senyor,Tony,"Blair,",li,ha,tocat,tancar,un,període,"històric,",que,fa,més,d'un,segle,va,declarar,inaugurat,el,senyor,Karl,Marx.,+
308,La,lluita,de,classes,ha,quedat,"clausurada,",i,a,el,primer,ministre,"britànic,",senyor,Tony,"Blair,",li,ha,tocat,tancar,un,període,"històric,",que,fa,més,d'un,segle,va,declarar,inaugurada,el,senyor,Karl,Marx.,-
309,Segons,el,"TSJC,",en,una,sentència,a,la,qual,ha,tingut,accés,"Intra-ACN,",no,hi,havia,efectivament,cap,urgència,vital,per,a,la,pacient,en,tant,que,no,es,va,practicar,cap,intervenció,quirúrgica,fins,transcorregut,més,d'un,mes,des,que,va,acudir,a,la,sanitat,pública.,+
310,Segons,el,"TSJC,",en,una,sentència,a,la,qual,ha,tingut,accés,"Intra-ACN,",no,hi,havia,efectivament,cap,urgència,vital,per,a,la,pacient,en,tant,que,no,es,va,practicar,cap,intervenció,quirúrgica,fins,transcorreguda,més,d'un,mes,des,que,va,acudir,a,la,sanitat,pública.,-
311,D'aquesta,"manera,",pensa,que,"""fins",que,no,s'ha,posat,tothom,a,el,seu,"lloc""",no,ha,tornat,a,prendre,el,camí,històric,que,suposen,les,42,edicions,que,té,darrere,el,guardó,novel·lístic.,+
312,D'aquesta,"manera,",pensa,que,"""fins",que,no,s'ha,posada,tothom,a,el,seu,"lloc""",no,ha,tornat,a,prendre,el,camí,històric,que,suposen,les,42,edicions,que,té,darrere,el,guardó,novel·lístic.,-
313,Pel,que,fa,a,el,compliment,de,les,mesures,que,l'Administració,ha,d'aplicar,un,cop,s'ha,detectat,un,episodi,de,"contaminació,",Ecologistes,en,Acció,considera,'urgent',organitzar,els,protocols,'que,permetin,informar,o,alertar,la,població,i,prendre,les,mesures,necessàries,per,a,que,aquests,episodis,no,es,tornin,a,repetir'.,+
314,Pel,que,fa,a,el,compliment,de,les,mesures,que,l'Administració,ha,d'aplicar,un,cop,s'ha,detectada,un,episodi,de,"contaminació,",Ecologistes,en,Acció,considera,'urgent',organitzar,els,protocols,'que,permetin,informar,o,alertar,la,població,i,prendre,les,mesures,necessàries,per,a,que,aquests,episodis,no,es,tornin,a,repetir'.,-
315,En,el,cas,de,la,"Garrotxa,",encara,no,s'ha,establert,cap,contacte,sobre,aquesta,qüestió.,+
316,En,el,cas,de,la,"Garrotxa,",encara,no,s'ha,establerta,cap,contacte,sobre,aquesta,qüestió.,-
317,El,conseller,de,"Governació,",Josep,Antoni,Duran,"Lleida,",ha,celebrat,avui,que,s'hagi,desbloquejat,el,consens,sobre,el,Consell,Audiovisual,de,Catalunya,(CAC),en,sumar,s,hi,el,líder,"socialista,",Pasqual,"Maragall,","""encara",que,les,circumstàncies,siguin,exactament,les,mateixes,que,la,setmana,"passada"".",+
318,El,conseller,de,"Governació,",Josep,Antoni,Duran,"Lleida,",ha,celebrat,avui,que,s'hagi,desbloquejada,el,consens,sobre,el,Consell,Audiovisual,de,Catalunya,(CAC),en,sumar,s,hi,el,líder,"socialista,",Pasqual,"Maragall,","""encara",que,les,circumstàncies,siguin,exactament,les,mateixes,que,la,setmana,"passada"".",-
319,El,23,de,març,"passat,",Dumas,va,dimitir,temporalment,de,el,càrrec,com,a,president,de,el,Constitucional,en,vista,de,l'amplitud,que,havia,adquirit,l'escàndol.,+
320,El,23,de,març,"passat,",Dumas,va,dimitir,temporalment,de,el,càrrec,com,a,president,de,el,Constitucional,en,vista,de,l'amplitud,que,havia,adquirida,l'escàndol.,-
321,La,nova,"fórmula,",va,dir,",",es,pot,derivar,"""de",el,desenvolupament,"conseqüent""",de,la,Carta,"Magna,",però,"""arribat",el,moment,necessitarà,ser,"reformada"".",+
322,La,nova,"fórmula,",va,dir,",",es,pot,derivar,"""de",el,desenvolupament,"conseqüent""",de,la,Carta,"Magna,",però,"""arribada",el,moment,necessitarà,ser,"reformada"".",-
323,El,Fossar,de,les,Moreres,és,l'antic,cementiri,de,la,basílica,de,Santa,Maria,de,el,"Mar,",on,van,ser,enterrats,els,barcelonins,que,van,morir,en,la,defensa,de,la,ciutat,el,"1714,",assetjada,per,les,tropes,borbòniques,durant,la,Guerra,de,Successió.,+
324,El,Fossar,de,les,Moreres,és,l'antic,cementiri,de,la,basílica,de,Santa,Maria,de,el,"Mar,",on,van,ser,enterrades,els,barcelonins,que,van,morir,en,la,defensa,de,la,ciutat,el,"1714,",assetjada,per,les,tropes,borbòniques,durant,la,Guerra,de,Successió.,-
325,Tot,i,"així,",el,regidor,ha,reconegut,que,es,tracta,d'una,qüestió,molt,complexa,i,sobre,la,que,no,s'ha,debatut,res.,+
326,Tot,i,"així,",el,regidor,ha,reconegut,que,es,tracta,d'una,qüestió,molt,complexa,i,sobre,la,que,no,s'ha,debatuda,res.,-
327,Segons,ha,"dit,","""si",aquesta,trucada,l'hagués,fet,qualsevol,persona,de,el,"carrer,",no,hauria,passat,això:,s'hauria,actuat,com,en,un,típic,cas,de,violència,"domèstica"".",+
328,Segons,ha,"dit,","""si",aquesta,trucada,l'hagués,fet,qualsevol,persona,de,el,"carrer,",no,hauria,passada,això:,s'hauria,actuat,com,en,un,típic,cas,de,violència,"domèstica"".",-
329,Un,cop,mesurat,el,"peix,",van,comprovar,que,era,de,tall,inferior,a,l'exigit,i,van,intervenir,2.490,kg.,de,"cloïssa,",valorats,en,uns,"2,5",milions,de,pessetes.,+
330,Un,cop,mesurada,el,"peix,",van,comprovar,que,era,de,tall,inferior,a,l'exigit,i,van,intervenir,2.490,kg.,de,"cloïssa,",valorats,en,uns,"2,5",milions,de,pessetes.,-
331,En,un,comunicat,fet,públic,"avui,",l'Ajuntament,afirma,que,ha,ofert,a,"CCOO,","""a",la,qual,pertanyen,alguns,de,els,"manifestants"",",la,possibilitat,d'un,"arbitratge,",d'equitat,o,"jurídic,",per,determinar,si,les,sancions,aplicades,per,esdeveniments,d'aquestes,característiques,són,"correctes,",oferta,a,la,qual,s'ha,oposat,aquest,sindicat.,+
332,En,un,comunicat,fet,públic,"avui,",l'Ajuntament,afirma,que,ha,ofert,a,"CCOO,","""a",la,qual,pertanyen,alguns,de,els,"manifestants"",",la,possibilitat,d'un,"arbitratge,",d'equitat,o,"jurídic,",per,determinar,si,les,sancions,aplicades,per,esdeveniments,d'aquestes,característiques,són,"correctes,",oferta,a,la,qual,s'ha,oposada,aquest,sindicat.,-
333,Així,doncs,es,destinaran,139,milions,de,pessetes,a,el,Parc,Natural,de,el,Delta,de,l'Ebre,contra,els,32'3,de,l'any,passat,mentre,que,a,el,Paratge,Natural,de,Poblet,se,li,ha,atorgat,un,pressupost,de,55,milions,quan,en,l'exercici,anterior,aquesta,quantitat,va,ser,de,19,milions,de,pessetes.,+
334,Així,doncs,es,destinaran,139,milions,de,pessetes,a,el,Parc,Natural,de,el,Delta,de,l'Ebre,contra,els,32'3,de,l'any,passat,mentre,que,a,el,Paratge,Natural,de,Poblet,se,li,ha,atorgada,un,pressupost,de,55,milions,quan,en,l'exercici,anterior,aquesta,quantitat,va,ser,de,19,milions,de,pessetes.,-
335,En,l'àmbit,de,el,"finançament,",Maragall,ha,assegurat,que,s'ha,fet,'molt,malament',perquè,s'ha,'canviat,un,sistema,de,revisió,quinquennal,amb,retocs,anuals',per,un,nou,'model,de,finançament,autonòmic,sense,revisió'.,+
336,En,l'àmbit,de,el,"finançament,",Maragall,ha,assegurat,que,s'ha,fet,'molt,malament',perquè,s'ha,'canviada,un,sistema,de,revisió,quinquennal,amb,retocs,anuals',per,un,nou,'model,de,finançament,autonòmic,sense,revisió'.,-
337,El,Síndic,considera,que,des,d'aleshores,Sanitat,ha,iniciat,diverses,accions,"""per",reduir,les,llistes,d'espera,i,s'ha,actuat,amb,eficàcia,en,els,casos,"concrets""",que,ha,"plantejat,",encara,que,no,s'ha,acceptat,el,suggeriment,de,fixar,terminis.,+
338,El,Síndic,considera,que,des,d'aleshores,Sanitat,ha,iniciat,diverses,accions,"""per",reduir,les,llistes,d'espera,i,s'ha,actuat,amb,eficàcia,en,els,casos,"concrets""",que,ha,"plantejat,",encara,que,no,s'ha,acceptada,el,suggeriment,de,fixar,terminis.,-
339,Puig,també,ha,assenyalat,"que,",en,"principi,",no,s'ha,evidenciat,cap,indici,que,la,planta,pugui,afectar,els,éssers,humans.,+
340,Puig,també,ha,assenyalat,"que,",en,"principi,",no,s'ha,evidenciada,cap,indici,que,la,planta,pugui,afectar,els,éssers,humans.,-
341,"Finalment,",un,cop,s'hagi,aprovat,el,replanteig,definitiu,de,la,vialitat,de,el,"sector,",s'excavaran,les,rases,de,sanejament,i,s'instal·laran,les,xarxes,de,serveis.,+
342,"Finalment,",un,cop,s'hagi,aprovada,el,replanteig,definitiu,de,la,vialitat,de,el,"sector,",s'excavaran,les,rases,de,sanejament,i,s'instal·laran,les,xarxes,de,serveis.,-
343,'Serà,un,acte,important,de,el,que,ha,de,ser,la,futura,"federació',",ha,assenyalat,avui,el,secretari,general,de,"CDC,",Artur,"Mas,",després,de,la,reunió,de,el,comitè,d'enllaç.,+
344,'Serà,un,acte,important,de,el,que,ha,de,ser,la,futura,"federació',",ha,assenyalada,avui,el,secretari,general,de,"CDC,",Artur,"Mas,",després,de,la,reunió,de,el,comitè,d'enllaç.,-
345,L'estudi,dedicat,a,el,sector,"industrial,",que,ha,supervisat,el,departament,de,Geografia,de,la,"UAB,",constata,el,fort,impuls,d'aquesta,activitat,a,la,comarca.,+
346,L'estudi,dedicat,a,el,sector,"industrial,",que,ha,supervisada,el,departament,de,Geografia,de,la,"UAB,",constata,el,fort,impuls,d'aquesta,activitat,a,la,comarca.,-
347,Els,moments,de,màxim,risc,són,el,moment,de,marcar,un,número,i,de,"parlar,",ja,que,tal,com,ha,explicat,el,director,mèdic,de,la,Fundació,es,tendeix,a,reduir,la,velocitat,de,circulació,i,disminueix,la,capacitat,de,reacció.,+
348,Els,moments,de,màxim,risc,són,el,moment,de,marcar,un,número,i,de,"parlar,",ja,que,tal,com,ha,explicada,el,director,mèdic,de,la,Fundació,es,tendeix,a,reduir,la,velocitat,de,circulació,i,disminueix,la,capacitat,de,reacció.,-
349,Es,tracta,d'acabar,el,conjunt,sense,que,es,perdi,el,principi,"d'unitat,",ha,assegurat,l'autor,sota,la,pressió,de,els,"editors,",que,avui,no,han,pogut,amagar,la,seva,desesperació,per,les,pròrrogues,eternes,de,finalització,de,el,projecte.,+
350,Es,tracta,d'acabar,el,conjunt,sense,que,es,perdi,el,principi,"d'unitat,",ha,assegurada,l'autor,sota,la,pressió,de,els,"editors,",que,avui,no,han,pogut,amagar,la,seva,desesperació,per,les,pròrrogues,eternes,de,finalització,de,el,projecte.,-
351,Finalment,també,s'han,informatitzat,els,5.000,volums,de,què,consta,la,biblioteca,i,s'han,tancat,els,fons,bibliogràfics,Joaquim,Nadal,i,"Farreras,",Josep,Pasqual,i,"Prats,",Pelaig,i,Negre,i,Carles,Rahola.,+
352,Finalment,també,s'han,informatitzat,els,5.000,volums,de,què,consta,la,biblioteca,i,s'han,tancada,els,fons,bibliogràfics,Joaquim,Nadal,i,"Farreras,",Josep,Pasqual,i,"Prats,",Pelaig,i,Negre,i,Carles,Rahola.,-
353,Tot,"això,",a,través,d'un,recorregut,per,el,centre,de,la,ciutat,que,passarà,per,la,Prioral,de,Sant,"Pere,",església,on,va,ser,batejat,"l'arquitecte,",el,lloc,de,naixement,de,el,qual,es,disputen,Reus,i,Riudoms.,+
354,Tot,"això,",a,través,d'un,recorregut,per,el,centre,de,la,ciutat,que,passarà,per,la,Prioral,de,Sant,"Pere,",església,on,va,ser,batejada,"l'arquitecte,",el,lloc,de,naixement,de,el,qual,es,disputen,Reus,i,Riudoms.,-
355,Per,a,el,matí,també,s'ha,programat,l'espectacle,"'Bitjoc',",de,el,grup,Pam,i,Pipa.,+
356,Per,a,el,matí,també,s'ha,programada,l'espectacle,"'Bitjoc',",de,el,grup,Pam,i,Pipa.,-
357,Josep,Palau,i,Fabre,ha,rebut,aquest,vespre,la,insígnia,d'officier,de,les,Arts,i,les,Lletres,"francesa,",que,li,ha,lliurat,el,cònsol,general,de,França,a,"Barcelona,",Christian,"Rouyer,",davant,la,presència,de,el,conseller,de,Cultura,de,la,"Generalitat,",Jordi,Vilajoana.,+
358,Josep,Palau,i,Fabre,ha,rebut,aquest,vespre,la,insígnia,d'officier,de,les,Arts,i,les,Lletres,"francesa,",que,li,ha,lliurada,el,cònsol,general,de,França,a,"Barcelona,",Christian,"Rouyer,",davant,la,presència,de,el,conseller,de,Cultura,de,la,"Generalitat,",Jordi,Vilajoana.,-
359,La,consellera,de,"Justícia,",Núria,de,"Gispert,",ha,destacat,respecte,d'aquesta,"normativa,",que,està,regulada,en,Codi,de,"Família,",que,'és,una,qüestió,"important,",atès,l'allargament,de,l'esperança,de,vida'.,+
360,La,consellera,de,"Justícia,",Núria,de,"Gispert,",ha,destacat,respecte,d'aquesta,"normativa,",que,està,regulada,en,Codi,de,"Família,",que,'és,una,qüestió,"important,",atesa,l'allargament,de,l'esperança,de,vida'.,-
361,La,major,sensibilitat,ambiental,de,la,població,actual,i,de,el,seu,"ajuntament,",ha,fet,que,s'hagi,impulsat,un,estudi,de,l'estat,ecològic,de,els,recs,per,tal,de,determinar,les,actuacions,a,realitzar,hi,i,reintegrar,los,a,la,"vila,",amb,tres,objectius,principals:,"sanejament,",valoració,ecològica,i,valoració,cultural.,+
362,La,major,sensibilitat,ambiental,de,la,població,actual,i,de,el,seu,"ajuntament,",ha,fet,que,s'hagi,impulsada,un,estudi,de,l'estat,ecològic,de,els,recs,per,tal,de,determinar,les,actuacions,a,realitzar,hi,i,reintegrar,los,a,la,"vila,",amb,tres,objectius,principals:,"sanejament,",valoració,ecològica,i,valoració,cultural.,-
363,El,tercer,bloc,de,l'especial,aborda,les,grans,línies,en,què,s'ha,mogut,el,"programa,",un,repàs,a,els,conflictes,"bèl·lics,",les,víctimes,de,la,societat,i,el,poder.,+
364,El,tercer,bloc,de,l'especial,aborda,les,grans,línies,en,què,s'ha,moguda,el,"programa,",un,repàs,a,els,conflictes,"bèl·lics,",les,víctimes,de,la,societat,i,el,poder.,-
365,El,president,de,la,Federació,de,Penyes,de,el,"Mèrida,",Carlos,"Pajuelo,",va,expressar,ahir,la,seva,"""indignació",com,a,aficionat,i,ciutadà,de,Mèrida,per,la,forma,en,què,s'ha,portat,l'assumpte,de,els,"avals"".",+
366,El,president,de,la,Federació,de,Penyes,de,el,"Mèrida,",Carlos,"Pajuelo,",va,expressar,ahir,la,seva,"""indignació",com,a,aficionat,i,ciutadà,de,Mèrida,per,la,forma,en,què,s'ha,portada,l'assumpte,de,els,"avals"".",-
367,Segons,ell,'ha,triomfat,el,model,funcionarial',i,la,nova,llei,el,que,farà,és,obrir,qüestions,'com,la,de,contractació,de,professors,versus,els,professors,funcionaris'.,+
368,Segons,ell,'ha,triomfada,el,model,funcionarial',i,la,nova,llei,el,que,farà,és,obrir,qüestions,'com,la,de,contractació,de,professors,versus,els,professors,funcionaris'.,-
369,Aquests,temes,són,els,que,tracta,Racons,de,"verd,",nova,sèrie,documental,que,ha,produït,el,centre,de,TVE-Catalunya.,+
370,Aquests,temes,són,els,que,tracta,Racons,de,"verd,",nova,sèrie,documental,que,ha,produïda,el,centre,de,TVE-Catalunya.,-
371,La,peregrinació,l'ha,organitzat,el,sindicat,Unió,de,Pagesos.,+
372,La,peregrinació,l'ha,organitzada,el,sindicat,Unió,de,Pagesos.,-
373,Una,vegada,dissenyat,el,programa,marc,s'establiran,els,mecanismes,d'actuació,més,adients,per,no,només,recuperar,la,zona,castigada,i,destruïda,per,"l'incendi,",sinó,també,per,establir,totes,les,mesures,possibles,que,puguin,minimitzar,riscos,futurs.,+
374,Una,vegada,dissenyada,el,programa,marc,s'establiran,els,mecanismes,d'actuació,més,adients,per,no,només,recuperar,la,zona,castigada,i,destruïda,per,"l'incendi,",sinó,també,per,establir,totes,les,mesures,possibles,que,puguin,minimitzar,riscos,futurs.,-
375,Només,el,Japó,està,en,el,segon,lloc,tant,per,volum,com,per,riquesa,per,"cap,",encara,que,les,dades,són,anteriors,a,la,profunda,recessió,en,què,ha,entrat,aquest,país.,+
376,Només,el,Japó,està,en,el,segon,lloc,tant,per,volum,com,per,riquesa,per,"cap,",encara,que,les,dades,són,anteriors,a,la,profunda,recessió,en,què,ha,entrada,aquest,país.,-
377,L'objectiu,de,l'Ajuntament,és,reforçar,el,paper,capdavanter,de,Sant,Boi,pel,que,fa,a,l'atenció,a,les,víctimes,de,qualsevol,tipus,de,violència,en,l'àmbit,de,la,"família,",segons,ha,informat,el,consistori.,+
378,L'objectiu,de,l'Ajuntament,és,reforçar,el,paper,capdavanter,de,Sant,Boi,pel,que,fa,a,l'atenció,a,les,víctimes,de,qualsevol,tipus,de,violència,en,l'àmbit,de,la,"família,",segons,ha,informada,el,consistori.,-
379,El,ple,municipal,de,Sant,Boi,ha,aprovat,aquesta,setmana,una,moció,en,què,es,reclama,a,l'Autoritat,de,el,Transport,Metropolità,(ATM),la,realització,immediata,d'un,projecte,de,construcció,i,de,posada,en,marxa,de,el,"servei,",en,una,primera,fase,no,més,tard,de,"2005,",segons,ha,informat,l'Ajuntament.,+
380,El,ple,municipal,de,Sant,Boi,ha,aprovat,aquesta,setmana,una,moció,en,què,es,reclama,a,l'Autoritat,de,el,Transport,Metropolità,(ATM),la,realització,immediata,d'un,projecte,de,construcció,i,de,posada,en,marxa,de,el,"servei,",en,una,primera,fase,no,més,tard,de,"2005,",segons,ha,informada,l'Ajuntament.,-
381,Per,la,seva,"banda,",el,tinent,de,la,Guàrdia,Civil,Francisco,Coto,ha,dit,que,s'ha,produït,'un,control,"important',",i,atribueix,la,reducció,a,la,utilització,de,cotxes,camuflats,i,més,pressió,policial.,+
382,Per,la,seva,"banda,",el,tinent,de,la,Guàrdia,Civil,Francisco,Coto,ha,dit,que,s'ha,produïda,'un,control,"important',",i,atribueix,la,reducció,a,la,utilització,de,cotxes,camuflats,i,més,pressió,policial.,-
383,"""Estem",fent,una,aposta,singular,i,contrària,a,la,de,el,PSC,ja,que,pensem,que,és,necessari,enfortir,el,"partit,",renovar,lo,",",en,lloc,d'anar,lo,desfent,""",",ha,indicat,el,secretari,general,"convergent,",Pere,Esteve.,+
384,"""Estem",fent,una,aposta,singular,i,contrària,a,la,de,el,PSC,ja,que,pensem,que,és,necessari,enfortir,el,"partit,",renovar,lo,",",en,lloc,d'anar,lo,desfent,""",",ha,indicada,el,secretari,general,"convergent,",Pere,Esteve.,-
385,També,s'ha,editat,el,llibre,'Joan,Guinjoan,",",el,testimoni,d'un,"músic',",on,el,crític,José,Luis,García,de,el,Busto,recull,una,sèrie,de,testimonis,d'artistes,i,escriptors,a,través,de,els,quals,analitza,l'obra,de,el,compositor,i,reflecteix,la,seva,trajectòria,vital.,+
386,També,s'ha,editada,el,llibre,'Joan,Guinjoan,",",el,testimoni,d'un,"músic',",on,el,crític,José,Luis,García,de,el,Busto,recull,una,sèrie,de,testimonis,d'artistes,i,escriptors,a,través,de,els,quals,analitza,l'obra,de,el,compositor,i,reflecteix,la,seva,trajectòria,vital.,-
387,Una,hora,més,tard,s'ha,ordenat,l'aixecament,de,el,cadàver.,+
388,Una,hora,més,tard,s'ha,ordenada,l'aixecament,de,el,cadàver.,-
389,Galcerán,ha,fet,al·lusió,a,la,"""vergonya","pública""",que,ha,comportat,el,fet,que,unes,vivendes,protegides,totalment,noves,i,promogudes,per,una,administració,pública,presentessin,aquestes,deficiències,pocs,mesos,després,de,ser,entregades.,+
390,Galcerán,ha,fet,al·lusió,a,la,"""vergonya","pública""",que,ha,comportada,el,fet,que,unes,vivendes,protegides,totalment,noves,i,promogudes,per,una,administració,pública,presentessin,aquestes,deficiències,pocs,mesos,després,de,ser,entregades.,-
391,Hansen,ha,explicat,que,s'ha,alterat,lleument,l'ordre,d'algunes,escenes,i,s'ha,treballat,el,passat,de,les,germanes,per,tal,de,millorar,la,dramatúrgia.,+
392,Hansen,ha,explicat,que,s'ha,alterat,lleument,l'ordre,d'algunes,escenes,i,s'ha,treballada,el,passat,de,les,germanes,per,tal,de,millorar,la,dramatúrgia.,-
393,A,el,seu,"costat,",ha,comparegut,el,president,de,Convivencia,Cívica,Catalana,"(CCC),",Francisco,"Caja,",que,ha,expressat,la,seva,solidaritat,amb,Albert,i,igualment,s'ha,mostrat,convençut,que,hi,va,haver,un,'delicte,de,prevaricació,inequívoc,i,abús,de,poder'.,+
394,A,el,seu,"costat,",ha,compareguda,el,president,de,Convivencia,Cívica,Catalana,"(CCC),",Francisco,"Caja,",que,ha,expressat,la,seva,solidaritat,amb,Albert,i,igualment,s'ha,mostrat,convençut,que,hi,va,haver,un,'delicte,de,prevaricació,inequívoc,i,abús,de,poder'.,-
395,Les,mateixes,fonts,sostenen,que,"""hauria",d'haver,augmentat,el,nombre,de,"denúncies"",",ja,que,els,ciutadans,no,tenen,per,què,desplaçar,se,a,altres,comissaries.,+
396,Les,mateixes,fonts,sostenen,que,"""hauria",d'haver,augmentada,el,nombre,de,"denúncies"",",ja,que,els,ciutadans,no,tenen,per,què,desplaçar,se,a,altres,comissaries.,-
397,'Pensar,no,només,en,el,centenar,de,famílies,que,tallen,el,bacallà,sinó,en,els,dos,milions,"restants',",ha,afegit,el,secretari,general,"d'ERC,",que,ha,tancat,la,seva,primera,intervenció,citant,Ovidi,Montllor:,'Ja,no,ens,alimenten,"molles,",ja,volem,el,pa,sencer'.,+
398,'Pensar,no,només,en,el,centenar,de,famílies,que,tallen,el,bacallà,sinó,en,els,dos,milions,"restants',",ha,afegida,el,secretari,general,"d'ERC,",que,ha,tancat,la,seva,primera,intervenció,citant,Ovidi,Montllor:,'Ja,no,ens,alimenten,"molles,",ja,volem,el,pa,sencer'.,-
399,A,el,llarg,de,la,conversa,tots,dos,parlen,de,la,seva,fe,i,de,com,els,ha,marcat,el,fet,de,ser,cristians,en,la,seva,vida,i,en,l'exercici,de,les,seves,responsabilitats,públiques.,+
400,A,el,llarg,de,la,conversa,tots,dos,parlen,de,la,seva,fe,i,de,com,els,ha,marcada,el,fet,de,ser,cristians,en,la,seva,vida,i,en,l'exercici,de,les,seves,responsabilitats,públiques.,-
