stim1,stim2,stim3,stim4,stim5,stim6,stim7,stim8,stim9,stim10,stim11,stim12,stim13,stim14,stim15,stim16,stim17
1,Who,should,Derek,hug,after,shocking,Richard?,+
3,What,had,Theresa,walked,through,while,talking,about,that,high,school?,-
5,Who,will,Katherine,discover,without,hiring,Erin?,+
7,Who,has,Colleen,aggravated,before,kissing,Judy?,-
9,What,could,a,lot,of,cats,break,while,finding,all,convertibles?,+
11,Who,have,most,people,discovered,while,embarrassing,Erin?,-
13,Who,was,William,firing,before,talking,about,Maria?,+
15,What,is,Denise,descending,while,hiding,a,lot,of,hills?,-
17,Who,does,John,leave,while,alarming,Beverly?,+
19,What,was,Melanie,going,to,after,taking,those,rivers?,-
21,Who,could,Bethany,research,before,discussing,Winston,Churchill?,+
23,What,could,Jessica,sell,before,noticing,these,spotlights?,-
25,What,had,Helen,biked,to,without,bothering,Spain?,+
27,Who,is,Mary,irritating,after,approaching,Kenneth?,-
29,Who,might,Rose,flee,from,before,returning,to,this,customer?,+
31,What,will,Janice,research,after,boasting,about,politics?,-
33,Who,had,Karla,aggravated,without,finding,Donald?,+
35,Who,should,a,government,reference,before,shocking,Jesus?,-
37,What,had,Aaron,sounded,like,while,cleaning,the,museum?,+
39,What,is,Brenda,arriving,at,while,exiting,many,schools?,-
41,Who,is,a,window,hurting,without,disturbing,Sabrina?,+
43,Who,had,Jesus,bothered,after,leaving,Lori?,-
45,Who,are,a,lot,of,hamsters,disgusting,while,finding,Ronald?,+
47,Who,could,Amelia,leave,while,appreciating,Paul?,-
49,What,have,many,ladies,dropped,by,without,talking,about,all,malls?,+
51,What,is,Larry,dropping,by,after,lifting,a,grocery,store?,-
53,Who,is,that,student,hugging,before,stunning,Catherine?,+
55,Who,were,those,schools,appreciating,without,scaring,Alice?,-
57,What,did,Dan,sell,after,revealing,some,plane?,+
59,What,had,Marcus,climbed,down,before,buying,many,mountains?,-
61,What,has,Jacqueline,scanned,before,revealing,that,report?,+
63,Who,is,Tanya,returning,to,while,astounding,Donald?,-
65,Who,had,Kirsten,referenced,without,boring,Liam?,+
67,What,are,some,drivers,touring,after,going,to,every,hill?,-
69,Who,would,Mark,visit,while,kissing,Marla?,+
71,What,is,Scott,cleaning,after,cleaning,a,pie?,-
73,Who,has,some,doctor,listened,to,after,firing,that,actress?,+
75,Who,has,that,lady,approached,after,alarming,Ellen?,-
77,What,can,Randolf,bike,to,before,discussing,the,lakes?,+
79,What,had,some,senator,toured,before,hiding,those,cafes?,-
81,Who,was,Eric,impressing,without,admiring,Christina?,+
83,What,do,most,drivers,climb,up,without,noticing,most,hills?,-
85,Who,had,Gregory,worked,with,while,noticing,Julie?,+
87,Who,was,Rose,astounding,while,hiding,many,waiters?,-
89,What,is,Karen,researching,before,walking,through,that,mountain?,+
91,Who,could,Dana,boast,about,after,disturbing,Brenda?,-
93,What,was,this,bird,aggravating,before,annoying,every,hospital?,+
95,Who,had,Colleen,known,after,concealing,Stephen?,-
97,What,are,these,customers,arriving,at,without,alarming,Spain?,+
99,What,has,Angela,admired,while,cleaning,shoes?,-
101,What,is,Becky,selling,before,noticing,some,hospital?,+
103,Who,had,many,cashiers,concealed,after,investigating,Nina?,-
105,Who,had,Melanie,admired,before,listening,to,Chad?,+
107,Who,does,Bethany,visit,before,scaring,Amanda?,-
109,What,is,Tiffany,exiting,before,climbing,down,the,mountain?,+
111,Who,had,Susan,insulted,without,boring,Heather?,-
113,Who,has,Curtis,noticed,while,investigating,Steve?,+
115,Who,has,Kayla,disliked,after,disgusting,Derek?,-
117,What,is,Martin,skated,around,without,buying,these,hospitals?,+
119,What,was,Beth,dropping,by,after,bringing,all,glaciers?,-
121,Who,had,Rhonda,distracted,while,finding,Chad?,+
123,What,has,Bethany,driven,to,before,biking,to,a,lot,of,hills?,-
125,Who,have,the,slopes,hurt,before,disgusting,a,lot,of,adults?,+
127,What,will,Brad,wear,before,noticing,these,scarves?,-
129,What,had,Steven,boycotted,before,running,around,the,art,gallery?,+
131,Who,do,the,Borgias,like,before,aggravating,Mark?,-
133,What,had,the,patients,resembled,without,hiding,most,sketches?,+
135,Who,would,Jesus,hug,without,discovering,Bradley?,-
137,Who,has,Mark,sounded,like,before,finding,that,doctor?,+
139,Who,has,Rebecca,fled,from,without,listening,to,Kirsten?,-
141,Who,was,Ellen,escaping,from,before,curing,Julia?,+
143,What,does,Travis,fix,after,breaking,every,carriage?,-
145,What,might,Tanya,walk,through,after,hiding,every,cafe?,+
147,What,has,Ella,brought,after,finding,all,icicles?,-
149,What,was,Valerie,selling,after,climbing,down,some,slope?,+
151,What,could,Douglas,bike,to,without,admiring,every,mountain?,-
153,What,would,those,teenagers,research,before,boycotting,some,malls?,+
155,What,can,Dan,clean,before,cleaning,every,screen?,-
157,Who,would,Deborah,see,while,hugging,Christina?,+
159,Who,can,Gregory,talk,about,before,hugging,Emily?,-
161,What,should,Elaine,argue,about,before,admiring,books?,+
163,What,had,Jason,dropped,by,before,selling,those,schools?,-
165,What,will,the,guys,notice,before,shocking,a,lot,of,museums?,+
167,Who,could,Monet,worry,while,thinking,about,Dana?,-
169,Who,could,Thomas,observe,without,distracting,Peter?,+
171,Who,has,Suzanne,admired,after,scaring,Connie?,-
173,Who,can,some,closets,disgust,without,shocking,that,dancer?,+
175,Who,has,Bruce,annoyed,while,investigating,Kevin?,-
177,What,was,Bethany,lifting,without,returning,to,these,cafes?,+
179,What,should,Wendy,boycott,after,questioning,every,hospital?,-
181,What,are,these,pedestrians,selling,after,finding,that,bird?,+
183,What,is,Laurie,buying,before,cleaning,the,car?,-
185,What,does,Matt,embarrass,before,bothering,every,legislature?,+
187,What,have,some,drivers,worn,without,finding,a,shawl?,-
189,Who,can,Kimberley,help,before,healing,Martin?,+
191,Who,have,most,students,distracted,before,impressing,Marla?,-
193,What,was,Dawn,boycotting,after,describing,public,parks?,+
195,Who,was,Cynthia,observing,while,thinking,about,Rose?,-
197,What,do,many,fish,break,before,breaking,the,truck?,+
199,Who,was,Ann,thinking,about,without,distracting,some,cashiers?,-
201,What,does,this,mall,look,like,while,looking,like,the,paintings?,+
203,Who,has,Suzanne,irritated,without,alarming,Homer?,-
205,Who,could,Candice,investigate,after,approaching,all,senators?,+
207,Who,might,Dennis,hire,without,helping,Galileo?,-
209,What,had,Sally,remembered,without,insulting,the,report?,+
211,What,was,every,senator,scanning,without,taking,most,newspaper,articles?,-
213,Who,is,Diana,boasting,about,after,kissing,Christina?,+
215,What,is,Stephen,worrying,after,talking,about,that,hospital?,-
217,Who,were,many,blouses,confusing,before,distracting,Alexander?,+
219,Who,had,Dan,discovered,before,observing,Judy?,-
221,What,was,Connie,climbing,up,before,concealing,all,ladders?,+
223,Who,was,this,driver,firing,while,disturbing,Rachelle?,-
225,Who,has,Tina,disturbed,while,arguing,about,Jill?,+
227,Who,has,Rhonda,described,after,describing,a,girl?,-
229,Who,might,Derek,criticize,without,firing,drivers?,+
231,What,has,Cindy,run,around,after,walking,through,all,closets?,-
233,Who,have,the,cakes,annoyed,while,disturbing,Renee?,+
235,Who,had,Kayla,kissed,after,upsetting,Aaron?,-
237,Who,is,Rodney,concealing,after,bothering,Stephen?,+
239,What,might,Anna,lift,before,selling,bicycles?,-
241,What,was,Ronald,bringing,while,bringing,a,popsicle?,+
243,What,has,Judy,visited,while,selling,some,glacier?,-
245,Who,can,this,cart,worry,after,upsetting,waiters?,+
247,What,had,Nicole,driven,to,while,selling,hills?,-
249,Who,had,Lisa,talked,to,without,complaining,about,every,guest?,+
251,Who,could,Jacqueline,hire,without,healing,Marcus?,-
253,Who,has,Ann,alarmed,while,insulting,Omar?,+
255,Who,should,Amanda,distract,while,appreciating,every,patient?,-
257,Who,had,Regina,irritated,while,hiding,Deborah?,+
259,Who,is,the,hat,hurting,while,distracting,Charles?,-
261,Who,had,Brian,discovered,after,stunning,Eric?,+
263,What,has,Kevin,broken,without,breaking,every,carriage?,-
265,What,was,Connie,descending,without,bringing,ladders?,+
267,What,does,Brad,descend,without,finding,some,hills?,-
269,Who,had,Rachel,concealed,without,disgusting,Mark?,+
271,What,is,Jessica,driving,to,after,noticing,Spain?,-
273,Who,has,Margaret,criticized,while,thinking,about,Lawrence?,+
275,Who,had,some,face,bothered,while,confusing,Sarah?,-
277,Who,had,Regina,cured,while,talking,about,every,dancer?,+
279,What,could,Ellen,climb,up,without,climbing,down,stairs?,-
281,Who,had,Margaret,talked,to,while,insulting,Carol?,+
283,What,has,Kayla,looked,like,while,bringing,a,lot,of,photographs?,-
285,Who,was,Kendra,scaring,after,insulting,Tammy?,+
287,Who,will,Lissa,sound,like,before,irritating,Sonia?,-
289,Who,had,Pamela,bored,after,discovering,Homer?,+
291,What,was,Scott,dropping,by,before,running,around,a,hill?,-
293,Who,can,Becky,love,before,upsetting,those,adults?,+
295,What,is,Sara,wearing,without,buying,those,blouses?,-
297,Who,will,guys,describe,before,scaring,Elizabeth?,+
299,Who,was,Carrie,annoying,after,discovering,Florence?,-
301,What,will,Adam,tour,without,criticizing,this,college,campus?,+
303,Who,did,Steve,observe,while,irritating,Ella?,-
305,What,were,the,Clintons,climbing,up,after,noticing,most,hills?,+
307,What,has,James,broken,before,cleaning,those,couches?,-
309,Who,can,Bradley,appreciate,after,concealing,the,Clintons?,+
311,Who,has,the,cashier,fired,without,disturbing,Bruce?,-
313,What,has,Heather,skated,around,after,going,to,that,mountain?,+
315,Who,have,these,turtles,astounded,without,impressing,Naomi?,-
317,Who,was,Keith,working,with,after,arguing,about,Heather?,+
319,What,was,Gerald,breaking,after,buying,these,carriages?,-
321,What,had,Jerry,worn,before,selling,some,hats?,+
323,What,will,these,girls,drop,by,while,exploring,every,grocery,store?,-
325,What,had,Monet,skated,around,while,talking,about,some,hill?,+
327,Who,is,Jacqueline,finding,after,hugging,Meredith?,-
329,What,should,Dan,bike,to,before,returning,to,some,closets?,+
331,What,can,Pamela,go,to,while,biking,to,many,grocery,stores?,-
333,What,has,this,girl,sounded,like,after,bringing,these,lakes?,+
335,What,has,Carlos,broken,while,revealing,most,skateboards?,-
337,Who,will,Barbara,bother,before,discovering,Susan?,+
339,Who,had,Monica,hugged,while,helping,many,waitresses?,-
341,What,had,Cynthia,messed,up,after,taking,some,couch?,+
343,What,was,Ellen,messing,up,without,embarrassing,this,library?,-
345,Who,is,every,painting,hurting,while,embarrassing,Marcus?,+
347,Who,is,Jesus,insulting,without,concealing,Barbara?,-
349,What,does,Paul,research,while,touring,Harvard,University?,+
351,What,had,many,doctors,sold,before,fixing,some,cups?,-
353,Who,was,Theodore,scaring,while,watching,Samuel?,+
355,What,did,Rodney,clean,without,lifting,these,windows?,-
357,Who,had,Amanda,fired,after,investigating,Aaron?,+
359,What,did,Nina,climb,down,before,returning,to,every,mountain?,-
361,Who,had,Timothy,talked,about,without,concealing,these,people?,+
363,Who,is,that,teacher,boasting,about,while,disgusting,Teresa?,-
365,Who,is,Mitchell,healing,before,bothering,Judy?,+
367,Who,had,an,association,bored,after,praising,a,lot,of,doctors?,-
369,What,had,Tiffany,looked,like,before,concealing,those,drawings?,+
371,Who,had,Andrea,appreciated,before,questioning,Tina?,-
373,Who,is,the,rug,worrying,while,worrying,Dawn?,+
375,What,has,Charles,biked,to,before,researching,all,malls?,-
377,Who,has,Erin,embarrassed,without,hurting,Martha?,+
379,Who,might,Judy,conceal,before,confusing,Erin?,-
381,What,has,Noah,toured,after,passing,every,high,school?,+
383,Who,had,Laura,talked,about,before,hurting,Renee?,-
385,Who,did,Brenda,discuss,without,shocking,this,teenager?,+
387,What,was,Bill,researching,while,arguing,about,stories?,-
389,Who,is,Karla,hugging,while,concealing,Angela?,+
391,Who,can,Jessica,respect,while,hurting,Frank?,-
393,What,should,Theresa,sell,while,revealing,a,lot,of,cars?,+
395,What,will,Stacy,fix,without,fixing,the,bike?,-
397,Who,were,the,boys,approaching,while,concealing,Curtis?,+
399,What,have,women,lifted,before,noticing,all,turtles?,-
401,Who,were,those,eggplants,astounding,before,stunning,Linda?,+
403,Who,was,this,essay,disagreeing,with,without,embarrassing,Carlos?,-
405,Who,could,Danielle,find,without,upsetting,Timothy?,+
407,Who,could,some,gloves,worry,while,disturbing,John?,-
409,Who,are,most,teachers,approaching,before,visiting,this,senator?,+
411,Who,would,some,actor,reference,while,investigating,Wayne?,-
413,What,had,Claire,climbed,up,before,climbing,down,these,steps?,+
415,What,was,Candice,exiting,while,boycotting,a,lot,of,cafes?,-
417,Who,does,Benjamin,disgust,while,worrying,Diana?,+
419,What,has,Diane,researched,after,disgusting,those,hospitals?,-
421,What,have,a,lot,of,drivers,fixed,after,discovering,most,couches?,+
423,Who,will,Kevin,like,while,fleeing,from,Larry?,-
425,What,is,Gerald,biking,to,while,alarming,every,hospital?,+
427,Who,has,the,library,praised,while,appreciating,Andrew?,-
429,What,should,Stacey,reveal,while,cleaning,most,boxes?,+
431,Who,could,some,waiter,observe,while,concealing,the,Impressionists?,-
433,Who,would,dancers,respect,after,questioning,Heidi?,+
435,Who,can,Danielle,find,without,embarrassing,Brian?,-
437,Who,could,Colleen,return,to,while,distracting,Rachel?,+
439,What,should,many,teachers,tour,before,cleaning,the,river?,-
441,Who,would,the,Lutherans,watch,without,annoying,these,actors?,+
443,Who,had,Travis,found,without,talking,about,Ellen?,-
445,What,has,Melissa,lifted,after,healing,that,bird?,+
447,Who,can,a,cashier,insult,after,watching,Rose?,-
449,What,had,many,people,walked,through,while,disturbing,all,hospitals?,+
451,Who,could,Erin,approach,while,irritating,Renee?,-
453,Who,should,current,events,upset,without,irritating,Cheryl?,+
455,Who,is,Renee,observing,while,finding,some,driver?,-
457,Who,did,Emily,leave,without,curing,Alan?,+
459,Who,is,Brenda,impressing,before,kissing,this,waiter?,-
461,What,had,Bethany,cleaned,while,escaping,from,the,art,galleries?,+
463,Who,had,that,rice,bored,before,annoying,Samuel?,-
465,Who,is,Brian,disgusting,without,admiring,the,Borgias?,+
467,What,was,Theodore,wearing,before,thinking,about,all,socks?,-
469,What,had,the,senator,climbed,up,after,exiting,this,hill?,+
471,Who,was,Sheila,hugging,without,attacking,Heather?,-
473,Who,should,that,sketch,confuse,before,astounding,Kendra?,+
475,Who,does,Dennis,criticize,while,aggravating,Kristin?,-
477,Who,has,Samantha,talked,to,while,hurting,all,girls?,+
479,Who,had,Dawn,observed,after,hiring,the,Borgias?,-
481,Who,did,Mitchell,scare,after,arguing,about,Amanda?,+
483,Who,was,this,window,astounding,while,scaring,Jessica?,-
485,What,have,the,waitresses,biked,to,without,lifting,this,hospital?,+
487,What,is,Marie,breaking,while,concealing,convertibles?,-
489,Who,had,Raymond,questioned,without,boasting,about,Sara?,+
491,Who,does,some,lamp,confuse,before,worrying,Carlos?,-
493,Who,had,Frank,aggravated,without,appreciating,Joel?,+
495,What,is,Mitchell,passing,after,describing,some,art,galleries?,-
497,What,had,Derek,dropped,by,without,annoying,Spain?,+
499,Who,is,Amy,criticizing,before,aggravating,George?,-
501,Who,could,Marie,think,about,before,referencing,James?,+
503,Who,will,Rebecca,watch,while,leaving,Wendy?,-
505,What,are,these,cashiers,running,around,before,talking,about,those,grocery,stores?,+
507,Who,does,every,teenager,argue,about,while,scaring,Timothy?,-
509,What,had,Jerry,exited,without,exiting,most,libraries?,+
511,Who,would,Brenda,respect,before,alarming,Ellen?,-
513,Who,would,Adam,listen,to,without,stunning,Patrick?,+
515,Who,have,some,hospitals,talked,to,while,distracting,Jerry?,-
517,Who,might,the,children,help,after,questioning,Ronald?,+
519,Who,did,that,cup,worry,before,annoying,every,doctor?,-
521,What,might,Nancy,scan,while,boasting,about,those,plays?,+
523,Who,could,the,museums,dislike,without,aggravating,Amelia?,-
525,Who,would,Andrea,care,for,while,discovering,those,guys?,+
527,What,was,that,teacher,embarrassing,without,disgusting,every,school?,-
529,Who,had,Colleen,appreciated,while,distracting,Janice?,+
531,Who,will,some,guy,remember,while,disgusting,Tonya?,-
533,What,could,Cheryl,reveal,without,cleaning,a,lot,of,muffins?,+
535,Who,had,many,commentaries,upset,without,aggravating,Lori?,-
537,What,are,some,students,breaking,while,fixing,some,carriage?,+
539,What,could,Carl,sound,like,after,revealing,all,restaurants?,-
541,What,did,most,books,astound,after,disturbing,the,organizations?,+
543,What,have,these,customers,driven,to,while,skated,around,all,museums?,-
545,Who,can,Wayne,kiss,while,boasting,about,Nina?,+
547,Who,had,Scott,described,without,concealing,these,men?,-
549,What,have,those,waiters,dropped,by,while,admiring,the,restaurant?,+
551,What,had,Renee,researched,while,examining,some,play?,-
553,Who,had,Curtis,listened,to,without,noticing,Michelle?,+
555,What,is,Gina,examining,while,complaining,about,every,report?,-
557,Who,was,Gerald,talking,about,before,returning,to,Omar?,+
559,Who,have,most,guys,described,after,annoying,John?,-
561,Who,will,Sonia,insult,after,fleeing,from,Chad?,+
563,Who,might,that,actor,hide,before,hiding,Russell?,-
565,Who,is,Andrew,hiring,after,visiting,Thomas?,+
567,Who,had,these,prints,bothered,while,disgusting,Laurie?,-
569,Who,was,the,actor,revealing,after,embarrassing,Anna?,+
571,What,should,some,snakes,climb,up,without,finding,every,hill?,-
573,What,does,Alice,buy,without,bringing,the,windows?,+
575,What,has,Jane,boycotted,before,discovering,these,legislatures?,-
577,Who,will,Robert,describe,without,shocking,Theresa?,+
579,What,was,Emily,walking,through,while,arriving,at,this,movie,theater?,-
581,What,have,the,turtles,broken,after,breaking,all,plates?,+
583,Who,had,Paul,healed,without,alarming,Tonya?,-
585,Who,has,Brad,referenced,before,discussing,Deborah?,+
587,What,can,the,girl,sell,before,thinking,about,this,book?,-
589,What,has,this,pedestrian,biked,to,after,revealing,a,lot,of,cafes?,+
591,Who,have,all,books,disagreed,with,while,scaring,the,Impressionists?,-
593,What,had,the,dancers,broken,after,cleaning,every,skateboard?,+
595,What,had,that,waitress,insulted,while,noticing,those,libraries?,-
597,What,could,Jason,run,around,without,passing,malls?,+
599,Who,might,Tracy,talk,about,after,discovering,Becca?,-
601,What,should,the,guests,annoy,before,distracting,some,governments?,+
603,What,is,Michelle,scanning,without,arguing,about,the,newspaper,articles?,-
605,Who,is,this,report,shocking,before,disagreeing,with,Peter?,+
607,Who,does,Amy,fire,before,observing,Winston,Churchill?,-
609,What,does,Galileo,sell,without,discovering,a,lot,of,mouths?,+
611,Who,would,Rachelle,kiss,while,insulting,William?,-
613,What,has,Patrick,biked,to,while,stunning,a,lot,of,schools?,+
615,Who,are,most,books,alarming,before,confusing,Margaret?,-
617,Who,will,Nicole,visit,after,describing,Dan?,+
619,What,will,Scott,remember,before,skated,around,some,art,gallery?,-
621,Who,were,teachers,healing,before,healing,most,people?,+
623,Who,had,teenagers,listened,to,after,discovering,these,girls?,-
625,Who,is,that,icicle,disgusting,while,shocking,a,girl?,+
627,Who,is,Galileo,leaving,before,listening,to,Karen?,-
629,What,was,Natalie,examining,after,scanning,commentaries?,+
631,Who,was,Jane,worrying,without,annoying,Noah?,-
633,Who,is,Sarah,shocking,while,stunning,Galileo?,+
635,What,can,Judy,pass,after,touring,the,malls?,-
637,Who,might,this,hospital,conceal,without,describing,Jessica?,+
639,Who,might,some,adults,approach,while,helping,William?,-
641,Who,should,Deanna,aggravate,before,embarrassing,Daniel?,+
643,Who,is,Kristen,firing,before,alarming,Adam?,-
645,What,will,Rachelle,explore,after,researching,these,lakes?,+
647,What,has,Jill,researched,while,thinking,about,current,events?,-
649,Who,were,most,people,revealing,after,admiring,Curtis?,+
651,Who,was,a,car,scaring,while,distracting,William?,-
653,Who,is,Colleen,hugging,without,finding,the,teenager?,+
655,What,is,Ruth,curing,before,concealing,many,cats?,-
657,Who,is,every,newspaper,article,disagreeing,with,after,scaring,Kimberley?,+
659,Who,would,Ann,leave,without,confusing,Sabrina?,-
661,Who,has,Vanessa,loved,before,embarrassing,the,actress?,+
663,What,was,Andrea,lifting,before,concealing,all,convertibles?,-
665,What,should,these,spotlights,look,like,while,looking,like,many,prints?,+
667,Who,was,some,government,bothering,while,referencing,those,guys?,-
669,Who,had,Martin,embarrassed,before,disturbing,Nina?,+
671,What,is,William,discovering,without,thinking,about,the,screen?,-
673,What,was,Peter,passing,without,noticing,a,lot,of,lakes?,+
675,Who,might,a,lot,of,dancers,see,before,distracting,Kristin?,-
677,Who,were,the,plates,scaring,after,distracting,Donna?,+
679,What,was,Debra,breaking,after,cleaning,some,forks?,-
681,What,should,Raymond,examine,without,talking,about,this,play?,+
683,Who,should,that,college,campus,embarrass,after,aggravating,Theresa?,-
685,Who,was,Samuel,working,with,while,disgusting,some,patients?,+
687,What,is,Douglas,buying,without,admiring,these,closets?,-
689,Who,have,the,Impressionists,listened,to,after,criticizing,Kevin?,+
691,What,had,that,teacher,looked,like,after,concealing,that,picture?,-
693,Who,would,current,events,disgust,before,boring,Ruth?,+
695,What,can,the,waitress,look,like,after,discovering,all,pictures?,-
697,What,was,Elaine,referencing,before,concealing,the,report?,+
699,Who,had,Natalie,investigated,while,healing,Martin?,-
701,What,was,Debra,breaking,before,noticing,all,glasses?,+
703,Who,would,Catherine,hate,after,visiting,Julia?,-
705,What,did,doctors,arrive,at,after,leaving,a,lot,of,lakes?,+
707,Who,does,Karen,notice,after,boasting,about,Caroline?,-
709,Who,had,Lisa,discussed,after,irritating,Sharon?,+
711,Who,is,Roger,escaping,from,while,revealing,Monet?,-
713,Who,has,Mary,praised,while,talking,about,Lissa?,+
715,What,has,Linda,arrived,at,before,noticing,some,hospital?,-
717,Who,had,John,criticized,after,questioning,Melissa?,+
719,What,is,Roger,skated,around,while,arriving,at,that,river?,-
721,What,was,Kimberley,cleaning,without,finding,that,cart?,+
723,What,has,Suzanne,scanned,while,describing,commentaries?,-
725,What,had,Caroline,exited,without,talking,about,that,lake?,+
727,What,was,Janet,messing,up,before,messing,up,those,public,parks?,-
729,Who,had,Brett,described,while,scaring,Kirsten?,+
731,What,had,Roger,ascended,while,noticing,steps?,-
733,Who,will,some,cashiers,hide,without,attacking,the,Impressionists?,+
735,Who,has,Rose,visited,without,listening,to,most,dancers?,-
737,Who,is,Sally,observing,before,disgusting,this,man?,+
739,Who,has,Tammy,approached,after,working,with,Becky?,-
741,Who,have,the,Impressionists,disagreed,with,before,complaining,about,Sheila?,+
743,Who,might,Linda,escape,from,without,bothering,Kathleen?,-
745,What,is,Jason,noticing,after,thinking,about,all,rugs?,+
747,Who,could,Valerie,appreciate,before,aggravating,Tamara?,-
749,What,would,Julia,wear,while,admiring,a,dress?,+
751,Who,might,pedestrians,disagree,with,without,leaving,Natalie?,-
753,Who,was,Stacey,returning,to,after,embarrassing,Emily?,+
755,Who,has,Natalie,fired,before,firing,Judy?,-
757,What,have,the,Borgias,examined,while,discovering,this,commentary?,+
759,Who,can,a,lot,of,legislatures,work,with,before,embarrassing,Omar?,-
761,Who,had,Kayla,referenced,while,fleeing,from,Samantha?,+
763,What,have,these,adults,passed,before,boycotting,all,schools?,-
765,What,could,Kendra,descend,after,hiding,that,hill?,+
767,Who,has,that,closet,aggravated,after,confusing,Steve?,-
769,Who,has,George,boasted,about,after,distracting,Roger?,+
771,What,was,Meredith,skated,around,after,concealing,public,parks?,-
773,Who,will,all,dresses,embarrass,without,distracting,this,guest?,+
775,What,has,Julie,lifted,before,going,to,this,art,gallery?,-
777,What,were,the,children,arriving,at,while,finding,every,cafe?,+
779,Who,can,every,boy,hide,after,criticizing,Stacy?,-
781,What,did,Holly,return,to,before,walking,through,Spain?,+
783,Who,could,Kenneth,flee,from,after,visiting,Carolyn?,-
785,Who,are,most,waitresses,hiding,before,hiring,Barbara?,+
787,What,does,Holly,look,like,after,cleaning,some,pictures?,-
789,What,have,all,waiters,ascended,after,bringing,some,ladders?,+
791,What,had,Jill,discovered,before,noticing,the,cups?,-
793,Who,might,Carlos,work,with,while,discovering,Mary?,+
795,Who,was,Beverly,disgusting,after,appreciating,some,students?,-
797,Who,did,some,patients,praise,without,listening,to,Benjamin?,+
799,Who,is,Randolf,confusing,while,approaching,Galileo?,-
801,What,should,Dawn,impress,before,criticizing,a,lot,of,banks?,+
803,Who,had,the,screen,scared,after,shocking,Ann?,-
805,Who,has,Connie,questioned,while,impressing,Richard?,+
807,Who,are,some,convertibles,worrying,before,annoying,Deborah?,-
809,Who,can,all,adults,disagree,with,without,concealing,many,senators?,+
811,What,would,Tamara,discover,before,irritating,this,committee?,-
813,Who,does,Amanda,find,while,thinking,about,Lucille?,+
815,What,did,the,Clintons,lift,after,researching,every,art,gallery?,-
817,Who,would,Brett,watch,after,attacking,Gina?,+
819,Who,has,Guy,listened,to,after,scaring,this,person?,-
821,Who,would,Ronald,talk,to,after,escaping,from,a,lot,of,actors?,+
823,What,was,Lawrence,healing,after,finding,many,snakes?,-
825,Who,had,Mitchell,respected,while,impressing,Travis?,+
827,Who,would,Dawn,bore,without,thinking,about,Allison?,-
829,Who,were,most,drivers,watching,while,hurting,Cindy?,+
831,What,has,Brian,bought,before,messing,up,some,plate?,-
833,What,might,Karla,take,without,wearing,every,sweater?,+
835,What,could,Marcus,research,while,walking,through,that,public,park?,-
837,What,might,Timothy,lift,before,buying,many,movie,theaters?,+
839,What,has,Lisa,referenced,before,examining,that,essay?,-
841,Who,are,these,lakes,alarming,after,annoying,Beth?,+
843,What,was,Laura,breaking,while,breaking,every,vase?,-
845,What,has,Clyde,toured,without,researching,that,closet?,+
847,What,will,Candice,resemble,without,concealing,the,print?,-
849,What,was,Tracy,scaring,before,boycotting,the,committees?,+
851,Who,did,Galileo,cure,after,healing,Karla?,-
853,Who,is,Lawrence,questioning,while,disgusting,Cheryl?,+
855,Who,had,Derek,alarmed,while,approaching,Carl?,-
857,What,will,some,adults,discover,while,astounding,every,committee?,+
859,Who,were,those,lamps,shocking,after,stunning,Russell?,-
861,Who,has,some,shoe,scared,after,upsetting,Aaron?,+
863,What,has,Ann,sold,after,running,around,every,high,school?,-
865,Who,could,Emily,talk,to,while,shocking,Amy?,+
867,What,was,Monica,examining,before,insulting,all,essays?,-
869,Who,can,many,people,confuse,after,describing,Regina?,+
871,Who,is,Cindy,upsetting,before,concealing,Melanie?,-
873,Who,can,Galileo,return,to,after,investigating,Phillip?,+
875,What,is,a,doctor,cleaning,without,revealing,some,screens?,-
877,Who,had,this,teacher,attacked,before,bothering,Marie?,+
879,What,is,George,buying,without,lifting,some,pasta?,-
881,Who,have,the,drivers,hugged,while,revealing,Bradley?,+
883,Who,is,Teresa,discovering,while,talking,about,Anne?,-
885,Who,are,many,cats,bothering,before,hurting,George?,+
887,Who,had,Douglas,respected,before,aggravating,Kayla?,-
889,Who,has,Sarah,stunned,before,discovering,Thomas?,+
891,What,had,Gerald,bought,after,discovering,those,eggplants?,-
893,Who,would,that,cashier,escape,from,while,working,with,Carlos?,+
895,What,does,Andrea,exit,after,arriving,at,many,schools?,-
897,What,has,Karla,sounded,like,after,exiting,these,public,parks?,+
899,Who,did,Claire,discuss,without,discussing,Kenneth?,-
901,Who,has,Christopher,appreciated,without,concealing,all,cashiers?,+
903,What,did,Timothy,have,after,taking,apples?,-
905,Who,does,the,car,impress,without,confusing,Sabrina?,+
907,Who,could,Becky,disturb,after,annoying,Grace?,-
909,Who,is,Melanie,astounding,after,embarrassing,Judy?,+
911,What,is,Gregory,breaking,before,admiring,the,dish?,-
913,What,has,Kayla,biked,to,after,fleeing,from,the,museums?,+
915,Who,had,Amelia,noticed,before,worrying,Andrea?,-
917,What,would,this,muffin,look,like,while,looking,like,every,print?,+
919,Who,was,Jessica,astounding,after,referencing,Margaret?,-
921,Who,should,a,screen,impress,without,disgusting,Karla?,+
923,Who,can,Eva,care,for,while,hiding,Lawrence?,-
925,Who,has,Sally,loved,after,admiring,those,girls?,+
927,Who,could,Mitchell,distract,before,leaving,a,pedestrian?,-
929,Who,can,Tara,alarm,after,talking,about,Samantha?,+
931,Who,could,Kristen,talk,to,before,concealing,Nina?,-
933,Who,had,Scott,hugged,before,approaching,Tracy?,+
935,Who,had,every,actor,cared,for,before,healing,Linda?,-
937,What,has,Benjamin,messed,up,while,exploring,many,cafes?,+
939,Who,is,Renee,criticizing,without,approaching,Tracy?,-
941,Who,has,every,organization,forgotten,without,stunning,Brenda?,+
943,Who,could,music,annoy,while,shocking,Mitchell?,-
945,What,are,the,Clintons,researching,without,concealing,those,sketches?,+
947,Who,had,the,spinach,worried,after,shocking,Phillip?,-
949,What,can,Mitchell,discuss,after,describing,most,movies?,+
951,Who,would,all,schools,criticize,while,embarrassing,Andrea?,-
953,What,was,John,cleaning,before,disturbing,all,hospitals?,+
955,Who,is,Cindy,approaching,without,insulting,Nina?,-
957,Who,did,Martha,discover,without,thinking,about,Kenneth?,+
959,Who,can,all,committees,talk,about,before,upsetting,a,guest?,-
961,Who,had,Kathleen,described,without,working,with,some,actress?,+
963,Who,was,Beth,firing,after,insulting,Marie?,-
965,Who,did,this,patient,flee,from,without,discovering,the,Lutherans?,+
967,What,did,Douglas,bring,without,irritating,some,banks?,-
969,Who,has,Debra,cared,for,while,boasting,about,Lisa?,+
971,Who,does,Diane,talk,to,after,hurting,Galileo?,-
973,What,is,Karen,cleaning,before,thinking,about,this,print?,+
975,What,was,Scott,driving,to,without,running,around,some,malls?,-
977,What,could,Craig,take,without,escaping,from,all,high,schools?,+
979,What,has,Judy,broken,while,concealing,a,window?,-
981,Who,will,a,senator,escape,from,without,criticizing,this,student?,+
983,What,has,the,guy,explored,before,dropping,by,the,closet?,-
985,What,has,the,waitress,broken,before,breaking,a,computer?,+
987,Who,does,a,student,embarrass,before,hiring,Monica?,-
989,Who,did,Kevin,attack,before,concealing,Alicia?,+
991,Who,can,the,man,respect,before,helping,Janice?,-
993,What,was,Alicia,going,to,after,disgusting,all,hospitals?,+
995,Who,has,Becky,visited,while,confusing,most,drivers?,-
997,Who,should,most,guests,hate,after,hiding,Dan?,+
999,Who,is,Kayla,questioning,while,arguing,about,this,teenager?,-
1001,What,is,Tracy,boycotting,without,selling,all,public,parks?,+
1003,Who,had,Vincent,admired,before,attacking,Gerald?,-
1005,Who,was,a,customer,hurting,after,helping,Brenda?,+
1007,Who,was,Dennis,upsetting,while,appreciating,Lucille?,-
1009,Who,are,those,eyes,boring,after,hurting,Jeffrey?,+
1011,What,has,Becky,ascended,while,describing,that,hill?,-
1013,Who,did,Rebecca,see,after,concealing,Elizabeth?,+
1015,Who,had,the,companies,helped,before,criticizing,James?,-
1017,Who,was,Robert,escaping,from,while,praising,Patricia?,+
1019,Who,was,Barbara,worrying,without,escaping,from,Samuel?,-
1021,Who,was,Lisa,disturbing,without,disturbing,Ronald?,+
1023,Who,were,many,teachers,complaining,about,while,leaving,Susan?,-
1025,Who,can,all,mushrooms,shock,without,irritating,some,cashier?,+
1027,Who,could,Frank,observe,before,concealing,Robert?,-
1029,Who,is,Vincent,firing,without,hurting,Michelle?,+
1031,What,has,that,patient,ascended,without,buying,most,ladders?,-
1033,Who,did,Nicole,cure,after,confusing,Eric?,+
1035,What,might,that,customer,scan,before,criticizing,every,essay?,-
1037,Who,has,Craig,cared,for,before,appreciating,Todd?,+
1039,What,was,Veronica,lifting,after,leaving,a,lot,of,grocery,stores?,-
1041,Who,would,all,sketches,look,like,while,disgusting,Sally?,+
1043,What,does,Joseph,fix,without,finding,most,screens?,-
1045,Who,do,all,girls,talk,to,while,hugging,Amy?,+
1047,Who,should,Roger,care,for,before,hiring,every,doctor?,-
1049,Who,had,Becca,cured,before,scaring,Vanessa?,+
1051,Who,was,some,boy,hugging,after,disgusting,the,Borgias?,-
1053,What,had,Christina,distracted,without,alarming,the,governments?,+
1055,Who,did,some,customers,disagree,with,while,questioning,Melanie?,-
1057,What,have,the,Impressionists,toured,without,skated,around,some,hills?,+
1059,What,was,Sara,wearing,while,thinking,about,the,dresses?,-
1061,Who,had,Gerald,questioned,before,investigating,Beth?,+
1063,What,are,most,actors,climbing,down,without,climbing,up,most,hills?,-
1065,What,is,Regina,cleaning,before,breaking,those,convertibles?,+
1067,Who,will,Monet,heal,before,embarrassing,Rachelle?,-
1069,What,would,Tammy,exit,before,skated,around,this,river?,+
1071,Who,might,Jason,discuss,before,shocking,Sherry?,-
1073,Who,had,that,driver,discovered,while,criticizing,some,patient?,+
1075,What,does,Gina,run,around,while,insulting,the,closet?,-
1077,Who,has,the,documentary,distracted,before,annoying,Theresa?,+
1079,What,has,Dana,dropped,by,after,running,around,the,bank?,-
1081,What,would,some,photographs,look,like,without,looking,like,most,eggplants?,+
1083,Who,has,Robert,seen,without,referencing,Andrew?,-
1085,Who,might,this,picture,shock,without,disgusting,Carrie?,+
1087,Who,had,Ellen,respected,without,talking,to,Clyde?,-
1089,What,is,Derek,ascending,without,noticing,every,ladder?,+
1091,Who,does,Sherry,complain,about,after,questioning,Phillip?,-
1093,What,is,Brett,biking,to,without,returning,to,the,grocery,stores?,+
1095,What,is,Lissa,cleaning,while,taking,the,lights?,-
1097,Who,had,all,steps,bothered,while,disgusting,Patricia?,+
1099,What,has,Patrick,cured,after,concealing,every,turtle?,-
1101,What,has,Marla,cleaned,after,wearing,those,shoes?,+
1103,Who,will,Ronald,stun,while,listening,to,Jeffrey?,-
1105,What,was,Melinda,revealing,without,finding,a,mushroom?,+
1107,What,are,these,boys,noticing,without,finding,all,turtles?,-
1109,What,are,men,climbing,up,after,going,to,many,mountains?,+
1111,Who,had,the,Lutherans,confused,while,disgusting,that,man?,-
1113,Who,might,Thomas,forget,before,healing,Katherine?,+
1115,What,has,Katherine,concealed,before,cleaning,those,unicycles?,-
1117,Who,was,Monet,talking,about,without,shocking,Monet?,+
1119,Who,was,Deborah,concealing,while,observing,Ann?,-
1121,Who,should,books,aggravate,before,disagreeing,with,Melinda?,+
1123,What,has,Ann,admired,while,revealing,a,rug?,-
1125,Who,did,Christina,hug,after,worrying,the,Lutherans?,+
1127,Who,might,Kristin,visit,before,boring,Maria?,-
1129,Who,could,this,hamster,find,after,annoying,Russell?,+
1131,Who,had,Galileo,complained,about,after,stunning,Wayne?,-
1133,Who,has,Elizabeth,approached,before,escaping,from,Sarah?,+
1135,What,was,Steve,cleaning,while,discovering,this,casserole?,-
1137,What,should,these,ladies,look,like,before,buying,this,sketch?,+
1139,Who,has,this,ladder,worried,while,scaring,Larry?,-
1141,What,were,the,women,descending,without,buying,all,steps?,+
1143,Who,had,that,waitress,insulted,while,worrying,Veronica?,-
1145,Who,has,Craig,approached,after,revealing,Gary?,+
1147,Who,had,every,actress,hidden,before,scaring,Jessica?,-
1149,What,had,Erin,passed,while,skated,around,every,restaurant?,+
1151,What,was,Tamara,looking,like,without,hiding,every,photograph?,-
1153,What,had,the,Clintons,broken,without,fixing,this,couch?,+
1155,What,had,Bill,toured,after,bringing,every,mall?,-
1157,What,have,the,Borgias,revealed,after,exploring,some,restaurants?,+
1159,Who,was,Stacy,returning,to,after,stunning,Todd?,-
1161,What,have,these,actresses,looked,like,while,bringing,that,painting?,+
1163,Who,was,Bethany,approaching,while,bothering,every,customer?,-
1165,Who,have,many,snakes,scared,after,astounding,Galileo?,+
1167,Who,was,Katherine,criticizing,after,referencing,Veronica?,-
1169,Who,was,some,cafe,shocking,after,irritating,the,senators?,+
1171,What,does,Lori,think,about,without,noticing,many,schools?,-
1173,What,had,some,ladies,thought,about,while,buying,these,prints?,+
1175,Who,should,a,lot,of,glasses,upset,without,hurting,Homer?,-
1177,What,has,Paul,biked,to,after,thinking,about,some,museum?,+
1179,Who,did,all,pants,astound,without,irritating,many,pedestrians?,-
1181,What,might,every,actress,lift,before,appreciating,a,book?,+
1183,Who,is,Ellen,healing,after,hurting,Gregory?,-
1185,Who,would,this,guest,impress,without,approaching,the,women?,+
1187,Who,is,the,waitress,watching,without,discovering,Joel?,-
1189,Who,was,Daniel,hurting,while,admiring,every,senator?,+
1191,Who,has,Jodi,criticized,after,hiding,Paula?,-
1193,What,had,Ronald,driven,to,while,concealing,art,galleries?,+
1195,Who,would,some,newspaper,article,disagree,with,without,stunning,Stacey?,-
1197,Who,was,Sandra,leaving,while,discussing,Lisa?,+
1199,Who,was,every,school,firing,before,boasting,about,Steve?,-
1201,Who,were,some,pedestrians,observing,before,describing,those,guests?,+
1203,What,had,every,sketch,resembled,before,looking,like,some,sketch?,-
1205,Who,was,the,person,bothering,before,observing,Helen?,+
1207,Who,had,this,book,astounded,without,distracting,Beth?,-
1209,Who,was,every,adult,visiting,while,disgusting,Monica?,+
1211,What,had,Alan,messed,up,while,discussing,this,school?,-
1213,Who,should,Stephanie,praise,after,talking,to,the,drivers?,+
1215,What,has,Elizabeth,arrived,at,after,buying,some,river?,-
1217,Who,has,Bill,appreciated,while,disturbing,Richard?,+
1219,What,was,Richard,touring,after,stunning,Harvard,University?,-
1221,Who,had,many,people,healed,while,working,with,April?,+
1223,Who,has,Lori,hugged,without,visiting,Keith?,-
1225,What,did,that,student,descend,after,revealing,these,ladders?,+
1227,Who,should,this,doctor,respect,after,worrying,Lissa?,-
1229,Who,has,the,waitress,listened,to,before,appreciating,Edward?,+
1231,Who,did,Pamela,escape,from,while,working,with,Claire?,-
1233,Who,has,Kathleen,fled,from,after,observing,Phillip?,+
1235,Who,had,the,teenagers,talked,about,before,concealing,Rodney?,-
1237,Who,is,Gerald,attacking,without,arguing,about,Wendy?,+
1239,What,has,Regina,boycotted,before,finding,every,glacier?,-
1241,Who,has,Douglas,disgusted,after,aggravating,Wayne?,+
1243,Who,had,most,pedestrians,revealed,without,visiting,a,boy?,-
1245,Who,are,a,lot,of,museums,hiring,before,disgusting,Ann?,+
1247,Who,has,Beverly,cared,for,without,attacking,Steven?,-
1249,Who,is,Sonia,hugging,after,visiting,Noah?,+
1251,Who,could,Bethany,describe,after,approaching,Jerry?,-
1253,Who,could,some,essay,worry,while,impressing,Lori?,+
1255,Who,has,Carol,fired,while,appreciating,Steven?,-
1257,Who,can,Sherry,flee,from,while,kissing,Rose?,+
1259,What,are,a,lot,of,sketches,looking,like,while,looking,like,reports?,-
1261,Who,has,Cheryl,forgotten,while,questioning,Timothy?,+
1263,What,is,Donna,wearing,before,taking,the,shirts?,-
1265,What,has,Irene,cleaned,without,fleeing,from,the,movie,theater?,+
1267,What,is,every,waitress,cleaning,while,cleaning,that,restaurant?,-
1269,What,had,Florence,ascended,after,climbing,down,the,steps?,+
1271,What,had,Tracy,boycotted,without,skated,around,most,cafes?,-
1273,Who,does,a,child,hide,without,complaining,about,Dawn?,+
1275,Who,has,Tiffany,forgotten,after,criticizing,that,guy?,-
1277,What,had,Veronica,examined,after,arguing,about,all,essays?,+
1279,Who,is,Denise,noticing,without,appreciating,Suzanne?,-
1281,What,had,that,fish,looked,like,after,looking,like,those,drawings?,+
1283,Who,had,Ella,fled,from,while,attacking,Kirsten?,-
1285,What,might,some,drivers,buy,before,healing,a,lot,of,snakes?,+
1287,What,is,Chad,ascending,while,admiring,the,steps?,-
1289,What,had,Caroline,examined,while,concealing,the,documentaries?,+
1291,What,have,a,lot,of,drivers,brought,before,admiring,the,dogs?,-
1293,What,was,Kayla,taking,after,admiring,the,dress?,+
1295,Who,could,Allison,shock,while,embarrassing,Florence?,-
1297,Who,had,Mitchell,shocked,before,revealing,Ruth?,+
1299,Who,can,Heather,talk,about,while,watching,Lissa?,-
1301,What,was,Stacy,dropping,by,while,lifting,many,movie,theaters?,+
1303,Who,will,Raymond,kiss,after,firing,Craig?,-
1305,Who,have,a,lot,of,men,attacked,before,referencing,Patricia?,+
1307,Who,should,Helen,see,before,attacking,Erin?,-
1309,Who,is,Stephanie,curing,before,observing,Elaine?,+
1311,Who,was,Valerie,boring,while,boring,Victoria?,-
1313,Who,has,Teresa,referenced,while,insulting,all,dancers?,+
1315,What,had,Lissa,skated,around,while,scaring,the,hospitals?,-
1317,What,did,some,dancer,remember,before,insulting,most,plays?,+
1319,What,had,Andrew,described,while,exploring,that,restaurant?,-
1321,Who,is,Eric,curing,while,approaching,Larry?,+
1323,Who,does,Larry,conceal,after,curing,Kendra?,-
1325,Who,is,Tracy,revealing,after,bothering,Angela?,+
1327,What,had,a,lot,of,doctors,messed,up,while,arriving,at,schools?,-
1329,Who,can,Tiffany,return,to,while,talking,to,Martha?,+
1331,What,had,Tamara,gone,to,before,lifting,most,malls?,-
1333,Who,was,George,admiring,after,leaving,Noah?,+
1335,Who,might,Jesus,work,with,before,discovering,Robert?,-
1337,Who,was,Patricia,kissing,while,concealing,Edward?,+
1339,Who,has,Jessica,boasted,about,while,approaching,Lucille?,-
1341,Who,is,Sonia,concealing,before,annoying,Katherine?,+
1343,What,will,Alan,bring,before,discussing,the,river?,-
1345,Who,does,Tina,reveal,while,noticing,the,boys?,+
1347,Who,had,some,people,concealed,after,observing,Caroline?,-
1349,What,did,Anne,break,before,taking,unicycles?,+
1351,Who,might,Karla,dislike,while,noticing,Jeffrey?,-
1353,Who,is,Tanya,impressing,while,hugging,Brett?,+
1355,What,could,Omar,go,to,while,finding,this,glacier?,-
1357,Who,had,Kristin,cared,for,after,escaping,from,these,children?,+
1359,Who,had,Theodore,described,without,astounding,Russell?,-
1361,Who,had,Vanessa,talked,to,before,investigating,these,teenagers?,+
1363,Who,had,Curtis,listened,to,while,disturbing,Jessica?,-
1365,What,had,Ronald,sold,without,discovering,the,rugs?,+
1367,What,is,Samantha,skated,around,without,insulting,that,closet?,-
1369,Who,could,these,cars,impress,without,disgusting,Andrew?,+
1371,Who,have,the,teachers,investigated,before,revealing,Guy?,-
1373,What,had,Frank,messed,up,while,distracting,the,museum?,+
1375,What,have,most,banks,resembled,before,admiring,that,picture?,-
1377,Who,had,Pamela,healed,without,approaching,Sabrina?,+
1379,Who,had,most,boys,escaped,from,without,boring,Bill?,-
1381,Who,has,Kristin,distracted,while,boasting,about,Winston,Churchill?,+
1383,Who,was,Connie,praising,after,stunning,a,lady?,-
1385,Who,had,Linda,criticized,without,irritating,Christina?,+
1387,Who,could,Sandra,fire,after,listening,to,Gina?,-
1389,Who,were,these,public,parks,scaring,while,upsetting,most,customers?,+
1391,What,is,Sonia,discovering,before,hiding,photographs?,-
1393,Who,had,a,lot,of,students,questioned,before,praising,Connie?,+
1395,Who,is,Dennis,healing,after,boasting,about,Lori?,-
1397,Who,can,Amy,conceal,without,questioning,many,waitresses?,+
1399,Who,was,Brett,worrying,without,firing,Peter?,-
1401,What,has,Eric,forgotten,while,praising,every,movie?,+
1403,What,does,Lissa,heal,before,taking,all,turtles?,-
1405,Who,did,Patricia,praise,without,hurting,the,Borgias?,+
1407,What,will,Sara,exit,before,running,around,every,school?,-
1409,Who,has,every,fork,annoyed,while,bothering,Anne?,+
1411,Who,has,Harvard,University,criticized,before,listening,to,the,adults?,-
1413,Who,had,Caroline,bothered,without,complaining,about,Jerry?,+
1415,Who,will,a,lot,of,associations,work,with,without,insulting,Suzanne?,-
1417,Who,had,Margaret,investigated,before,describing,Julia?,+
1419,What,is,Patrick,selling,without,selling,this,vase?,-
1421,Who,had,Rebecca,shocked,while,arguing,about,Lori?,+
1423,What,has,Janet,biked,to,after,fleeing,from,a,library?,-
1425,Who,are,those,guys,kissing,before,bothering,Candice?,+
1427,What,was,Brad,examining,while,concealing,stories?,-
1429,Who,is,Patrick,boasting,about,without,complaining,about,Angela?,+
1431,What,has,Bethany,sold,without,messing,up,glasses?,-
1433,Who,had,Jeffrey,criticized,after,concealing,Angela?,+
1435,Who,had,Natalie,discussed,before,attacking,Kenneth?,-
1437,Who,is,Claire,firing,without,boasting,about,Irene?,+
1439,Who,has,Tracy,left,before,praising,Lori?,-
1441,Who,would,this,man,discover,without,describing,a,lot,of,waiters?,+
1443,Who,has,Laurie,hired,without,distracting,Sherry?,-
1445,Who,was,James,watching,before,disturbing,some,waiter?,+
1447,What,can,Jennifer,like,without,bringing,some,books?,-
1449,What,should,Theodore,explore,while,scaring,some,museums?,+
1451,What,was,Kristin,dropping,by,while,revealing,libraries?,-
1453,What,had,Cindy,driven,to,after,skated,around,every,river?,+
1455,Who,would,Phillip,fire,without,referencing,Patricia?,-
1457,Who,has,Sara,questioned,before,revealing,the,adult?,+
1459,What,was,Emily,buying,after,lifting,this,sock?,-
1461,Who,could,rugs,bother,after,shocking,Natalie?,+
1463,Who,might,Gregory,respect,without,criticizing,Travis?,-
1465,Who,might,every,guy,like,before,attacking,Pamela?,+
1467,Who,is,Diana,healing,before,complaining,about,Connie?,-
1469,Who,was,every,rug,boring,before,confusing,Rachel?,+
1471,Who,is,Clyde,insulting,while,stunning,Elaine?,-
1473,Who,were,some,pedestrians,fleeing,from,before,curing,Sally?,+
1475,What,will,Eva,dislike,while,skated,around,a,lot,of,libraries?,-
1477,What,would,Andrew,explore,before,thinking,about,some,restaurant?,+
1479,Who,had,Denise,sounded,like,after,referencing,most,girls?,-
1481,What,has,Meredith,ascended,while,climbing,up,a,lot,of,stairs?,+
1483,Who,can,all,movies,bother,without,shocking,Regina?,-
1485,Who,was,Tiffany,praising,without,worrying,Samuel?,+
1487,Who,had,this,company,referenced,before,embarrassing,Angela?,-
1489,Who,have,the,associations,stunned,while,embarrassing,Bill?,+
1491,Who,is,Florence,attacking,while,distracting,Laura?,-
1493,What,have,those,guests,gone,to,without,touring,some,movie,theaters?,+
1495,What,will,Martin,buy,after,lifting,that,spinach?,-
1497,Who,will,Gerald,help,without,alarming,Allison?,+
1499,Who,was,this,screen,aggravating,before,aggravating,Leslie?,-
1501,What,had,Ruth,walked,through,without,cleaning,many,college,campuses?,+
1503,What,has,Grace,skated,around,after,criticizing,that,glacier?,-
1505,What,had,Travis,arrived,at,after,discussing,many,cafes?,+
1507,Who,have,most,ladies,insulted,before,describing,Cheryl?,-
1509,What,does,Beth,scan,without,discussing,the,newspaper,article?,+
1511,What,has,Tracy,biked,to,while,lifting,libraries?,-
1513,What,does,Bethany,exit,while,describing,hills?,+
1515,What,had,Rebecca,cleaned,after,bringing,this,fork?,-
1517,What,was,Nicole,discovering,before,finding,this,beef?,+
1519,Who,might,Benjamin,alarm,before,listening,to,Paul?,-
1521,Who,would,Patricia,confuse,while,noticing,Judy?,+
1523,What,had,the,cashiers,healed,after,discovering,many,cats?,-
1525,What,can,Jerry,walk,through,while,biking,to,those,mountains?,+
1527,Who,had,those,college,campuses,annoyed,while,irritating,Denise?,-
1529,What,have,the,waitresses,scanned,before,thinking,about,essays?,+
1531,What,had,Sara,healed,before,noticing,some,rabbits?,-
1533,What,can,that,patient,clean,after,leaving,some,high,school?,+
1535,Who,is,Dana,shocking,after,thinking,about,many,women?,-
1537,Who,did,most,committees,aggravate,while,distracting,that,doctor?,+
1539,What,was,Scott,concealing,without,examining,those,plays?,-
1541,Who,was,a,wheelbarrow,disturbing,after,impressing,Ann?,+
1543,Who,was,Natalie,disturbing,before,questioning,a,teenager?,-
1545,What,has,Martha,resembled,before,thinking,about,some,photograph?,+
1547,Who,might,Jacqueline,care,for,after,upsetting,Craig?,-
1549,Who,was,Steve,concealing,after,astounding,a,man?,+
1551,What,had,Marie,bought,without,noticing,some,cake?,-
1553,Who,was,Gregory,discovering,without,appreciating,Becca?,+
1555,Who,had,Brett,criticized,before,criticizing,Andrew?,-
1557,Who,should,Brian,hire,after,thinking,about,many,waitresses?,+
1559,What,has,Rebecca,walked,through,after,selling,most,movie,theaters?,-
1561,Who,had,Naomi,criticized,before,boasting,about,some,guy?,+
1563,Who,was,Diane,leaving,before,hugging,Chad?,-
1565,Who,can,April,help,without,confusing,many,patients?,+
1567,Who,did,most,cups,bother,without,stunning,a,lot,of,guests?,-
1569,Who,has,Brian,boasted,about,without,scaring,Patrick?,+
1571,What,did,Victoria,heal,without,healing,dogs?,-
1573,What,had,Julia,driven,to,without,talking,about,high,schools?,+
1575,Who,is,Cynthia,boasting,about,without,discovering,Irene?,-
1577,Who,had,the,driver,revealed,after,distracting,Claire?,+
1579,Who,might,Heather,leave,without,noticing,Christopher?,-
1581,Who,might,a,dancer,respect,before,annoying,Theresa?,+
1583,Who,was,Caroline,referencing,while,talking,about,Sandra?,-
1585,What,is,Claire,going,to,while,aggravating,those,schools?,+
1587,Who,was,Paula,leaving,before,embarrassing,Frank?,-
1589,Who,have,the,patients,healed,while,thinking,about,Roger?,+
1591,What,has,Denise,ascended,before,finding,some,slope?,-
1593,Who,was,this,newspaper,article,astounding,before,hurting,Robert?,+
1595,Who,were,all,pedestrians,hugging,after,aggravating,most,actors?,-
1597,Who,had,Vanessa,aggravated,before,aggravating,Vincent?,+
1599,Who,has,some,fish,astounded,before,shocking,William?,-
1601,Who,could,Denise,watch,after,insulting,Dan?,+
1603,Who,could,some,girl,investigate,without,concealing,Larry?,-
1605,Who,should,the,bread,irritate,before,upsetting,Sherry?,+
1607,Who,did,Gary,boast,about,after,watching,Joel?,-
1609,Who,will,that,screen,annoy,after,scaring,some,drivers?,+
1611,Who,can,Caroline,annoy,without,describing,Laura?,-
1613,What,is,Paul,arriving,at,after,biking,to,a,public,park?,+
1615,Who,can,James,sound,like,before,hiring,Anna?,-
1617,What,can,Susan,insult,without,admiring,the,libraries?,+
1619,Who,is,Liam,curing,without,impressing,Marcus?,-
1621,What,was,Stephanie,wearing,while,taking,those,coats?,+
1623,Who,was,James,escaping,from,before,healing,Valerie?,-
1625,Who,would,the,organizations,dislike,without,hurting,Jessica?,+
1627,What,is,Carrie,admiring,without,finding,every,mushroom?,-
1629,What,might,Kirsten,explore,while,cleaning,those,cafes?,+
1631,Who,was,Elizabeth,irritating,without,impressing,Frank?,-
1633,Who,might,this,man,return,to,after,finding,Jesus?,+
1635,What,was,Candice,buying,after,selling,some,cat?,-
1637,What,is,the,actor,arriving,at,without,visiting,those,cafes?,+
1639,What,did,Michelle,lift,before,selling,many,vases?,-
1641,Who,had,Angela,bothered,while,scaring,the,driver?,+
1643,Who,was,Craig,boring,without,alarming,Anne?,-
1645,Who,was,Naomi,referencing,while,fleeing,from,Brenda?,+
1647,What,has,a,bicycle,disturbed,while,irritating,a,lot,of,schools?,-
1649,Who,was,Thomas,arguing,about,after,disgusting,Stephen?,+
1651,What,had,Karen,found,after,appreciating,those,malls?,-
1653,What,did,Bradley,mess,up,while,cleaning,that,college,campus?,+
1655,What,is,Sheila,exiting,after,talking,about,all,schools?,-
1657,Who,would,a,play,embarrass,without,aggravating,Diane?,+
1659,What,was,the,waitress,passing,without,stunning,all,museums?,-
1661,Who,does,Jesus,criticize,after,criticizing,Ellen?,+
1663,Who,had,Matt,remembered,after,shocking,Jason?,-
1665,Who,have,all,teachers,annoyed,before,leaving,Mark?,+
1667,Who,can,Jill,visit,while,concealing,Janice?,-
1669,Who,did,some,water,bother,without,shocking,every,guy?,+
1671,What,would,some,guys,lift,before,finding,most,eyes?,-
1673,Who,had,Monet,bothered,after,finding,Lucille?,+
1675,Who,would,Edward,discover,before,upsetting,Craig?,-
1677,What,had,Jennifer,taken,without,thinking,about,some,shawl?,+
1679,Who,should,a,lot,of,actors,see,before,annoying,Larry?,-
1681,Who,was,Julia,disturbing,without,healing,many,teachers?,+
1683,Who,has,Elaine,bored,without,irritating,Christina?,-
1685,Who,could,all,teenagers,kiss,while,impressing,Deborah?,+
1687,Who,might,Curtis,like,before,questioning,Amanda?,-
1689,What,has,April,left,without,thinking,about,every,mountain?,+
1691,Who,has,Rodney,confused,without,working,with,Larry?,-
1693,What,could,the,actresses,flee,from,without,finding,that,closet?,+
1695,Who,did,Roger,appreciate,without,questioning,Chad?,-
1697,Who,does,every,glacier,bore,before,irritating,David?,+
1699,Who,has,Tina,helped,before,distracting,Andrea?,-
1701,What,had,Kayla,dropped,by,without,cleaning,all,schools?,+
1703,Who,can,Melissa,sound,like,before,watching,Donald?,-
1705,Who,is,Claire,investigating,after,irritating,Carol?,+
1707,Who,had,those,guys,disliked,before,praising,Ronald?,-
1709,Who,has,Frank,impressed,without,embarrassing,Carolyn?,+
1711,What,can,Tiffany,break,while,fixing,every,glass?,-
1713,Who,has,Andrea,observed,while,hugging,Emily?,+
1715,What,has,Jesus,discovered,while,boasting,about,current,events?,-
1717,Who,had,Margaret,hugged,while,hurting,Christopher?,+
1719,Who,is,Colleen,watching,without,approaching,Allison?,-
1721,Who,will,Tamara,boast,about,without,disturbing,Karla?,+
1723,Who,is,Rose,annoying,before,boasting,about,Gerald?,-
1725,What,was,Carl,breaking,before,cleaning,the,plates?,+
1727,Who,has,Sonia,referenced,after,observing,Curtis?,-
1729,Who,had,that,doctor,concealed,before,attacking,Holly?,+
1731,What,will,Kirsten,lift,without,bringing,most,horses?,-
1733,What,can,Judy,ascend,without,selling,these,steps?,+
1735,Who,could,some,lake,disgust,before,worrying,Sherry?,-
1737,Who,has,Naomi,bothered,while,working,with,Paula?,+
1739,What,had,Carolyn,taken,after,discovering,the,carriages?,-
1741,Who,have,some,actors,talked,about,before,hiring,Michael?,+
1743,Who,has,Roger,loved,after,discovering,Noah?,-
1745,Who,is,Barbara,arguing,about,without,investigating,the,women?,+
1747,What,has,Laura,broken,while,fixing,a,couch?,-
1749,What,had,Kevin,fled,from,before,annoying,most,schools?,+
1751,Who,might,some,committees,annoy,without,boring,this,senator?,-
1753,Who,should,every,art,gallery,worry,without,irritating,Danielle?,+
1755,Who,would,Monet,aggravate,while,investigating,Renee?,-
1757,What,is,Aaron,discovering,while,thinking,about,many,rugs?,+
1759,Who,has,Kevin,talked,about,before,returning,to,the,actress?,-
1761,What,has,Beverly,exited,while,cleaning,most,movie,theaters?,+
1763,What,are,the,dancers,going,to,after,questioning,these,banks?,-
1765,Who,would,Ronald,like,without,referencing,Amelia?,+
1767,Who,is,Nina,hiring,after,astounding,Rose?,-
1769,Who,can,Ronald,dislike,without,hiding,Karla?,+
1771,What,is,Noah,walking,through,after,climbing,down,this,mountain?,-
1773,Who,could,Jerry,hate,before,approaching,Vanessa?,+
1775,Who,might,Kimberley,return,to,before,returning,to,most,pedestrians?,-
1777,Who,had,Nancy,praised,while,hiding,Phillip?,+
1779,What,has,Candice,disturbed,before,impressing,these,organizations?,-
1781,What,had,Laurie,fixed,while,taking,a,bike?,+
1783,What,had,Anne,concealed,without,taking,some,tomato?,-
1785,Who,will,guys,think,about,after,praising,Raymond?,+
1787,Who,was,Denise,thinking,about,without,boasting,about,Tammy?,-
1789,Who,was,Eric,approaching,without,listening,to,Susan?,+
1791,Who,does,Larry,respect,before,criticizing,Jill?,-
1793,Who,was,Ronald,working,with,while,attacking,Diana?,+
1795,Who,had,these,documentaries,distracted,before,distracting,Cynthia?,-
1797,What,does,Noah,sell,after,wearing,most,sweaters?,+
1799,What,are,a,lot,of,actors,walking,through,before,leaving,every,grocery,store?,-
1801,Who,has,Melinda,admired,before,insulting,many,teenagers?,+
1803,Who,is,a,legislature,astounding,without,appreciating,Nicole?,-
1805,Who,might,spinach,hurt,while,distracting,the,Lutherans?,+
1807,Who,is,Bill,criticizing,while,impressing,Dan?,-
1809,What,is,Sharon,returning,to,while,talking,about,lakes?,+
1811,Who,will,Karen,flee,from,after,appreciating,Holly?,-
1813,Who,was,Aaron,insulting,while,thinking,about,Barbara?,+
1815,Who,will,Jill,heal,while,describing,Joseph?,-
1817,What,will,Tracy,pass,before,describing,a,lot,of,hospitals?,+
1819,Who,has,Homer,hated,while,concealing,Brad?,-
1821,What,is,Christopher,messing,up,without,aggravating,every,library?,+
1823,What,had,this,girl,messed,up,while,taking,the,library?,-
1825,Who,had,Pamela,returned,to,while,discovering,Kathleen?,+
1827,What,is,Ronald,scanning,after,criticizing,the,movie?,-
1829,Who,are,some,waitresses,observing,after,approaching,Dennis?,+
1831,Who,had,that,teacher,escaped,from,before,healing,Irene?,-
1833,What,did,Sheila,explore,without,talking,about,some,hills?,+
1835,What,did,Ellen,lift,before,bringing,that,hamster?,-
1837,What,has,Melissa,noticed,before,hiding,that,pasta?,+
1839,Who,do,the,schools,confuse,before,working,with,some,driver?,-
1841,Who,was,Jill,complaining,about,without,describing,Nancy?,+
1843,Who,might,Edward,investigate,after,referencing,Marla?,-
1845,What,would,Sally,bike,to,before,upsetting,a,hospital?,+
1847,Who,are,a,lot,of,universities,insulting,without,scaring,Raymond?,-
1849,What,had,that,lady,sold,after,breaking,this,fork?,+
1851,Who,had,Mary,disturbed,before,distracting,Denise?,-
1853,What,did,many,pictures,look,like,after,looking,like,a,book?,+
1855,What,has,John,sold,while,admiring,a,lot,of,dogs?,-
1857,Who,was,Joel,distracting,without,disgusting,Catherine?,+
1859,Who,had,Ann,remembered,after,listening,to,every,pedestrian?,-
1861,Who,had,this,waitress,approached,while,discovering,Melissa?,+
1863,Who,had,all,students,talked,about,before,scaring,Kayla?,-
1865,Who,is,Melissa,scaring,before,distracting,Carl?,+
1867,Who,had,Andrew,cared,for,while,confusing,Leslie?,-
1869,Who,does,Heather,know,while,referencing,Guy?,+
1871,Who,might,Mark,respect,while,bothering,Naomi?,-
1873,What,did,Raymond,skate,around,without,describing,the,closet?,+
1875,What,did,Liam,see,before,running,around,this,library?,-
1877,What,should,all,women,examine,after,thinking,about,many,documentaries?,+
1879,Who,was,William,describing,without,distracting,Melissa?,-
1881,Who,were,all,people,concealing,without,complaining,about,Walter?,+
1883,What,will,Adam,exit,after,talking,about,some,bank?,-
1885,What,had,Natalie,bought,before,talking,about,that,mountain?,+
1887,What,was,Mark,finding,after,healing,the,dog?,-
1889,What,has,Adam,noticed,after,buying,some,horses?,+
1891,Who,has,a,spotlight,hurt,without,shocking,all,teachers?,-
1893,What,was,every,actress,ascending,without,lifting,many,steps?,+
1895,Who,does,Gina,see,while,discussing,Carrie?,-
1897,Who,can,Kayla,escape,from,before,noticing,Irene?,+
1899,What,had,Michael,dropped,by,without,cleaning,all,public,parks?,-
1901,Who,has,a,wheelbarrow,bothered,before,annoying,all,girls?,+
1903,What,had,Julie,driven,to,without,escaping,from,every,college,campus?,-
1905,What,had,Dennis,explored,before,driving,to,this,school?,+
1907,Who,had,Denise,loved,after,boasting,about,Christina?,-
1909,What,have,these,cashiers,bought,without,admiring,the,sketch?,+
1911,What,had,every,fork,looked,like,after,looking,like,most,paintings?,-
1913,What,did,Matt,wear,while,messing,up,many,pants?,+
1915,What,had,Scott,boycotted,while,shocking,a,government?,-
1917,What,might,Natalie,scan,before,discovering,a,documentary?,+
1919,Who,might,Heidi,care,for,without,fleeing,from,Emily?,-
1921,Who,had,Lucille,approached,while,boasting,about,Deborah?,+
1923,What,was,Kevin,running,around,after,returning,to,that,public,park?,-
1925,Who,has,that,print,looked,like,before,embarrassing,some,man?,+
1927,Who,might,Colleen,find,while,revealing,a,lot,of,people?,-
1929,What,have,the,boys,worn,without,hiding,the,shoes?,+
1931,What,has,Sarah,walked,through,while,hiding,this,restaurant?,-
1933,What,will,Catherine,clean,while,criticizing,hospitals?,+
1935,Who,could,a,lot,of,students,complain,about,after,fleeing,from,the,Clintons?,-
1937,Who,had,Kristin,respected,after,working,with,Stephen?,+
1939,Who,had,Rachelle,discovered,without,revealing,Sarah?,-
1941,Who,might,Patrick,leave,without,returning,to,Victoria?,+
1943,Who,will,Melissa,hug,while,talking,to,the,Impressionists?,-
1945,Who,were,most,students,leaving,without,shocking,Jerry?,+
1947,Who,can,this,book,scare,after,irritating,Stephen?,-
1949,Who,can,this,adult,respect,after,bothering,Christina?,+
1951,Who,was,some,chicken,worrying,after,embarrassing,Lori?,-
1953,Who,has,Jeffrey,hidden,while,hiring,Heidi?,+
1955,Who,are,a,lot,of,mushrooms,disturbing,while,astounding,Raymond?,-
1957,Who,was,Steven,listening,to,while,worrying,Paul?,+
1959,Who,could,this,child,like,before,questioning,some,ladies?,-
1961,What,was,Tammy,ascending,without,admiring,a,lot,of,slopes?,+
1963,Who,has,Kristin,returned,to,without,bothering,Caroline?,-
1965,Who,were,those,birds,boring,while,worrying,these,women?,+
1967,Who,had,Tracy,upset,before,describing,Anne?,-
1969,What,should,Eric,buy,after,thinking,about,this,face?,+
1971,Who,had,every,guest,approached,after,shocking,Marcus?,-
1973,Who,had,April,disturbed,without,revealing,Tamara?,+
1975,What,was,Kenneth,driving,to,before,thinking,about,museums?,-
1977,What,are,many,paintings,looking,like,while,looking,like,some,report?,+
1979,What,will,Nina,climb,up,before,selling,those,slopes?,-
1981,What,does,Sandra,criticize,without,skated,around,those,restaurants?,+
1983,Who,does,Naomi,talk,about,after,fleeing,from,Rachel?,-
1985,Who,was,Kathleen,returning,to,while,concealing,Tiffany?,+
1987,Who,did,a,lot,of,doctors,embarrass,without,referencing,Winston,Churchill?,-
1989,What,might,Ellen,walk,through,without,hiding,malls?,+
1991,Who,were,many,schools,scaring,after,praising,Patrick?,-
1993,Who,had,these,ladders,disturbed,after,disgusting,Margaret?,+
1995,Who,had,some,dancers,praised,while,observing,Douglas?,-
1997,Who,is,Kevin,appreciating,after,observing,most,drivers?,+
1999,What,is,Kirsten,examining,while,arguing,about,most,stories?,-
